client_id,nom_client,adresse_client,devis_id,date_devis,produit_id,nom_produit,quantité,prix_unitaire
667,Johnathan Erickson,"54552 Michele Port Apt. 363, West Melissa, NY 29863",54834,2023-12-20,74698,activity both,5,912.19
667,Johnathan Erickson,"54552 Michele Port Apt. 363, West Melissa, NY 29863",54834,2023-12-20,49358,west build,3,812.37
667,Johnathan Erickson,"54552 Michele Port Apt. 363, West Melissa, NY 29863",76841,2024-06-22,66829,indicate glass,2,655.22
667,Johnathan Erickson,"54552 Michele Port Apt. 363, West Melissa, NY 29863",76841,2024-06-22,12041,most easy,3,550.4
88839,Charles Kim,"50767 Gregory Views, Robertside, MN 86764",66558,2024-09-14,53539,radio develop,4,458.26
88839,Charles Kim,"50767 Gregory Views, Robertside, MN 86764",36736,2023-12-28,41078,break of,4,395.12
22856,Katherine Figueroa,"38805 William Station Suite 218, Allenfort, UT 12738",6045,2024-01-15,75590,fill condition,4,803.04
22856,Katherine Figueroa,"38805 William Station Suite 218, Allenfort, UT 12738",6045,2024-01-15,31238,church interest,1,54.88
22856,Katherine Figueroa,"38805 William Station Suite 218, Allenfort, UT 12738",6045,2024-01-15,49358,west build,1,812.37
22856,Katherine Figueroa,"38805 William Station Suite 218, Allenfort, UT 12738",75561,2024-03-28,37001,draw beyond,4,478.75
22856,Katherine Figueroa,"38805 William Station Suite 218, Allenfort, UT 12738",75561,2024-03-28,73670,government leg,5,838.01
82213,Mr. John Aguirre,"1427 Beltran Crossroad, East Krista, PR 45715",2130,2024-09-25,41230,church always,2,428.98
82213,Mr. John Aguirre,"1427 Beltran Crossroad, East Krista, PR 45715",25813,2023-12-08,4361,follow it,1,328.54
82213,Mr. John Aguirre,"1427 Beltran Crossroad, East Krista, PR 45715",25813,2023-12-08,66984,car data,5,115.17
25505,Elizabeth Jones,"USNS Allen, FPO AA 51031",49074,2024-10-19,35577,tough no,2,41.98
25505,Elizabeth Jones,"USNS Allen, FPO AA 51031",49074,2024-10-19,37001,draw beyond,4,478.75
25505,Elizabeth Jones,"USNS Allen, FPO AA 51031",75861,2024-10-06,53539,radio develop,5,458.26
74347,Stacy Stewart,"5683 Greer Shore, New Deborahland, MH 19326",44942,2024-08-02,70918,team clear,5,59.7
74347,Stacy Stewart,"5683 Greer Shore, New Deborahland, MH 19326",44942,2024-08-02,92810,citizen dream,5,876.79
74347,Stacy Stewart,"5683 Greer Shore, New Deborahland, MH 19326",48932,2024-10-11,75590,fill condition,2,803.04
74347,Stacy Stewart,"5683 Greer Shore, New Deborahland, MH 19326",24998,2024-04-27,27041,popular figure,1,483.9
74347,Stacy Stewart,"5683 Greer Shore, New Deborahland, MH 19326",24998,2024-04-27,44214,himself world,1,597.5
74347,Stacy Stewart,"5683 Greer Shore, New Deborahland, MH 19326",24998,2024-04-27,35577,tough no,4,41.98
44972,Joy Dalton,"263 Scott Mission Apt. 309, Parkerberg, ME 92912",60050,2024-08-28,74698,activity both,4,912.19
44972,Joy Dalton,"263 Scott Mission Apt. 309, Parkerberg, ME 92912",60050,2024-08-28,99467,entire clear,1,168.62
44972,Joy Dalton,"263 Scott Mission Apt. 309, Parkerberg, ME 92912",60050,2024-08-28,285,provide friend,4,162.6
26345,Samantha Hall,"14339 Martin Underpass, East Troyfort, NV 19044",33283,2024-05-17,38980,light together,2,757.42
26345,Samantha Hall,"14339 Martin Underpass, East Troyfort, NV 19044",17806,2024-03-12,87329,worker organization,3,990.26
26345,Samantha Hall,"14339 Martin Underpass, East Troyfort, NV 19044",17806,2024-03-12,48648,some onto,3,35.31
26345,Samantha Hall,"14339 Martin Underpass, East Troyfort, NV 19044",19955,2024-07-17,4361,follow it,2,328.54
12171,Tyler Sanders,"9431 Woods Hollow Apt. 990, Paulfurt, WA 18369",25049,2024-04-20,91362,training force,1,640.29
12171,Tyler Sanders,"9431 Woods Hollow Apt. 990, Paulfurt, WA 18369",25049,2024-04-20,285,provide friend,3,162.6
12171,Tyler Sanders,"9431 Woods Hollow Apt. 990, Paulfurt, WA 18369",25049,2024-04-20,75590,fill condition,4,803.04
12171,Tyler Sanders,"9431 Woods Hollow Apt. 990, Paulfurt, WA 18369",8063,2024-04-19,39680,wait phone,2,390.08
12171,Tyler Sanders,"9431 Woods Hollow Apt. 990, Paulfurt, WA 18369",8063,2024-04-19,70552,blood sister,1,901.46
12171,Tyler Sanders,"9431 Woods Hollow Apt. 990, Paulfurt, WA 18369",43243,2024-06-21,30480,area world,1,919.25
38755,Michelle Holloway,"357 Emily Port Apt. 896, Tracyfurt, NM 19991",51145,2024-02-11,37001,draw beyond,1,478.75
38755,Michelle Holloway,"357 Emily Port Apt. 896, Tracyfurt, NM 19991",24916,2023-11-27,95733,south interview,5,259.25
38755,Michelle Holloway,"357 Emily Port Apt. 896, Tracyfurt, NM 19991",24916,2023-11-27,59794,economic power,1,146.78
38755,Michelle Holloway,"357 Emily Port Apt. 896, Tracyfurt, NM 19991",24916,2023-11-27,53539,radio develop,4,458.26
34630,Charles Perez,"33147 Parker Expressway Apt. 626, Grayside, MO 14138",55659,2024-06-16,98054,if top,3,973.01
34630,Charles Perez,"33147 Parker Expressway Apt. 626, Grayside, MO 14138",55659,2024-06-16,10729,hotel degree,5,800.46
34630,Charles Perez,"33147 Parker Expressway Apt. 626, Grayside, MO 14138",7189,2024-04-14,13073,table after,4,92.97
34630,Charles Perez,"33147 Parker Expressway Apt. 626, Grayside, MO 14138",60505,2024-04-19,62070,firm it,4,709.83
22993,Robert Smith,"1388 Taylor Terrace Apt. 661, Ericaburgh, ND 43396",34266,2023-11-05,70552,blood sister,1,901.46
22993,Robert Smith,"1388 Taylor Terrace Apt. 661, Ericaburgh, ND 43396",34266,2023-11-05,13433,positive after,3,154.64
22993,Robert Smith,"1388 Taylor Terrace Apt. 661, Ericaburgh, ND 43396",34266,2023-11-05,4361,follow it,1,328.54
8323,Sarah Powell,"87008 Stephanie Plaza, Sullivanview, MT 41832",39049,2024-04-30,73670,government leg,5,838.01
12097,Jamie Eaton,"2440 Samantha Knoll Apt. 066, Lake Lauraberg, AL 20691",69551,2023-11-24,44518,build society,2,303.04
51251,Ryan Jones,"990 Juan Cove, Ruizside, AS 99808",56305,2024-01-04,58821,yard identify,1,399.75
51251,Ryan Jones,"990 Juan Cove, Ruizside, AS 99808",56305,2024-01-04,59794,economic power,2,146.78
51251,Ryan Jones,"990 Juan Cove, Ruizside, AS 99808",40717,2024-01-23,83028,impact reach,5,880.32
15879,Brandon Long,"332 Jessica Passage Apt. 419, Martinland, WI 14750",14388,2023-11-24,4459,admit measure,3,737.28
15879,Brandon Long,"332 Jessica Passage Apt. 419, Martinland, WI 14750",14388,2023-11-24,44214,himself world,2,597.5
4966,Brandy Kim,"86392 Rebecca Drive Suite 255, Lake Jenniferberg, NV 64642",75336,2024-07-19,92810,citizen dream,5,876.79
4966,Brandy Kim,"86392 Rebecca Drive Suite 255, Lake Jenniferberg, NV 64642",75336,2024-07-19,46813,avoid loss,4,58.75
53577,William Nichols,"872 Madeline Lock Suite 911, Charlesmouth, KY 42285",88083,2024-01-01,285,provide friend,2,162.6
53577,William Nichols,"872 Madeline Lock Suite 911, Charlesmouth, KY 42285",88083,2024-01-01,70552,blood sister,4,901.46
53577,William Nichols,"872 Madeline Lock Suite 911, Charlesmouth, KY 42285",88083,2024-01-01,25025,mouth key,4,575.89
62453,Erin Washington,"5357 Robert Trace, Lake Bradley, RI 19377",88549,2024-07-22,44518,build society,2,303.04
8944,Amber Woods,"63712 Ward Pike Suite 654, Carolside, MH 09532",73487,2023-12-24,4080,reach physical,2,879.22
8944,Amber Woods,"63712 Ward Pike Suite 654, Carolside, MH 09532",73487,2023-12-24,89010,state since,4,773.88
403,Samantha Hill,"6938 Johnson Flats Apt. 903, South Andrew, MN 37904",37951,2023-11-25,10729,hotel degree,4,800.46
403,Samantha Hill,"6938 Johnson Flats Apt. 903, South Andrew, MN 37904",37951,2023-11-25,89010,state since,1,773.88
403,Samantha Hill,"6938 Johnson Flats Apt. 903, South Andrew, MN 37904",37951,2023-11-25,70552,blood sister,4,901.46
403,Samantha Hill,"6938 Johnson Flats Apt. 903, South Andrew, MN 37904",28440,2023-11-01,79139,administration success,4,378.98
403,Samantha Hill,"6938 Johnson Flats Apt. 903, South Andrew, MN 37904",28440,2023-11-01,37001,draw beyond,2,478.75
44050,Sarah Cohen,"17983 Natalie Square Apt. 626, East Christychester, KS 74360",26231,2024-06-24,31238,church interest,2,54.88
28773,William Moore,"13391 Horn Turnpike, Lake Paige, TX 60168",71235,2023-11-13,13073,table after,4,92.97
28773,William Moore,"13391 Horn Turnpike, Lake Paige, TX 60168",20442,2024-02-04,25025,mouth key,1,575.89
28773,William Moore,"13391 Horn Turnpike, Lake Paige, TX 60168",20442,2024-02-04,20230,maintain finish,1,37.39
28773,William Moore,"13391 Horn Turnpike, Lake Paige, TX 60168",68127,2024-02-05,30630,share particularly,2,646.96
28773,William Moore,"13391 Horn Turnpike, Lake Paige, TX 60168",68127,2024-02-05,29397,level visit,2,346.42
28773,William Moore,"13391 Horn Turnpike, Lake Paige, TX 60168",68127,2024-02-05,91241,Republican police,2,442.29
68646,Mitchell Adkins,"8073 Holden Squares Apt. 523, West Jennifermouth, OK 61740",45618,2024-02-06,46813,avoid loss,1,58.75
68646,Mitchell Adkins,"8073 Holden Squares Apt. 523, West Jennifermouth, OK 61740",45618,2024-02-06,5537,why day,2,432.56
68646,Mitchell Adkins,"8073 Holden Squares Apt. 523, West Jennifermouth, OK 61740",45618,2024-02-06,39680,wait phone,2,390.08
68646,Mitchell Adkins,"8073 Holden Squares Apt. 523, West Jennifermouth, OK 61740",52408,2024-06-01,49358,west build,5,812.37
68646,Mitchell Adkins,"8073 Holden Squares Apt. 523, West Jennifermouth, OK 61740",52408,2024-06-01,99467,entire clear,5,168.62
68646,Mitchell Adkins,"8073 Holden Squares Apt. 523, West Jennifermouth, OK 61740",52408,2024-06-01,14861,social ahead,2,118.94
68646,Mitchell Adkins,"8073 Holden Squares Apt. 523, West Jennifermouth, OK 61740",41348,2023-11-17,13073,table after,5,92.97
68646,Mitchell Adkins,"8073 Holden Squares Apt. 523, West Jennifermouth, OK 61740",41348,2023-11-17,78574,pretty little,2,275.46
68208,Richard Quinn,"60559 Albert Valleys Suite 049, East Jonathanshire, TX 07817",33143,2024-01-06,37534,dark few,2,290.77
68208,Richard Quinn,"60559 Albert Valleys Suite 049, East Jonathanshire, TX 07817",33143,2024-01-06,1025,against return,5,307.44
71287,Madison Moody,"4762 Smith Ways Apt. 361, Stephenbury, MS 29442",68545,2024-02-14,52265,international watch,3,110.68
71287,Madison Moody,"4762 Smith Ways Apt. 361, Stephenbury, MS 29442",13818,2024-07-31,66829,indicate glass,2,655.22
71287,Madison Moody,"4762 Smith Ways Apt. 361, Stephenbury, MS 29442",13818,2024-07-31,5537,why day,5,432.56
48102,Steven Thompson,"09356 Mary Inlet, New Matthewborough, FM 15912",97128,2024-07-02,49358,west build,5,812.37
48102,Steven Thompson,"09356 Mary Inlet, New Matthewborough, FM 15912",46160,2023-12-23,35577,tough no,2,41.98
48102,Steven Thompson,"09356 Mary Inlet, New Matthewborough, FM 15912",46160,2023-12-23,75590,fill condition,4,803.04
48102,Steven Thompson,"09356 Mary Inlet, New Matthewborough, FM 15912",46160,2023-12-23,59794,economic power,2,146.78
48102,Steven Thompson,"09356 Mary Inlet, New Matthewborough, FM 15912",31384,2024-09-01,83277,west western,4,882.67
48102,Steven Thompson,"09356 Mary Inlet, New Matthewborough, FM 15912",31384,2024-09-01,44214,himself world,4,597.5
48102,Steven Thompson,"09356 Mary Inlet, New Matthewborough, FM 15912",31384,2024-09-01,29940,cause here,4,967.4
5377,Nathaniel Cook,"9334 Fletcher Islands Suite 765, East Triciatown, LA 64597",15929,2024-09-22,13073,table after,1,92.97
5377,Nathaniel Cook,"9334 Fletcher Islands Suite 765, East Triciatown, LA 64597",15929,2024-09-22,95733,south interview,4,259.25
5377,Nathaniel Cook,"9334 Fletcher Islands Suite 765, East Triciatown, LA 64597",1184,2023-12-17,25217,case full,2,221.27
5377,Nathaniel Cook,"9334 Fletcher Islands Suite 765, East Triciatown, LA 64597",1184,2023-12-17,3588,collection child,5,52.62
5377,Nathaniel Cook,"9334 Fletcher Islands Suite 765, East Triciatown, LA 64597",48698,2024-10-02,73670,government leg,2,838.01
5377,Nathaniel Cook,"9334 Fletcher Islands Suite 765, East Triciatown, LA 64597",48698,2024-10-02,62762,amount seat,1,379.34
30328,Jeffrey Wood,"5993 Raymond Junction, Tylermouth, LA 73663",18298,2024-08-13,97994,remain discussion,3,534.48
30328,Jeffrey Wood,"5993 Raymond Junction, Tylermouth, LA 73663",18298,2024-08-13,31737,pull idea,5,700.12
98291,Lisa Davidson,"USNS Pope, FPO AA 66193",90393,2024-03-03,91472,different state,2,513.47
98291,Lisa Davidson,"USNS Pope, FPO AA 66193",82376,2024-02-05,41078,break of,4,395.12
98291,Lisa Davidson,"USNS Pope, FPO AA 66193",82376,2024-02-05,98176,single similar,1,698.81
98291,Lisa Davidson,"USNS Pope, FPO AA 66193",40799,2024-10-03,44214,himself world,3,597.5
98291,Lisa Davidson,"USNS Pope, FPO AA 66193",40799,2024-10-03,57048,central finish,5,349.0
98291,Lisa Davidson,"USNS Pope, FPO AA 66193",40799,2024-10-03,285,provide friend,4,162.6
60436,Joy Walsh,"97064 Wolf Plains, Debrafort, ME 84522",61048,2024-07-15,89010,state since,1,773.88
60436,Joy Walsh,"97064 Wolf Plains, Debrafort, ME 84522",61048,2024-07-15,35740,fly catch,3,408.16
60436,Joy Walsh,"97064 Wolf Plains, Debrafort, ME 84522",26215,2024-09-25,4361,follow it,3,328.54
60436,Joy Walsh,"97064 Wolf Plains, Debrafort, ME 84522",26215,2024-09-25,91241,Republican police,1,442.29
60436,Joy Walsh,"97064 Wolf Plains, Debrafort, ME 84522",26215,2024-09-25,39707,record give,1,271.2
60436,Joy Walsh,"97064 Wolf Plains, Debrafort, ME 84522",4942,2024-09-09,31737,pull idea,5,700.12
88216,Brandon Hodges,"5626 Karen Burgs Suite 579, New Jessicashire, PA 83186",35734,2023-12-14,65859,however group,3,565.77
88216,Brandon Hodges,"5626 Karen Burgs Suite 579, New Jessicashire, PA 83186",69506,2023-11-29,73670,government leg,1,838.01
88216,Brandon Hodges,"5626 Karen Burgs Suite 579, New Jessicashire, PA 83186",69506,2023-11-29,44518,build society,4,303.04
49883,Keith Davis,"7249 Hammond Trace, South Emilyport, WA 52638",52138,2024-03-20,44214,himself world,4,597.5
49883,Keith Davis,"7249 Hammond Trace, South Emilyport, WA 52638",52138,2024-03-20,85138,same impact,3,638.88
49883,Keith Davis,"7249 Hammond Trace, South Emilyport, WA 52638",22688,2024-06-10,57048,central finish,4,349.0
49883,Keith Davis,"7249 Hammond Trace, South Emilyport, WA 52638",78550,2024-05-16,48648,some onto,3,35.31
49883,Keith Davis,"7249 Hammond Trace, South Emilyport, WA 52638",78550,2024-05-16,2235,senior work,5,871.17
49883,Keith Davis,"7249 Hammond Trace, South Emilyport, WA 52638",78550,2024-05-16,12041,most easy,2,550.4
33940,Christina Bush,"919 Stephens Manors, Tonychester, TN 37121",53530,2024-09-15,97994,remain discussion,2,534.48
34991,Cheryl Walters,"239 Kenneth Vista Apt. 747, Lake Hollybury, IN 42597",75779,2024-03-12,24491,friend senior,3,785.53
34991,Cheryl Walters,"239 Kenneth Vista Apt. 747, Lake Hollybury, IN 42597",69375,2024-03-08,35618,now suddenly,3,725.87
34991,Cheryl Walters,"239 Kenneth Vista Apt. 747, Lake Hollybury, IN 42597",69375,2024-03-08,35618,now suddenly,1,725.87
34991,Cheryl Walters,"239 Kenneth Vista Apt. 747, Lake Hollybury, IN 42597",69375,2024-03-08,70552,blood sister,5,901.46
74766,Steven Mullins,"08539 Gomez Roads, Kevinfort, HI 88259",7993,2023-11-07,66829,indicate glass,2,655.22
21382,Sarah Mcdonald,"219 Morgan Circle Apt. 167, Lake Christinaton, DC 41395",74670,2024-02-04,23419,represent which,5,615.92
21382,Sarah Mcdonald,"219 Morgan Circle Apt. 167, Lake Christinaton, DC 41395",74670,2024-02-04,30480,area world,3,919.25
21382,Sarah Mcdonald,"219 Morgan Circle Apt. 167, Lake Christinaton, DC 41395",45403,2024-05-21,84855,fund account,4,216.8
72928,Courtney Greene,"409 Doris Mall, Carlside, WV 69066",34363,2024-05-04,37001,draw beyond,5,478.75
72928,Courtney Greene,"409 Doris Mall, Carlside, WV 69066",34363,2024-05-04,31238,church interest,3,54.88
72928,Courtney Greene,"409 Doris Mall, Carlside, WV 69066",34363,2024-05-04,31737,pull idea,1,700.12
72928,Courtney Greene,"409 Doris Mall, Carlside, WV 69066",33908,2024-07-15,66984,car data,4,115.17
53073,Michael Collins,"19357 Donald Valleys Apt. 936, Harrisville, AL 19661",41087,2024-04-02,23419,represent which,5,615.92
53073,Michael Collins,"19357 Donald Valleys Apt. 936, Harrisville, AL 19661",41087,2024-04-02,5537,why day,4,432.56
59042,Rebecca Kim,"5194 Cooper Heights Suite 311, South Charlestown, AZ 32131",91333,2024-09-05,29397,level visit,3,346.42
46651,Mark Mcpherson,"956 Richards Point Apt. 752, East Patricia, IN 14707",43327,2024-07-30,91472,different state,2,513.47
46651,Mark Mcpherson,"956 Richards Point Apt. 752, East Patricia, IN 14707",43109,2024-01-02,87329,worker organization,3,990.26
46651,Mark Mcpherson,"956 Richards Point Apt. 752, East Patricia, IN 14707",43109,2024-01-02,12041,most easy,1,550.4
46651,Mark Mcpherson,"956 Richards Point Apt. 752, East Patricia, IN 14707",68768,2023-11-04,24491,friend senior,3,785.53
46651,Mark Mcpherson,"956 Richards Point Apt. 752, East Patricia, IN 14707",68768,2023-11-04,41078,break of,2,395.12
24122,Russell Mccullough,"91804 Silva Mission, Jonathanland, PW 71637",70739,2024-08-21,2235,senior work,1,871.17
24122,Russell Mccullough,"91804 Silva Mission, Jonathanland, PW 71637",70739,2024-08-21,37534,dark few,4,290.77
24122,Russell Mccullough,"91804 Silva Mission, Jonathanland, PW 71637",70739,2024-08-21,62070,firm it,4,709.83
24122,Russell Mccullough,"91804 Silva Mission, Jonathanland, PW 71637",50657,2024-05-09,59794,economic power,1,146.78
24122,Russell Mccullough,"91804 Silva Mission, Jonathanland, PW 71637",50657,2024-05-09,23504,may somebody,5,223.91
24122,Russell Mccullough,"91804 Silva Mission, Jonathanland, PW 71637",50657,2024-05-09,70166,let candidate,1,337.72
24122,Russell Mccullough,"91804 Silva Mission, Jonathanland, PW 71637",42594,2024-10-10,37001,draw beyond,1,478.75
24122,Russell Mccullough,"91804 Silva Mission, Jonathanland, PW 71637",42594,2024-10-10,59794,economic power,2,146.78
24122,Russell Mccullough,"91804 Silva Mission, Jonathanland, PW 71637",42594,2024-10-10,89010,state since,4,773.88
78713,Johnathan Dunn,"5256 Danny Expressway Suite 850, Jasonside, ME 51150",70648,2024-06-14,13433,positive after,5,154.64
8005,Antonio Hoffman,"76370 Melissa Light, East Josephside, MS 36840",68494,2024-10-11,99677,game test,4,780.7
8005,Antonio Hoffman,"76370 Melissa Light, East Josephside, MS 36840",90703,2024-01-12,99467,entire clear,3,168.62
8005,Antonio Hoffman,"76370 Melissa Light, East Josephside, MS 36840",90703,2024-01-12,38980,light together,5,757.42
8005,Antonio Hoffman,"76370 Melissa Light, East Josephside, MS 36840",90703,2024-01-12,66223,specific serious,2,763.48
8005,Antonio Hoffman,"76370 Melissa Light, East Josephside, MS 36840",81386,2024-04-26,66223,specific serious,1,763.48
8005,Antonio Hoffman,"76370 Melissa Light, East Josephside, MS 36840",81386,2024-04-26,95733,south interview,4,259.25
8005,Antonio Hoffman,"76370 Melissa Light, East Josephside, MS 36840",81386,2024-04-26,39707,record give,5,271.2
97121,Kathleen Joseph,"89897 David Parks, East Andre, MS 88973",3058,2023-11-15,83028,impact reach,5,880.32
97121,Kathleen Joseph,"89897 David Parks, East Andre, MS 88973",3058,2023-11-15,88584,law within,1,851.28
97121,Kathleen Joseph,"89897 David Parks, East Andre, MS 88973",71867,2024-04-15,285,provide friend,2,162.6
97121,Kathleen Joseph,"89897 David Parks, East Andre, MS 88973",71867,2024-04-15,70552,blood sister,1,901.46
97121,Kathleen Joseph,"89897 David Parks, East Andre, MS 88973",68236,2024-01-05,35618,now suddenly,2,725.87
97121,Kathleen Joseph,"89897 David Parks, East Andre, MS 88973",68236,2024-01-05,12041,most easy,2,550.4
97121,Kathleen Joseph,"89897 David Parks, East Andre, MS 88973",68236,2024-01-05,70166,let candidate,5,337.72
24234,Lee Roth,"52204 Reed Estate, Hoodtown, WI 57857",2158,2023-10-22,83277,west western,5,882.67
24234,Lee Roth,"52204 Reed Estate, Hoodtown, WI 57857",2158,2023-10-22,31238,church interest,1,54.88
24234,Lee Roth,"52204 Reed Estate, Hoodtown, WI 57857",2158,2023-10-22,31737,pull idea,2,700.12
82192,Holly Chandler,"312 Garrison Landing, Huntbury, NY 25560",53358,2023-10-31,53539,radio develop,1,458.26
82192,Holly Chandler,"312 Garrison Landing, Huntbury, NY 25560",53358,2023-10-31,48648,some onto,1,35.31
82192,Holly Chandler,"312 Garrison Landing, Huntbury, NY 25560",53358,2023-10-31,66986,stay away,4,171.66
82192,Holly Chandler,"312 Garrison Landing, Huntbury, NY 25560",81674,2024-04-26,99467,entire clear,5,168.62
82192,Holly Chandler,"312 Garrison Landing, Huntbury, NY 25560",81674,2024-04-26,31238,church interest,5,54.88
82192,Holly Chandler,"312 Garrison Landing, Huntbury, NY 25560",81674,2024-04-26,66829,indicate glass,4,655.22
82192,Holly Chandler,"312 Garrison Landing, Huntbury, NY 25560",34346,2024-01-27,49358,west build,2,812.37
82192,Holly Chandler,"312 Garrison Landing, Huntbury, NY 25560",34346,2024-01-27,12041,most easy,3,550.4
82192,Holly Chandler,"312 Garrison Landing, Huntbury, NY 25560",34346,2024-01-27,2649,themselves person,1,382.08
17994,Mark Cook,"USCGC Franklin, FPO AA 04482",32200,2024-03-10,67406,threat mission,2,181.57
17994,Mark Cook,"USCGC Franklin, FPO AA 04482",32200,2024-03-10,7628,call thought,5,671.06
17994,Mark Cook,"USCGC Franklin, FPO AA 04482",32200,2024-03-10,98176,single similar,2,698.81
96403,Michael Smith,"22416 Frederick Locks, Fuentesside, MO 30681",27828,2024-03-01,23419,represent which,5,615.92
96403,Michael Smith,"22416 Frederick Locks, Fuentesside, MO 30681",27828,2024-03-01,98176,single similar,5,698.81
46968,Robert Williamson,"317 Mikayla Squares Apt. 559, Bakerland, PA 00716",54609,2024-10-01,99467,entire clear,5,168.62
46968,Robert Williamson,"317 Mikayla Squares Apt. 559, Bakerland, PA 00716",54609,2024-10-01,99467,entire clear,2,168.62
46968,Robert Williamson,"317 Mikayla Squares Apt. 559, Bakerland, PA 00716",54609,2024-10-01,3436,he pattern,4,504.18
324,Michael Shepherd,"Unit 4986 Box 6052, DPO AP 11370",2943,2024-08-06,4361,follow it,3,328.54
324,Michael Shepherd,"Unit 4986 Box 6052, DPO AP 11370",2943,2024-08-06,20230,maintain finish,5,37.39
324,Michael Shepherd,"Unit 4986 Box 6052, DPO AP 11370",2943,2024-08-06,83028,impact reach,3,880.32
34191,James Clark,"45921 Kyle Forest Suite 539, Thomasside, WV 98559",99129,2024-03-07,7458,could tell,5,311.26
83230,Eric Gray,"39448 Tiffany Knoll, Thompsonmouth, WA 79938",81210,2024-02-20,62762,amount seat,1,379.34
83230,Eric Gray,"39448 Tiffany Knoll, Thompsonmouth, WA 79938",81210,2024-02-20,7628,call thought,1,671.06
83230,Eric Gray,"39448 Tiffany Knoll, Thompsonmouth, WA 79938",81210,2024-02-20,31737,pull idea,3,700.12
83230,Eric Gray,"39448 Tiffany Knoll, Thompsonmouth, WA 79938",75807,2024-02-05,57048,central finish,3,349.0
83230,Eric Gray,"39448 Tiffany Knoll, Thompsonmouth, WA 79938",14139,2023-11-08,70918,team clear,4,59.7
83230,Eric Gray,"39448 Tiffany Knoll, Thompsonmouth, WA 79938",14139,2023-11-08,35740,fly catch,3,408.16
83230,Eric Gray,"39448 Tiffany Knoll, Thompsonmouth, WA 79938",14139,2023-11-08,75590,fill condition,3,803.04
42882,Wendy Ortiz,"48951 Daniel Bypass, East Danielleborough, AS 99663",36145,2024-08-30,14861,social ahead,4,118.94
42882,Wendy Ortiz,"48951 Daniel Bypass, East Danielleborough, AS 99663",36513,2024-05-09,38980,light together,1,757.42
42882,Wendy Ortiz,"48951 Daniel Bypass, East Danielleborough, AS 99663",14363,2024-05-16,27041,popular figure,5,483.9
72325,Amanda Higgins,"299 Smith Oval, North Davidhaven, NM 10034",57632,2024-03-26,3588,collection child,3,52.62
72325,Amanda Higgins,"299 Smith Oval, North Davidhaven, NM 10034",57632,2024-03-26,39680,wait phone,2,390.08
72325,Amanda Higgins,"299 Smith Oval, North Davidhaven, NM 10034",57632,2024-03-26,20230,maintain finish,2,37.39
80032,David Garcia,"920 Shane Plains, Lake Latoya, SD 57054",37797,2024-08-03,10729,hotel degree,2,800.46
80032,David Garcia,"920 Shane Plains, Lake Latoya, SD 57054",37797,2024-08-03,62070,firm it,3,709.83
80032,David Garcia,"920 Shane Plains, Lake Latoya, SD 57054",37797,2024-08-03,35577,tough no,1,41.98
98214,Mariah Wilson,"4518 Gary Parks Suite 343, North Jennyhaven, WI 51027",15938,2024-09-03,91241,Republican police,3,442.29
98214,Mariah Wilson,"4518 Gary Parks Suite 343, North Jennyhaven, WI 51027",15938,2024-09-03,70166,let candidate,3,337.72
98214,Mariah Wilson,"4518 Gary Parks Suite 343, North Jennyhaven, WI 51027",95329,2024-03-21,74698,activity both,1,912.19
98214,Mariah Wilson,"4518 Gary Parks Suite 343, North Jennyhaven, WI 51027",95329,2024-03-21,66829,indicate glass,3,655.22
98214,Mariah Wilson,"4518 Gary Parks Suite 343, North Jennyhaven, WI 51027",95329,2024-03-21,52265,international watch,1,110.68
78698,Karen Gilbert,"5987 Jason Street, Holmesberg, NY 02331",37817,2024-04-07,62070,firm it,3,709.83
78698,Karen Gilbert,"5987 Jason Street, Holmesberg, NY 02331",37817,2024-04-07,4080,reach physical,4,879.22
78698,Karen Gilbert,"5987 Jason Street, Holmesberg, NY 02331",37817,2024-04-07,60947,front letter,1,793.46
78698,Karen Gilbert,"5987 Jason Street, Holmesberg, NY 02331",35327,2024-08-16,12041,most easy,2,550.4
78698,Karen Gilbert,"5987 Jason Street, Holmesberg, NY 02331",35327,2024-08-16,79139,administration success,1,378.98
78698,Karen Gilbert,"5987 Jason Street, Holmesberg, NY 02331",35327,2024-08-16,23419,represent which,2,615.92
32371,Wanda Moore MD,"727 Bryan Spring, South Frederick, UT 85852",80631,2024-06-05,89010,state since,1,773.88
32371,Wanda Moore MD,"727 Bryan Spring, South Frederick, UT 85852",80631,2024-06-05,53539,radio develop,5,458.26
32371,Wanda Moore MD,"727 Bryan Spring, South Frederick, UT 85852",80631,2024-06-05,9991,each edge,1,185.47
32371,Wanda Moore MD,"727 Bryan Spring, South Frederick, UT 85852",77975,2023-10-29,66223,specific serious,4,763.48
32371,Wanda Moore MD,"727 Bryan Spring, South Frederick, UT 85852",77975,2023-10-29,13073,table after,3,92.97
32371,Wanda Moore MD,"727 Bryan Spring, South Frederick, UT 85852",77975,2023-10-29,39680,wait phone,2,390.08
32371,Wanda Moore MD,"727 Bryan Spring, South Frederick, UT 85852",66098,2024-05-24,70552,blood sister,3,901.46
58141,Pamela West,"Unit 3228 Box 6384, DPO AA 46728",54689,2024-05-19,91472,different state,3,513.47
58141,Pamela West,"Unit 3228 Box 6384, DPO AA 46728",54689,2024-05-19,89010,state since,5,773.88
58141,Pamela West,"Unit 3228 Box 6384, DPO AA 46728",35110,2024-07-10,62335,man series,4,619.45
58141,Pamela West,"Unit 3228 Box 6384, DPO AA 46728",63869,2024-09-09,39680,wait phone,5,390.08
58141,Pamela West,"Unit 3228 Box 6384, DPO AA 46728",63869,2024-09-09,64717,together system,3,136.24
58141,Pamela West,"Unit 3228 Box 6384, DPO AA 46728",63869,2024-09-09,29397,level visit,3,346.42
94258,Shawn Pope,"90528 Dawn Shoal, Lake Colestad, HI 20675",12519,2024-09-03,83028,impact reach,1,880.32
94258,Shawn Pope,"90528 Dawn Shoal, Lake Colestad, HI 20675",12519,2024-09-03,25217,case full,4,221.27
94258,Shawn Pope,"90528 Dawn Shoal, Lake Colestad, HI 20675",12519,2024-09-03,46813,avoid loss,2,58.75
17810,John Young,"15489 Shea Mill Suite 168, Mitchelltown, GA 32438",82914,2023-11-23,38980,light together,1,757.42
17810,John Young,"15489 Shea Mill Suite 168, Mitchelltown, GA 32438",82914,2023-11-23,25217,case full,3,221.27
17810,John Young,"15489 Shea Mill Suite 168, Mitchelltown, GA 32438",82914,2023-11-23,46813,avoid loss,4,58.75
33744,Terry Merritt,"767 Bowman Dam, Lake Jenniferbury, GU 87955",60948,2024-03-17,13073,table after,3,92.97
33744,Terry Merritt,"767 Bowman Dam, Lake Jenniferbury, GU 87955",5809,2024-06-06,29940,cause here,1,967.4
33744,Terry Merritt,"767 Bowman Dam, Lake Jenniferbury, GU 87955",5809,2024-06-06,44214,himself world,5,597.5
33744,Terry Merritt,"767 Bowman Dam, Lake Jenniferbury, GU 87955",86501,2024-06-18,39680,wait phone,3,390.08
98389,Glenn Miller,"073 Vasquez Overpass, Lake Antonio, MI 74470",72114,2024-05-09,70166,let candidate,4,337.72
98389,Glenn Miller,"073 Vasquez Overpass, Lake Antonio, MI 74470",72114,2024-05-09,70918,team clear,5,59.7
98389,Glenn Miller,"073 Vasquez Overpass, Lake Antonio, MI 74470",72114,2024-05-09,4080,reach physical,3,879.22
98389,Glenn Miller,"073 Vasquez Overpass, Lake Antonio, MI 74470",79535,2024-05-03,38257,few trade,1,712.15
98389,Glenn Miller,"073 Vasquez Overpass, Lake Antonio, MI 74470",79535,2024-05-03,38257,few trade,4,712.15
98389,Glenn Miller,"073 Vasquez Overpass, Lake Antonio, MI 74470",1460,2023-11-30,27975,make site,4,254.19
98389,Glenn Miller,"073 Vasquez Overpass, Lake Antonio, MI 74470",1460,2023-11-30,84855,fund account,3,216.8
54299,Kayla Clark,"1014 Barber Bypass, Lake Alexandertown, IL 16096",8716,2024-03-30,52265,international watch,5,110.68
54299,Kayla Clark,"1014 Barber Bypass, Lake Alexandertown, IL 16096",8716,2024-03-30,25025,mouth key,2,575.89
54299,Kayla Clark,"1014 Barber Bypass, Lake Alexandertown, IL 16096",8716,2024-03-30,64717,together system,2,136.24
63516,Kevin Lane,"690 Anthony Junction Suite 840, Smithstad, TX 39938",34867,2024-02-24,62070,firm it,5,709.83
63516,Kevin Lane,"690 Anthony Junction Suite 840, Smithstad, TX 39938",34867,2024-02-24,91362,training force,1,640.29
63516,Kevin Lane,"690 Anthony Junction Suite 840, Smithstad, TX 39938",34867,2024-02-24,37534,dark few,3,290.77
63516,Kevin Lane,"690 Anthony Junction Suite 840, Smithstad, TX 39938",33997,2024-03-27,59794,economic power,2,146.78
63516,Kevin Lane,"690 Anthony Junction Suite 840, Smithstad, TX 39938",33997,2024-03-27,66984,car data,3,115.17
63516,Kevin Lane,"690 Anthony Junction Suite 840, Smithstad, TX 39938",33997,2024-03-27,34209,new family,5,339.87
58952,Stacey Hayes,"07736 Bruce Mountains, Johnburgh, VA 22465",14789,2024-05-20,92810,citizen dream,2,876.79
58952,Stacey Hayes,"07736 Bruce Mountains, Johnburgh, VA 22465",14789,2024-05-20,41078,break of,3,395.12
49917,Andrew Wilson,"4817 Cassandra Track, Leachshire, SD 36444",22419,2024-03-11,41230,church always,4,428.98
49917,Andrew Wilson,"4817 Cassandra Track, Leachshire, SD 36444",22419,2024-03-11,24491,friend senior,1,785.53
49917,Andrew Wilson,"4817 Cassandra Track, Leachshire, SD 36444",22419,2024-03-11,91362,training force,4,640.29
49917,Andrew Wilson,"4817 Cassandra Track, Leachshire, SD 36444",56985,2024-07-25,73670,government leg,5,838.01
9890,Mark Case,"77291 Shannon Gardens Suite 075, Mcdanielbury, NV 92281",47214,2024-04-14,70166,let candidate,2,337.72
9890,Mark Case,"77291 Shannon Gardens Suite 075, Mcdanielbury, NV 92281",9,2024-07-17,91241,Republican police,4,442.29
9890,Mark Case,"77291 Shannon Gardens Suite 075, Mcdanielbury, NV 92281",9,2024-07-17,91472,different state,1,513.47
51016,Rachel Mccoy,"12804 Haynes Loaf Apt. 218, Crystalberg, OH 18882",74313,2024-02-11,44518,build society,4,303.04
51016,Rachel Mccoy,"12804 Haynes Loaf Apt. 218, Crystalberg, OH 18882",74313,2024-02-11,99677,game test,4,780.7
51016,Rachel Mccoy,"12804 Haynes Loaf Apt. 218, Crystalberg, OH 18882",74313,2024-02-11,39707,record give,5,271.2
51016,Rachel Mccoy,"12804 Haynes Loaf Apt. 218, Crystalberg, OH 18882",75281,2024-03-01,67406,threat mission,3,181.57
51016,Rachel Mccoy,"12804 Haynes Loaf Apt. 218, Crystalberg, OH 18882",75281,2024-03-01,34209,new family,3,339.87
91531,Janice Perry,"3228 Blackwell Green, Seanside, NJ 12711",76600,2024-04-01,66986,stay away,3,171.66
91531,Janice Perry,"3228 Blackwell Green, Seanside, NJ 12711",76600,2024-04-01,44518,build society,2,303.04
91531,Janice Perry,"3228 Blackwell Green, Seanside, NJ 12711",76600,2024-04-01,39680,wait phone,2,390.08
91531,Janice Perry,"3228 Blackwell Green, Seanside, NJ 12711",36686,2024-04-13,52265,international watch,4,110.68
91531,Janice Perry,"3228 Blackwell Green, Seanside, NJ 12711",36686,2024-04-13,85138,same impact,1,638.88
27235,Kim Hayden,"6782 Reeves Extension Apt. 622, Brittneyfort, AL 91926",82182,2024-01-30,62762,amount seat,1,379.34
27235,Kim Hayden,"6782 Reeves Extension Apt. 622, Brittneyfort, AL 91926",82182,2024-01-30,39707,record give,4,271.2
10070,Justin Murray,"957 Cortez Spur Apt. 712, New Emily, DE 87978",52785,2024-03-05,87329,worker organization,2,990.26
10070,Justin Murray,"957 Cortez Spur Apt. 712, New Emily, DE 87978",67162,2024-05-23,30480,area world,5,919.25
10070,Justin Murray,"957 Cortez Spur Apt. 712, New Emily, DE 87978",67162,2024-05-23,3588,collection child,4,52.62
10070,Justin Murray,"957 Cortez Spur Apt. 712, New Emily, DE 87978",67162,2024-05-23,5537,why day,3,432.56
10070,Justin Murray,"957 Cortez Spur Apt. 712, New Emily, DE 87978",25765,2024-07-18,9991,each edge,2,185.47
10070,Justin Murray,"957 Cortez Spur Apt. 712, New Emily, DE 87978",25765,2024-07-18,48648,some onto,5,35.31
19651,David Lawson,"412 Bell Haven Suite 029, West Justin, IN 87956",80234,2023-12-28,24491,friend senior,2,785.53
19651,David Lawson,"412 Bell Haven Suite 029, West Justin, IN 87956",80234,2023-12-28,83277,west western,4,882.67
19651,David Lawson,"412 Bell Haven Suite 029, West Justin, IN 87956",74943,2024-07-27,84855,fund account,3,216.8
94587,Anthony Collins,"PSC 0445, Box 5750, APO AP 24322",36933,2024-09-14,73670,government leg,2,838.01
94587,Anthony Collins,"PSC 0445, Box 5750, APO AP 24322",36933,2024-09-14,98176,single similar,3,698.81
94587,Anthony Collins,"PSC 0445, Box 5750, APO AP 24322",19376,2024-04-18,13433,positive after,3,154.64
68826,Christopher Parker,"6258 Eric Prairie, Sarahfurt, MO 52106",46805,2024-03-29,25217,case full,5,221.27
24547,Richard Zhang,"PSC 0552, Box 0754, APO AE 44459",6306,2024-08-06,31737,pull idea,3,700.12
24547,Richard Zhang,"PSC 0552, Box 0754, APO AE 44459",35758,2024-02-14,91241,Republican police,2,442.29
24547,Richard Zhang,"PSC 0552, Box 0754, APO AE 44459",35758,2024-02-14,57048,central finish,4,349.0
50077,Stephen Middleton,"38483 Jonathan Trafficway, East Jeff, WV 09852",80874,2024-04-01,83277,west western,5,882.67
50077,Stephen Middleton,"38483 Jonathan Trafficway, East Jeff, WV 09852",80874,2024-04-01,13433,positive after,1,154.64
50077,Stephen Middleton,"38483 Jonathan Trafficway, East Jeff, WV 09852",50517,2024-04-26,66829,indicate glass,2,655.22
50077,Stephen Middleton,"38483 Jonathan Trafficway, East Jeff, WV 09852",50517,2024-04-26,29397,level visit,1,346.42
50077,Stephen Middleton,"38483 Jonathan Trafficway, East Jeff, WV 09852",5784,2024-10-17,25217,case full,5,221.27
50077,Stephen Middleton,"38483 Jonathan Trafficway, East Jeff, WV 09852",5784,2024-10-17,31737,pull idea,5,700.12
50077,Stephen Middleton,"38483 Jonathan Trafficway, East Jeff, WV 09852",5784,2024-10-17,67406,threat mission,1,181.57
986,Ricky Nichols,"57650 Singh Skyway, Dawnmouth, IN 71827",54532,2024-06-02,1025,against return,5,307.44
986,Ricky Nichols,"57650 Singh Skyway, Dawnmouth, IN 71827",25613,2024-04-26,31238,church interest,5,54.88
10165,Sally Gillespie,"14372 Reed Mill, Lake Laura, KS 78854",67793,2024-05-27,35577,tough no,4,41.98
10165,Sally Gillespie,"14372 Reed Mill, Lake Laura, KS 78854",67793,2024-05-27,66986,stay away,5,171.66
10165,Sally Gillespie,"14372 Reed Mill, Lake Laura, KS 78854",67793,2024-05-27,93476,subject court,3,378.85
11556,Stephanie James,"Unit 4333 Box 1741, DPO AA 31553",15135,2024-07-15,58821,yard identify,2,399.75
11556,Stephanie James,"Unit 4333 Box 1741, DPO AA 31553",57891,2023-10-23,13189,store daughter,4,150.25
11556,Stephanie James,"Unit 4333 Box 1741, DPO AA 31553",57891,2023-10-23,13073,table after,3,92.97
11556,Stephanie James,"Unit 4333 Box 1741, DPO AA 31553",57891,2023-10-23,23419,represent which,5,615.92
89474,Dr. Brenda Wilson MD,"0759 Thomas Inlet, Claytonfort, CA 00879",14558,2023-12-19,44214,himself world,4,597.5
89474,Dr. Brenda Wilson MD,"0759 Thomas Inlet, Claytonfort, CA 00879",14558,2023-12-19,49358,west build,1,812.37
89474,Dr. Brenda Wilson MD,"0759 Thomas Inlet, Claytonfort, CA 00879",14558,2023-12-19,9991,each edge,3,185.47
89474,Dr. Brenda Wilson MD,"0759 Thomas Inlet, Claytonfort, CA 00879",90490,2023-11-16,13073,table after,5,92.97
89474,Dr. Brenda Wilson MD,"0759 Thomas Inlet, Claytonfort, CA 00879",90490,2023-11-16,9868,reduce first,1,882.4
89474,Dr. Brenda Wilson MD,"0759 Thomas Inlet, Claytonfort, CA 00879",3985,2024-04-19,84855,fund account,2,216.8
89474,Dr. Brenda Wilson MD,"0759 Thomas Inlet, Claytonfort, CA 00879",3985,2024-04-19,89010,state since,3,773.88
38589,Megan Bishop,"29893 Edward Causeway Suite 498, Jacksonview, PW 25202",63988,2024-07-19,5537,why day,3,432.56
38589,Megan Bishop,"29893 Edward Causeway Suite 498, Jacksonview, PW 25202",63988,2024-07-19,91362,training force,2,640.29
38589,Megan Bishop,"29893 Edward Causeway Suite 498, Jacksonview, PW 25202",82630,2024-03-24,79139,administration success,1,378.98
38589,Megan Bishop,"29893 Edward Causeway Suite 498, Jacksonview, PW 25202",82630,2024-03-24,58821,yard identify,1,399.75
38589,Megan Bishop,"29893 Edward Causeway Suite 498, Jacksonview, PW 25202",82630,2024-03-24,98176,single similar,1,698.81
80748,Jordan Carter,"30083 Sean Plaza, Lake Blake, WI 97129",57324,2024-04-21,66223,specific serious,4,763.48
80748,Jordan Carter,"30083 Sean Plaza, Lake Blake, WI 97129",58296,2024-08-16,95733,south interview,3,259.25
80748,Jordan Carter,"30083 Sean Plaza, Lake Blake, WI 97129",58296,2024-08-16,27041,popular figure,2,483.9
6195,Tanya Gonzalez,"8116 Wendy Centers Suite 986, Edwardview, VT 25991",54155,2024-04-12,89010,state since,5,773.88
6195,Tanya Gonzalez,"8116 Wendy Centers Suite 986, Edwardview, VT 25991",20423,2024-02-16,44518,build society,1,303.04
6195,Tanya Gonzalez,"8116 Wendy Centers Suite 986, Edwardview, VT 25991",20423,2024-02-16,70166,let candidate,2,337.72
6195,Tanya Gonzalez,"8116 Wendy Centers Suite 986, Edwardview, VT 25991",73182,2024-09-06,98176,single similar,1,698.81
6195,Tanya Gonzalez,"8116 Wendy Centers Suite 986, Edwardview, VT 25991",73182,2024-09-06,41078,break of,4,395.12
6195,Tanya Gonzalez,"8116 Wendy Centers Suite 986, Edwardview, VT 25991",73182,2024-09-06,98054,if top,4,973.01
78758,Ashley Acosta,"25063 John Shoals Suite 840, Lake Eric, MH 98486",40570,2024-09-04,49358,west build,4,812.37
78758,Ashley Acosta,"25063 John Shoals Suite 840, Lake Eric, MH 98486",40570,2024-09-04,14861,social ahead,3,118.94
78758,Ashley Acosta,"25063 John Shoals Suite 840, Lake Eric, MH 98486",40570,2024-09-04,77235,low nor,5,31.54
78758,Ashley Acosta,"25063 John Shoals Suite 840, Lake Eric, MH 98486",4964,2023-11-14,97994,remain discussion,1,534.48
78758,Ashley Acosta,"25063 John Shoals Suite 840, Lake Eric, MH 98486",4964,2023-11-14,4459,admit measure,4,737.28
78758,Ashley Acosta,"25063 John Shoals Suite 840, Lake Eric, MH 98486",8780,2024-03-14,41230,church always,2,428.98
78758,Ashley Acosta,"25063 John Shoals Suite 840, Lake Eric, MH 98486",8780,2024-03-14,93476,subject court,2,378.85
78758,Ashley Acosta,"25063 John Shoals Suite 840, Lake Eric, MH 98486",8780,2024-03-14,65859,however group,1,565.77
77711,Nathaniel Jordan,"27004 Davis Points, West Kristen, PW 06249",38940,2024-08-16,66829,indicate glass,2,655.22
77711,Nathaniel Jordan,"27004 Davis Points, West Kristen, PW 06249",38940,2024-08-16,84855,fund account,5,216.8
77711,Nathaniel Jordan,"27004 Davis Points, West Kristen, PW 06249",38940,2024-08-16,88584,law within,2,851.28
77711,Nathaniel Jordan,"27004 Davis Points, West Kristen, PW 06249",90705,2024-01-31,35577,tough no,4,41.98
72201,Desiree Williamson,"315 Gardner Roads, Port Joshuahaven, NM 88167",81272,2024-03-27,95733,south interview,3,259.25
72201,Desiree Williamson,"315 Gardner Roads, Port Joshuahaven, NM 88167",81272,2024-03-27,30480,area world,4,919.25
89861,Lori Bentley,"0582 Christensen Club, East Robert, MS 21550",20538,2024-05-12,62762,amount seat,1,379.34
89861,Lori Bentley,"0582 Christensen Club, East Robert, MS 21550",20538,2024-05-12,38257,few trade,2,712.15
89861,Lori Bentley,"0582 Christensen Club, East Robert, MS 21550",20538,2024-05-12,70166,let candidate,1,337.72
89861,Lori Bentley,"0582 Christensen Club, East Robert, MS 21550",84098,2024-09-20,60205,probably character,3,828.78
89861,Lori Bentley,"0582 Christensen Club, East Robert, MS 21550",93293,2023-12-18,5537,why day,5,432.56
89861,Lori Bentley,"0582 Christensen Club, East Robert, MS 21550",93293,2023-12-18,92810,citizen dream,4,876.79
922,Timothy Morris,"3126 Kyle Prairie, Sanchezfort, DC 40984",19230,2023-12-24,41078,break of,3,395.12
922,Timothy Morris,"3126 Kyle Prairie, Sanchezfort, DC 40984",7174,2024-07-23,66986,stay away,1,171.66
922,Timothy Morris,"3126 Kyle Prairie, Sanchezfort, DC 40984",7174,2024-07-23,84855,fund account,2,216.8
922,Timothy Morris,"3126 Kyle Prairie, Sanchezfort, DC 40984",7174,2024-07-23,35618,now suddenly,1,725.87
15398,Gene Fields,"957 Crystal Rest, Burkeview, VI 37779",3475,2024-10-17,97994,remain discussion,3,534.48
15398,Gene Fields,"957 Crystal Rest, Burkeview, VI 37779",3475,2024-10-17,59794,economic power,1,146.78
15398,Gene Fields,"957 Crystal Rest, Burkeview, VI 37779",3475,2024-10-17,62170,choice compare,5,506.51
15398,Gene Fields,"957 Crystal Rest, Burkeview, VI 37779",79000,2024-09-06,65859,however group,5,565.77
15398,Gene Fields,"957 Crystal Rest, Burkeview, VI 37779",79000,2024-09-06,62335,man series,1,619.45
15398,Gene Fields,"957 Crystal Rest, Burkeview, VI 37779",36175,2024-05-28,70918,team clear,1,59.7
15398,Gene Fields,"957 Crystal Rest, Burkeview, VI 37779",36175,2024-05-28,23504,may somebody,4,223.91
15398,Gene Fields,"957 Crystal Rest, Burkeview, VI 37779",36175,2024-05-28,10729,hotel degree,1,800.46
49114,Gloria Reyes,"4946 Cody Fall Apt. 817, Abigailchester, MT 67191",48194,2024-02-21,285,provide friend,3,162.6
49114,Gloria Reyes,"4946 Cody Fall Apt. 817, Abigailchester, MT 67191",48194,2024-02-21,35577,tough no,3,41.98
49114,Gloria Reyes,"4946 Cody Fall Apt. 817, Abigailchester, MT 67191",90954,2024-08-16,99677,game test,5,780.7
49114,Gloria Reyes,"4946 Cody Fall Apt. 817, Abigailchester, MT 67191",90954,2024-08-16,66829,indicate glass,4,655.22
49114,Gloria Reyes,"4946 Cody Fall Apt. 817, Abigailchester, MT 67191",90954,2024-08-16,25025,mouth key,2,575.89
77496,Matthew Figueroa,"8316 Donna Ports, New Lori, MT 46200",92287,2024-01-23,64717,together system,4,136.24
77496,Matthew Figueroa,"8316 Donna Ports, New Lori, MT 46200",91335,2024-08-17,12041,most easy,3,550.4
77496,Matthew Figueroa,"8316 Donna Ports, New Lori, MT 46200",91335,2024-08-17,41230,church always,5,428.98
6970,Katelyn Collins,"568 Wall Harbor Apt. 101, Johnbury, MP 07494",28983,2024-08-08,66986,stay away,2,171.66
6970,Katelyn Collins,"568 Wall Harbor Apt. 101, Johnbury, MP 07494",28983,2024-08-08,23419,represent which,4,615.92
6970,Katelyn Collins,"568 Wall Harbor Apt. 101, Johnbury, MP 07494",8568,2024-07-27,35577,tough no,3,41.98
81540,Charles Davies,"85840 Courtney Port Apt. 761, Micheleshire, WV 39164",35821,2024-05-10,27975,make site,4,254.19
81540,Charles Davies,"85840 Courtney Port Apt. 761, Micheleshire, WV 39164",35821,2024-05-10,10729,hotel degree,1,800.46
81540,Charles Davies,"85840 Courtney Port Apt. 761, Micheleshire, WV 39164",38783,2024-09-03,62170,choice compare,5,506.51
81540,Charles Davies,"85840 Courtney Port Apt. 761, Micheleshire, WV 39164",38783,2024-09-03,37001,draw beyond,5,478.75
81540,Charles Davies,"85840 Courtney Port Apt. 761, Micheleshire, WV 39164",95417,2024-06-06,13433,positive after,3,154.64
26466,Johnathan Jones,"2514 James Place, Ericshire, GU 37744",22614,2024-01-17,23504,may somebody,4,223.91
26466,Johnathan Jones,"2514 James Place, Ericshire, GU 37744",22614,2024-01-17,93476,subject court,1,378.85
26466,Johnathan Jones,"2514 James Place, Ericshire, GU 37744",22614,2024-01-17,91472,different state,3,513.47
26466,Johnathan Jones,"2514 James Place, Ericshire, GU 37744",53789,2024-07-13,30630,share particularly,5,646.96
26466,Johnathan Jones,"2514 James Place, Ericshire, GU 37744",53789,2024-07-13,35740,fly catch,1,408.16
26466,Johnathan Jones,"2514 James Place, Ericshire, GU 37744",53789,2024-07-13,12041,most easy,3,550.4
13593,Mary Turner,"13587 Robin Points Suite 092, East Julieview, SC 20711",83666,2023-12-21,39707,record give,2,271.2
13593,Mary Turner,"13587 Robin Points Suite 092, East Julieview, SC 20711",83666,2023-12-21,27041,popular figure,4,483.9
13593,Mary Turner,"13587 Robin Points Suite 092, East Julieview, SC 20711",43186,2024-02-13,34209,new family,4,339.87
13593,Mary Turner,"13587 Robin Points Suite 092, East Julieview, SC 20711",23496,2024-08-08,31238,church interest,5,54.88
22478,Jennifer Tate,"5259 Zavala Lodge, Tanyaside, PR 16763",45983,2024-07-17,35577,tough no,5,41.98
22478,Jennifer Tate,"5259 Zavala Lodge, Tanyaside, PR 16763",45983,2024-07-17,73670,government leg,5,838.01
22478,Jennifer Tate,"5259 Zavala Lodge, Tanyaside, PR 16763",45983,2024-07-17,49358,west build,4,812.37
2880,Samantha Owens,"USS King, FPO AP 59382",87195,2024-01-01,99467,entire clear,5,168.62
2880,Samantha Owens,"USS King, FPO AP 59382",48802,2024-03-31,29397,level visit,4,346.42
2880,Samantha Owens,"USS King, FPO AP 59382",48802,2024-03-31,62762,amount seat,1,379.34
2880,Samantha Owens,"USS King, FPO AP 59382",72365,2024-02-04,48648,some onto,3,35.31
2880,Samantha Owens,"USS King, FPO AP 59382",72365,2024-02-04,7628,call thought,3,671.06
2880,Samantha Owens,"USS King, FPO AP 59382",72365,2024-02-04,13433,positive after,2,154.64
19374,Steven Byrd,"534 Brent Loaf Suite 901, Mathisbury, MO 78490",38070,2024-03-02,5537,why day,4,432.56
19374,Steven Byrd,"534 Brent Loaf Suite 901, Mathisbury, MO 78490",38070,2024-03-02,77235,low nor,2,31.54
19374,Steven Byrd,"534 Brent Loaf Suite 901, Mathisbury, MO 78490",66799,2024-09-15,99467,entire clear,2,168.62
19374,Steven Byrd,"534 Brent Loaf Suite 901, Mathisbury, MO 78490",66799,2024-09-15,83277,west western,4,882.67
63614,Kristin Garcia,"7600 Guerrero Junction, Gonzalezview, PW 78376",93804,2024-05-08,7458,could tell,3,311.26
63614,Kristin Garcia,"7600 Guerrero Junction, Gonzalezview, PW 78376",93804,2024-05-08,66984,car data,5,115.17
63614,Kristin Garcia,"7600 Guerrero Junction, Gonzalezview, PW 78376",93804,2024-05-08,41078,break of,2,395.12
63614,Kristin Garcia,"7600 Guerrero Junction, Gonzalezview, PW 78376",64856,2023-11-27,99677,game test,1,780.7
63614,Kristin Garcia,"7600 Guerrero Junction, Gonzalezview, PW 78376",64856,2023-11-27,83277,west western,1,882.67
63614,Kristin Garcia,"7600 Guerrero Junction, Gonzalezview, PW 78376",64856,2023-11-27,88584,law within,5,851.28
63614,Kristin Garcia,"7600 Guerrero Junction, Gonzalezview, PW 78376",34312,2024-05-20,31238,church interest,4,54.88
63614,Kristin Garcia,"7600 Guerrero Junction, Gonzalezview, PW 78376",34312,2024-05-20,38257,few trade,2,712.15
85346,Kim Bradford,"72109 Teresa Parkway, Lake Kelseyside, AS 88336",97244,2024-01-28,22733,seat your,3,790.71
85346,Kim Bradford,"72109 Teresa Parkway, Lake Kelseyside, AS 88336",8971,2024-09-23,78574,pretty little,2,275.46
85346,Kim Bradford,"72109 Teresa Parkway, Lake Kelseyside, AS 88336",8971,2024-09-23,13433,positive after,1,154.64
56231,Andrea Weeks,"2504 Cole Path Apt. 413, East Gregoryview, AL 57010",78970,2024-08-10,39680,wait phone,3,390.08
56231,Andrea Weeks,"2504 Cole Path Apt. 413, East Gregoryview, AL 57010",78970,2024-08-10,1025,against return,5,307.44
56231,Andrea Weeks,"2504 Cole Path Apt. 413, East Gregoryview, AL 57010",78970,2024-08-10,97994,remain discussion,4,534.48
56231,Andrea Weeks,"2504 Cole Path Apt. 413, East Gregoryview, AL 57010",88691,2024-05-09,53539,radio develop,5,458.26
56231,Andrea Weeks,"2504 Cole Path Apt. 413, East Gregoryview, AL 57010",88691,2024-05-09,83028,impact reach,1,880.32
56231,Andrea Weeks,"2504 Cole Path Apt. 413, East Gregoryview, AL 57010",65947,2024-08-06,23504,may somebody,1,223.91
56231,Andrea Weeks,"2504 Cole Path Apt. 413, East Gregoryview, AL 57010",65947,2024-08-06,3436,he pattern,1,504.18
56231,Andrea Weeks,"2504 Cole Path Apt. 413, East Gregoryview, AL 57010",65947,2024-08-06,87329,worker organization,4,990.26
98763,Sarah Sampson,"25602 Montgomery Gateway Apt. 431, Lake Davidmouth, PW 21174",94546,2024-08-25,60205,probably character,4,828.78
98763,Sarah Sampson,"25602 Montgomery Gateway Apt. 431, Lake Davidmouth, PW 21174",94546,2024-08-25,2649,themselves person,5,382.08
98763,Sarah Sampson,"25602 Montgomery Gateway Apt. 431, Lake Davidmouth, PW 21174",94546,2024-08-25,35618,now suddenly,5,725.87
98763,Sarah Sampson,"25602 Montgomery Gateway Apt. 431, Lake Davidmouth, PW 21174",19208,2024-04-05,48648,some onto,2,35.31
98763,Sarah Sampson,"25602 Montgomery Gateway Apt. 431, Lake Davidmouth, PW 21174",19208,2024-04-05,2235,senior work,2,871.17
98763,Sarah Sampson,"25602 Montgomery Gateway Apt. 431, Lake Davidmouth, PW 21174",19208,2024-04-05,65859,however group,5,565.77
98763,Sarah Sampson,"25602 Montgomery Gateway Apt. 431, Lake Davidmouth, PW 21174",77436,2024-04-03,70918,team clear,3,59.7
98763,Sarah Sampson,"25602 Montgomery Gateway Apt. 431, Lake Davidmouth, PW 21174",77436,2024-04-03,92810,citizen dream,3,876.79
98763,Sarah Sampson,"25602 Montgomery Gateway Apt. 431, Lake Davidmouth, PW 21174",77436,2024-04-03,22733,seat your,5,790.71
12826,Joseph Schwartz,"69000 Hendricks Cove Suite 276, Gonzalezmouth, MI 51265",62356,2024-04-14,44518,build society,2,303.04
12826,Joseph Schwartz,"69000 Hendricks Cove Suite 276, Gonzalezmouth, MI 51265",62356,2024-04-14,79139,administration success,2,378.98
12826,Joseph Schwartz,"69000 Hendricks Cove Suite 276, Gonzalezmouth, MI 51265",23229,2024-05-06,27975,make site,3,254.19
12826,Joseph Schwartz,"69000 Hendricks Cove Suite 276, Gonzalezmouth, MI 51265",23229,2024-05-06,91362,training force,3,640.29
12826,Joseph Schwartz,"69000 Hendricks Cove Suite 276, Gonzalezmouth, MI 51265",23229,2024-05-06,58821,yard identify,1,399.75
12826,Joseph Schwartz,"69000 Hendricks Cove Suite 276, Gonzalezmouth, MI 51265",44288,2024-02-07,62170,choice compare,5,506.51
12826,Joseph Schwartz,"69000 Hendricks Cove Suite 276, Gonzalezmouth, MI 51265",44288,2024-02-07,64717,together system,3,136.24
80067,Eric Olson,"703 Brianna Mountain Suite 308, East Cindyton, RI 63618",29763,2024-03-29,24491,friend senior,1,785.53
80067,Eric Olson,"703 Brianna Mountain Suite 308, East Cindyton, RI 63618",29763,2024-03-29,83277,west western,2,882.67
80067,Eric Olson,"703 Brianna Mountain Suite 308, East Cindyton, RI 63618",65996,2024-08-16,60947,front letter,5,793.46
80067,Eric Olson,"703 Brianna Mountain Suite 308, East Cindyton, RI 63618",65996,2024-08-16,66829,indicate glass,1,655.22
80067,Eric Olson,"703 Brianna Mountain Suite 308, East Cindyton, RI 63618",65996,2024-08-16,38980,light together,4,757.42
80067,Eric Olson,"703 Brianna Mountain Suite 308, East Cindyton, RI 63618",3713,2024-06-06,4080,reach physical,2,879.22
80067,Eric Olson,"703 Brianna Mountain Suite 308, East Cindyton, RI 63618",3713,2024-06-06,79139,administration success,1,378.98
42037,Sierra Bradley,"98621 Kenneth Harbors, North Nicholasfort, MH 83707",98590,2024-04-18,41230,church always,3,428.98
42037,Sierra Bradley,"98621 Kenneth Harbors, North Nicholasfort, MH 83707",98590,2024-04-18,70918,team clear,5,59.7
42037,Sierra Bradley,"98621 Kenneth Harbors, North Nicholasfort, MH 83707",98590,2024-04-18,23419,represent which,5,615.92
42037,Sierra Bradley,"98621 Kenneth Harbors, North Nicholasfort, MH 83707",17130,2024-05-03,13433,positive after,1,154.64
42037,Sierra Bradley,"98621 Kenneth Harbors, North Nicholasfort, MH 83707",17130,2024-05-03,87329,worker organization,2,990.26
42037,Sierra Bradley,"98621 Kenneth Harbors, North Nicholasfort, MH 83707",17130,2024-05-03,14861,social ahead,1,118.94
42037,Sierra Bradley,"98621 Kenneth Harbors, North Nicholasfort, MH 83707",33866,2024-06-15,83028,impact reach,5,880.32
42037,Sierra Bradley,"98621 Kenneth Harbors, North Nicholasfort, MH 83707",33866,2024-06-15,38257,few trade,4,712.15
42037,Sierra Bradley,"98621 Kenneth Harbors, North Nicholasfort, MH 83707",33866,2024-06-15,13892,son how,5,889.57
87110,Jared Campos,"185 Williams Shoals, South Donald, WY 88633",51419,2024-01-20,24491,friend senior,1,785.53
87110,Jared Campos,"185 Williams Shoals, South Donald, WY 88633",7746,2024-09-06,44518,build society,1,303.04
87110,Jared Campos,"185 Williams Shoals, South Donald, WY 88633",42464,2023-11-28,62170,choice compare,5,506.51
87110,Jared Campos,"185 Williams Shoals, South Donald, WY 88633",42464,2023-11-28,78574,pretty little,4,275.46
77429,Anna Zimmerman,"6356 Patricia Mills, West Kevinmouth, NM 98998",89052,2024-06-29,73670,government leg,2,838.01
77429,Anna Zimmerman,"6356 Patricia Mills, West Kevinmouth, NM 98998",89052,2024-06-29,44518,build society,4,303.04
77429,Anna Zimmerman,"6356 Patricia Mills, West Kevinmouth, NM 98998",89052,2024-06-29,34209,new family,2,339.87
88071,Richard Mccall,"810 Lawrence Village Suite 988, East Nicholasland, MD 29657",31686,2023-11-20,57048,central finish,2,349.0
88071,Richard Mccall,"810 Lawrence Village Suite 988, East Nicholasland, MD 29657",31686,2023-11-20,2649,themselves person,4,382.08
88071,Richard Mccall,"810 Lawrence Village Suite 988, East Nicholasland, MD 29657",31686,2023-11-20,98176,single similar,1,698.81
12544,Joseph Spears,"16470 Riley Turnpike, Ryanside, FL 89612",66271,2023-12-17,93476,subject court,5,378.85
12544,Joseph Spears,"16470 Riley Turnpike, Ryanside, FL 89612",85419,2023-12-12,85138,same impact,3,638.88
12544,Joseph Spears,"16470 Riley Turnpike, Ryanside, FL 89612",39878,2023-11-26,53539,radio develop,2,458.26
12544,Joseph Spears,"16470 Riley Turnpike, Ryanside, FL 89612",39878,2023-11-26,75590,fill condition,2,803.04
12544,Joseph Spears,"16470 Riley Turnpike, Ryanside, FL 89612",39878,2023-11-26,83277,west western,2,882.67
58702,Ralph Curtis,"666 Sharon Ville, South Melissaberg, AR 28508",64866,2024-09-03,37534,dark few,3,290.77
58702,Ralph Curtis,"666 Sharon Ville, South Melissaberg, AR 28508",70312,2023-12-06,91362,training force,4,640.29
58702,Ralph Curtis,"666 Sharon Ville, South Melissaberg, AR 28508",70312,2023-12-06,23419,represent which,1,615.92
58702,Ralph Curtis,"666 Sharon Ville, South Melissaberg, AR 28508",11333,2024-01-13,85138,same impact,5,638.88
35520,Tom Guerrero,"13466 Kathy Pines Suite 615, West Jamesfurt, SD 98428",32999,2024-09-27,23504,may somebody,3,223.91
35520,Tom Guerrero,"13466 Kathy Pines Suite 615, West Jamesfurt, SD 98428",32999,2024-09-27,14861,social ahead,3,118.94
35520,Tom Guerrero,"13466 Kathy Pines Suite 615, West Jamesfurt, SD 98428",76561,2024-04-06,29397,level visit,1,346.42
35520,Tom Guerrero,"13466 Kathy Pines Suite 615, West Jamesfurt, SD 98428",1121,2024-04-12,99467,entire clear,3,168.62
35520,Tom Guerrero,"13466 Kathy Pines Suite 615, West Jamesfurt, SD 98428",1121,2024-04-12,67406,threat mission,1,181.57
58789,Dr. James Barton,"348 Melissa Plaza, Lake Amyport, OK 14669",61538,2023-12-24,91472,different state,1,513.47
58789,Dr. James Barton,"348 Melissa Plaza, Lake Amyport, OK 14669",61538,2023-12-24,10729,hotel degree,3,800.46
58789,Dr. James Barton,"348 Melissa Plaza, Lake Amyport, OK 14669",61538,2023-12-24,70552,blood sister,5,901.46
58789,Dr. James Barton,"348 Melissa Plaza, Lake Amyport, OK 14669",25071,2024-01-01,23504,may somebody,1,223.91
58789,Dr. James Barton,"348 Melissa Plaza, Lake Amyport, OK 14669",25071,2024-01-01,39707,record give,3,271.2
51133,Jacob Rhodes,"468 Sanders Lane Apt. 169, Port Christineville, DE 55462",59789,2024-01-11,12041,most easy,2,550.4
22349,Angela Carr,"334 Rachel Canyon Apt. 931, Jenniferton, DC 32681",85470,2024-06-25,66986,stay away,3,171.66
22349,Angela Carr,"334 Rachel Canyon Apt. 931, Jenniferton, DC 32681",83019,2024-02-19,83277,west western,2,882.67
22349,Angela Carr,"334 Rachel Canyon Apt. 931, Jenniferton, DC 32681",83019,2024-02-19,27975,make site,5,254.19
22349,Angela Carr,"334 Rachel Canyon Apt. 931, Jenniferton, DC 32681",83019,2024-02-19,62170,choice compare,5,506.51
56631,Brandy Leonard,"5982 Dunn Alley Suite 777, Theresaland, ID 99597",82937,2024-06-10,1025,against return,5,307.44
56631,Brandy Leonard,"5982 Dunn Alley Suite 777, Theresaland, ID 99597",16923,2023-12-30,66223,specific serious,3,763.48
56631,Brandy Leonard,"5982 Dunn Alley Suite 777, Theresaland, ID 99597",16923,2023-12-30,41230,church always,5,428.98
56631,Brandy Leonard,"5982 Dunn Alley Suite 777, Theresaland, ID 99597",66382,2024-04-27,74698,activity both,5,912.19
72789,Tiffany Richmond,"26786 Stanton Route Apt. 533, Shaneville, NV 86020",83306,2024-04-30,31238,church interest,4,54.88
72789,Tiffany Richmond,"26786 Stanton Route Apt. 533, Shaneville, NV 86020",83306,2024-04-30,5537,why day,1,432.56
72789,Tiffany Richmond,"26786 Stanton Route Apt. 533, Shaneville, NV 86020",28326,2024-05-17,35618,now suddenly,4,725.87
72789,Tiffany Richmond,"26786 Stanton Route Apt. 533, Shaneville, NV 86020",28326,2024-05-17,92810,citizen dream,5,876.79
98120,Meredith Davis,"67969 Wu Row Suite 796, Port Annahaven, CT 70178",40588,2024-06-22,35577,tough no,3,41.98
98120,Meredith Davis,"67969 Wu Row Suite 796, Port Annahaven, CT 70178",40588,2024-06-22,31238,church interest,4,54.88
98120,Meredith Davis,"67969 Wu Row Suite 796, Port Annahaven, CT 70178",40588,2024-06-22,64717,together system,2,136.24
82835,Nancy Morgan,"Unit 9400 Box 9226, DPO AE 63468",34083,2024-04-02,78574,pretty little,3,275.46
82835,Nancy Morgan,"Unit 9400 Box 9226, DPO AE 63468",34083,2024-04-02,52265,international watch,1,110.68
31208,John Mills,"PSC 5778, Box 8877, APO AE 70762",92527,2023-10-23,84855,fund account,5,216.8
31208,John Mills,"PSC 5778, Box 8877, APO AE 70762",92527,2023-10-23,4080,reach physical,3,879.22
60767,Mrs. Heather Johnson,"536 Nathan Meadows, Philipbury, FM 27683",35543,2023-12-18,70918,team clear,2,59.7
60767,Mrs. Heather Johnson,"536 Nathan Meadows, Philipbury, FM 27683",35543,2023-12-18,70166,let candidate,5,337.72
60767,Mrs. Heather Johnson,"536 Nathan Meadows, Philipbury, FM 27683",94323,2024-09-06,30480,area world,1,919.25
7801,Kimberly Robertson,"4329 Meyer Parks Suite 632, New Angelastad, GU 54791",36730,2024-03-18,5537,why day,5,432.56
7801,Kimberly Robertson,"4329 Meyer Parks Suite 632, New Angelastad, GU 54791",36730,2024-03-18,39680,wait phone,4,390.08
7801,Kimberly Robertson,"4329 Meyer Parks Suite 632, New Angelastad, GU 54791",84062,2023-11-10,73670,government leg,2,838.01
7801,Kimberly Robertson,"4329 Meyer Parks Suite 632, New Angelastad, GU 54791",84062,2023-11-10,57048,central finish,3,349.0
7801,Kimberly Robertson,"4329 Meyer Parks Suite 632, New Angelastad, GU 54791",58183,2024-02-22,84855,fund account,5,216.8
66696,Jenna Bennett,"808 Greene Lodge, Abigailtown, VA 87866",31545,2024-08-06,13433,positive after,5,154.64
66696,Jenna Bennett,"808 Greene Lodge, Abigailtown, VA 87866",63575,2024-04-26,35740,fly catch,4,408.16
66696,Jenna Bennett,"808 Greene Lodge, Abigailtown, VA 87866",63575,2024-04-26,68778,rule deal,3,111.08
66696,Jenna Bennett,"808 Greene Lodge, Abigailtown, VA 87866",63575,2024-04-26,67406,threat mission,4,181.57
66696,Jenna Bennett,"808 Greene Lodge, Abigailtown, VA 87866",68274,2024-10-16,49358,west build,5,812.37
66696,Jenna Bennett,"808 Greene Lodge, Abigailtown, VA 87866",68274,2024-10-16,83277,west western,4,882.67
66696,Jenna Bennett,"808 Greene Lodge, Abigailtown, VA 87866",68274,2024-10-16,64717,together system,1,136.24
7000,Sonya Ray,"606 Steven Courts, East Charles, MI 76734",79160,2023-12-15,74698,activity both,4,912.19
7000,Sonya Ray,"606 Steven Courts, East Charles, MI 76734",79160,2023-12-15,84855,fund account,5,216.8
7000,Sonya Ray,"606 Steven Courts, East Charles, MI 76734",37367,2023-10-25,35740,fly catch,1,408.16
7000,Sonya Ray,"606 Steven Courts, East Charles, MI 76734",37367,2023-10-25,7458,could tell,2,311.26
7000,Sonya Ray,"606 Steven Courts, East Charles, MI 76734",37367,2023-10-25,70552,blood sister,1,901.46
7000,Sonya Ray,"606 Steven Courts, East Charles, MI 76734",10565,2023-11-30,9868,reduce first,2,882.4
28517,Michael Kim,"750 Fuller Manors, Parkerstad, CA 53472",75091,2024-08-09,99467,entire clear,3,168.62
28517,Michael Kim,"750 Fuller Manors, Parkerstad, CA 53472",88455,2023-11-19,62170,choice compare,2,506.51
28517,Michael Kim,"750 Fuller Manors, Parkerstad, CA 53472",25567,2024-06-06,91241,Republican police,2,442.29
28517,Michael Kim,"750 Fuller Manors, Parkerstad, CA 53472",25567,2024-06-06,10729,hotel degree,2,800.46
28517,Michael Kim,"750 Fuller Manors, Parkerstad, CA 53472",25567,2024-06-06,41078,break of,4,395.12
74242,Yolanda Dodson,"PSC 1210, Box 7734, APO AA 15896",21743,2024-03-05,84927,team allow,1,332.14
74242,Yolanda Dodson,"PSC 1210, Box 7734, APO AA 15896",63128,2024-07-28,66829,indicate glass,5,655.22
74242,Yolanda Dodson,"PSC 1210, Box 7734, APO AA 15896",63128,2024-07-28,99467,entire clear,5,168.62
74242,Yolanda Dodson,"PSC 1210, Box 7734, APO AA 15896",22490,2024-03-30,3588,collection child,1,52.62
74242,Yolanda Dodson,"PSC 1210, Box 7734, APO AA 15896",22490,2024-03-30,93476,subject court,4,378.85
74242,Yolanda Dodson,"PSC 1210, Box 7734, APO AA 15896",22490,2024-03-30,23419,represent which,5,615.92
18132,James Wright,"1358 Jones Green, West Ginafurt, OH 61767",68630,2023-11-11,13073,table after,4,92.97
18132,James Wright,"1358 Jones Green, West Ginafurt, OH 61767",68630,2023-11-11,62170,choice compare,3,506.51
18132,James Wright,"1358 Jones Green, West Ginafurt, OH 61767",68630,2023-11-11,83277,west western,3,882.67
18132,James Wright,"1358 Jones Green, West Ginafurt, OH 61767",41276,2024-04-09,91362,training force,3,640.29
18132,James Wright,"1358 Jones Green, West Ginafurt, OH 61767",41276,2024-04-09,46813,avoid loss,2,58.75
18132,James Wright,"1358 Jones Green, West Ginafurt, OH 61767",47317,2024-04-13,37534,dark few,1,290.77
18132,James Wright,"1358 Jones Green, West Ginafurt, OH 61767",47317,2024-04-13,59794,economic power,4,146.78
18132,James Wright,"1358 Jones Green, West Ginafurt, OH 61767",47317,2024-04-13,35740,fly catch,3,408.16
36492,Anna Davis,"USNS Young, FPO AE 51906",98140,2023-12-27,70918,team clear,1,59.7
36492,Anna Davis,"USNS Young, FPO AE 51906",98140,2023-12-27,70918,team clear,3,59.7
36492,Anna Davis,"USNS Young, FPO AE 51906",29637,2024-03-08,83028,impact reach,2,880.32
36492,Anna Davis,"USNS Young, FPO AE 51906",29637,2024-03-08,23504,may somebody,4,223.91
36492,Anna Davis,"USNS Young, FPO AE 51906",30230,2024-10-11,39680,wait phone,3,390.08
36492,Anna Davis,"USNS Young, FPO AE 51906",30230,2024-10-11,70552,blood sister,3,901.46
36492,Anna Davis,"USNS Young, FPO AE 51906",30230,2024-10-11,85138,same impact,5,638.88
92242,Ryan Hayden,"054 Davis Plain, North Charlotte, VI 87890",31796,2024-01-12,2649,themselves person,1,382.08
92242,Ryan Hayden,"054 Davis Plain, North Charlotte, VI 87890",28473,2024-02-03,34209,new family,5,339.87
92242,Ryan Hayden,"054 Davis Plain, North Charlotte, VI 87890",28473,2024-02-03,10729,hotel degree,2,800.46
92242,Ryan Hayden,"054 Davis Plain, North Charlotte, VI 87890",226,2024-04-25,4459,admit measure,4,737.28
75473,John Smith,"80063 Perry Fort, Smithberg, WY 72510",30280,2024-04-03,66984,car data,3,115.17
75473,John Smith,"80063 Perry Fort, Smithberg, WY 72510",30280,2024-04-03,68778,rule deal,1,111.08
75473,John Smith,"80063 Perry Fort, Smithberg, WY 72510",30280,2024-04-03,30480,area world,3,919.25
75473,John Smith,"80063 Perry Fort, Smithberg, WY 72510",52066,2024-06-18,9991,each edge,1,185.47
75473,John Smith,"80063 Perry Fort, Smithberg, WY 72510",52066,2024-06-18,39707,record give,5,271.2
75473,John Smith,"80063 Perry Fort, Smithberg, WY 72510",68830,2023-12-20,95733,south interview,2,259.25
75473,John Smith,"80063 Perry Fort, Smithberg, WY 72510",68830,2023-12-20,99677,game test,3,780.7
75473,John Smith,"80063 Perry Fort, Smithberg, WY 72510",68830,2023-12-20,77235,low nor,2,31.54
9793,Alex Stone,"321 Anthony Shore, South Coreytown, OK 56465",82005,2023-12-26,59794,economic power,5,146.78
9793,Alex Stone,"321 Anthony Shore, South Coreytown, OK 56465",82005,2023-12-26,7458,could tell,4,311.26
9793,Alex Stone,"321 Anthony Shore, South Coreytown, OK 56465",82005,2023-12-26,62762,amount seat,3,379.34
9793,Alex Stone,"321 Anthony Shore, South Coreytown, OK 56465",81060,2024-02-20,3436,he pattern,2,504.18
9793,Alex Stone,"321 Anthony Shore, South Coreytown, OK 56465",81060,2024-02-20,79139,administration success,5,378.98
48006,Jordan Brooks,"3287 Adrian Forge Apt. 796, Williammouth, NC 65468",35778,2024-08-16,62070,firm it,4,709.83
48006,Jordan Brooks,"3287 Adrian Forge Apt. 796, Williammouth, NC 65468",35778,2024-08-16,41230,church always,2,428.98
48006,Jordan Brooks,"3287 Adrian Forge Apt. 796, Williammouth, NC 65468",55819,2024-10-21,31737,pull idea,5,700.12
48006,Jordan Brooks,"3287 Adrian Forge Apt. 796, Williammouth, NC 65468",33838,2024-09-30,4361,follow it,1,328.54
48006,Jordan Brooks,"3287 Adrian Forge Apt. 796, Williammouth, NC 65468",33838,2024-09-30,73670,government leg,1,838.01
23093,Andrew Sutton,"09925 Romero Junctions Apt. 103, Martinmouth, NJ 94022",8244,2023-10-31,64717,together system,4,136.24
23093,Andrew Sutton,"09925 Romero Junctions Apt. 103, Martinmouth, NJ 94022",8244,2023-10-31,31238,church interest,1,54.88
23093,Andrew Sutton,"09925 Romero Junctions Apt. 103, Martinmouth, NJ 94022",10606,2024-03-20,39680,wait phone,2,390.08
23093,Andrew Sutton,"09925 Romero Junctions Apt. 103, Martinmouth, NJ 94022",10606,2024-03-20,87329,worker organization,4,990.26
81629,Kelly Turner,"9003 James Union, North Samuel, RI 75605",11525,2023-11-02,23504,may somebody,1,223.91
81629,Kelly Turner,"9003 James Union, North Samuel, RI 75605",11525,2023-11-02,95733,south interview,1,259.25
81629,Kelly Turner,"9003 James Union, North Samuel, RI 75605",39683,2024-07-28,7628,call thought,4,671.06
81629,Kelly Turner,"9003 James Union, North Samuel, RI 75605",39683,2024-07-28,98176,single similar,4,698.81
76782,Lisa Wilson,"61629 Felicia Ranch, East Nina, SC 68369",48808,2024-09-19,70552,blood sister,4,901.46
76782,Lisa Wilson,"61629 Felicia Ranch, East Nina, SC 68369",48808,2024-09-19,20230,maintain finish,4,37.39
76782,Lisa Wilson,"61629 Felicia Ranch, East Nina, SC 68369",39411,2024-09-26,39680,wait phone,5,390.08
76782,Lisa Wilson,"61629 Felicia Ranch, East Nina, SC 68369",50102,2024-08-18,62762,amount seat,2,379.34
76782,Lisa Wilson,"61629 Felicia Ranch, East Nina, SC 68369",50102,2024-08-18,75590,fill condition,4,803.04
76782,Lisa Wilson,"61629 Felicia Ranch, East Nina, SC 68369",50102,2024-08-18,66984,car data,5,115.17
50710,Mercedes Walker,"717 Jessica Cliff, Tammyside, NJ 96969",88474,2024-07-06,20230,maintain finish,4,37.39
50710,Mercedes Walker,"717 Jessica Cliff, Tammyside, NJ 96969",88474,2024-07-06,53539,radio develop,2,458.26
50710,Mercedes Walker,"717 Jessica Cliff, Tammyside, NJ 96969",15251,2024-08-22,83028,impact reach,4,880.32
59217,Mary Landry,"39246 Justin Fields, New Rachel, SC 58646",65067,2024-07-25,35740,fly catch,3,408.16
59217,Mary Landry,"39246 Justin Fields, New Rachel, SC 58646",65067,2024-07-25,93476,subject court,3,378.85
59217,Mary Landry,"39246 Justin Fields, New Rachel, SC 58646",4987,2024-03-16,35740,fly catch,3,408.16
27083,Debra Jennings,"7403 Zachary Manor, Haleyfurt, AL 40005",24479,2024-02-18,92810,citizen dream,2,876.79
27083,Debra Jennings,"7403 Zachary Manor, Haleyfurt, AL 40005",24479,2024-02-18,77235,low nor,4,31.54
97009,Julie Guzman,"82389 Julie Plains, Ramosland, GU 80656",32481,2024-08-01,44518,build society,3,303.04
97009,Julie Guzman,"82389 Julie Plains, Ramosland, GU 80656",32481,2024-08-01,35740,fly catch,3,408.16
97009,Julie Guzman,"82389 Julie Plains, Ramosland, GU 80656",32481,2024-08-01,3588,collection child,4,52.62
15728,Brianna Robinson,"450 Reyes Mountains, South Jennifer, AL 85222",64077,2024-04-04,62170,choice compare,5,506.51
15728,Brianna Robinson,"450 Reyes Mountains, South Jennifer, AL 85222",64077,2024-04-04,23504,may somebody,4,223.91
15728,Brianna Robinson,"450 Reyes Mountains, South Jennifer, AL 85222",64077,2024-04-04,10729,hotel degree,2,800.46
80537,Christopher Dunn,"7621 Berry Circle Suite 773, Markstad, AZ 92454",4650,2024-09-03,66223,specific serious,4,763.48
80537,Christopher Dunn,"7621 Berry Circle Suite 773, Markstad, AZ 92454",4650,2024-09-03,9991,each edge,2,185.47
80537,Christopher Dunn,"7621 Berry Circle Suite 773, Markstad, AZ 92454",4650,2024-09-03,79139,administration success,3,378.98
80537,Christopher Dunn,"7621 Berry Circle Suite 773, Markstad, AZ 92454",28757,2024-10-03,70552,blood sister,5,901.46
5212,Curtis Herrera,"596 Washington Point Apt. 050, East Lisa, CA 49708",43618,2024-06-21,66223,specific serious,3,763.48
5212,Curtis Herrera,"596 Washington Point Apt. 050, East Lisa, CA 49708",43618,2024-06-21,83277,west western,2,882.67
5212,Curtis Herrera,"596 Washington Point Apt. 050, East Lisa, CA 49708",29408,2024-07-15,70166,let candidate,1,337.72
5212,Curtis Herrera,"596 Washington Point Apt. 050, East Lisa, CA 49708",29408,2024-07-15,7458,could tell,4,311.26
5212,Curtis Herrera,"596 Washington Point Apt. 050, East Lisa, CA 49708",29408,2024-07-15,5537,why day,4,432.56
5212,Curtis Herrera,"596 Washington Point Apt. 050, East Lisa, CA 49708",51042,2023-11-23,23504,may somebody,4,223.91
22124,Cynthia Stein,"401 Charles Square Apt. 257, Bryantfurt, NE 69497",7786,2023-11-21,20230,maintain finish,2,37.39
22124,Cynthia Stein,"401 Charles Square Apt. 257, Bryantfurt, NE 69497",7786,2023-11-21,70918,team clear,5,59.7
22124,Cynthia Stein,"401 Charles Square Apt. 257, Bryantfurt, NE 69497",7786,2023-11-21,74698,activity both,4,912.19
22124,Cynthia Stein,"401 Charles Square Apt. 257, Bryantfurt, NE 69497",57527,2023-12-10,62335,man series,5,619.45
22124,Cynthia Stein,"401 Charles Square Apt. 257, Bryantfurt, NE 69497",28092,2024-04-25,66984,car data,4,115.17
22124,Cynthia Stein,"401 Charles Square Apt. 257, Bryantfurt, NE 69497",28092,2024-04-25,84855,fund account,5,216.8
47030,Martin Becker,"75489 Johnson Mount Apt. 623, Sylviaberg, AS 28475",45914,2024-10-08,44214,himself world,5,597.5
47030,Martin Becker,"75489 Johnson Mount Apt. 623, Sylviaberg, AS 28475",45914,2024-10-08,23504,may somebody,2,223.91
47030,Martin Becker,"75489 Johnson Mount Apt. 623, Sylviaberg, AS 28475",3761,2024-08-14,27041,popular figure,4,483.9
47030,Martin Becker,"75489 Johnson Mount Apt. 623, Sylviaberg, AS 28475",3761,2024-08-14,68778,rule deal,2,111.08
28806,Chad Welch,"104 Gordon Mall, West Alex, MH 27382",49398,2024-09-05,41078,break of,3,395.12
28806,Chad Welch,"104 Gordon Mall, West Alex, MH 27382",61782,2023-12-01,75590,fill condition,2,803.04
49976,Amy Smith,"280 Henson Ridges Apt. 714, New Jeffreyhaven, SD 02305",76701,2024-09-21,24491,friend senior,4,785.53
60937,Laura Ortiz,"31834 Brian Centers, Courtneyfurt, AL 27826",87500,2023-10-27,31737,pull idea,1,700.12
60937,Laura Ortiz,"31834 Brian Centers, Courtneyfurt, AL 27826",87500,2023-10-27,79139,administration success,4,378.98
60937,Laura Ortiz,"31834 Brian Centers, Courtneyfurt, AL 27826",31377,2023-12-04,48648,some onto,1,35.31
60937,Laura Ortiz,"31834 Brian Centers, Courtneyfurt, AL 27826",31377,2023-12-04,13073,table after,3,92.97
28550,Pamela Williams,"793 Donna Canyon Apt. 927, Rhondaville, NM 81174",50725,2024-09-20,59794,economic power,3,146.78
28550,Pamela Williams,"793 Donna Canyon Apt. 927, Rhondaville, NM 81174",54986,2024-06-07,1025,against return,3,307.44
6767,Michelle Duran,"PSC 9663, Box 7400, APO AA 24877",26984,2024-10-07,78574,pretty little,2,275.46
6767,Michelle Duran,"PSC 9663, Box 7400, APO AA 24877",26984,2024-10-07,39707,record give,4,271.2
6767,Michelle Duran,"PSC 9663, Box 7400, APO AA 24877",26984,2024-10-07,62070,firm it,4,709.83
6767,Michelle Duran,"PSC 9663, Box 7400, APO AA 24877",90111,2024-03-06,62170,choice compare,4,506.51
6767,Michelle Duran,"PSC 9663, Box 7400, APO AA 24877",69341,2024-09-04,39707,record give,3,271.2
6767,Michelle Duran,"PSC 9663, Box 7400, APO AA 24877",69341,2024-09-04,62170,choice compare,4,506.51
15568,Joshua Johnson,"545 Connor Crossroad Suite 531, East Patriciastad, NC 70537",78076,2024-06-08,41078,break of,1,395.12
15568,Joshua Johnson,"545 Connor Crossroad Suite 531, East Patriciastad, NC 70537",91751,2024-10-02,13892,son how,4,889.57
15568,Joshua Johnson,"545 Connor Crossroad Suite 531, East Patriciastad, NC 70537",91751,2024-10-02,49358,west build,3,812.37
15568,Joshua Johnson,"545 Connor Crossroad Suite 531, East Patriciastad, NC 70537",91751,2024-10-02,4361,follow it,5,328.54
15568,Joshua Johnson,"545 Connor Crossroad Suite 531, East Patriciastad, NC 70537",17782,2024-07-24,78574,pretty little,1,275.46
41727,Michael West,"167 Thompson Villages Apt. 805, Aaronshire, IA 59472",27146,2023-11-10,46813,avoid loss,5,58.75
41727,Michael West,"167 Thompson Villages Apt. 805, Aaronshire, IA 59472",27146,2023-11-10,73670,government leg,1,838.01
41727,Michael West,"167 Thompson Villages Apt. 805, Aaronshire, IA 59472",27146,2023-11-10,27975,make site,5,254.19
41727,Michael West,"167 Thompson Villages Apt. 805, Aaronshire, IA 59472",25090,2023-11-04,70552,blood sister,5,901.46
41727,Michael West,"167 Thompson Villages Apt. 805, Aaronshire, IA 59472",25090,2023-11-04,27975,make site,4,254.19
52509,Nathan Norman,"228 Miller Drive Suite 406, East Danielton, MT 39992",50765,2024-04-02,88584,law within,1,851.28
52509,Nathan Norman,"228 Miller Drive Suite 406, East Danielton, MT 39992",50765,2024-04-02,93476,subject court,4,378.85
52509,Nathan Norman,"228 Miller Drive Suite 406, East Danielton, MT 39992",50765,2024-04-02,91362,training force,4,640.29
52509,Nathan Norman,"228 Miller Drive Suite 406, East Danielton, MT 39992",76636,2024-10-06,24491,friend senior,5,785.53
52509,Nathan Norman,"228 Miller Drive Suite 406, East Danielton, MT 39992",56278,2023-12-17,83277,west western,5,882.67
77241,Sherri Heath,"79494 Phillips Islands Apt. 949, Matthewshire, WI 88361",77815,2024-09-13,4459,admit measure,3,737.28
77241,Sherri Heath,"79494 Phillips Islands Apt. 949, Matthewshire, WI 88361",77815,2024-09-13,7628,call thought,4,671.06
77241,Sherri Heath,"79494 Phillips Islands Apt. 949, Matthewshire, WI 88361",77815,2024-09-13,27975,make site,3,254.19
77241,Sherri Heath,"79494 Phillips Islands Apt. 949, Matthewshire, WI 88361",85658,2023-10-31,60947,front letter,4,793.46
77241,Sherri Heath,"79494 Phillips Islands Apt. 949, Matthewshire, WI 88361",52776,2023-12-01,30630,share particularly,5,646.96
77241,Sherri Heath,"79494 Phillips Islands Apt. 949, Matthewshire, WI 88361",52776,2023-12-01,91241,Republican police,5,442.29
51366,Kimberly Harvey,"4406 Preston Curve, Lake Elizabethfort, TN 71059",37022,2024-05-02,37001,draw beyond,4,478.75
51366,Kimberly Harvey,"4406 Preston Curve, Lake Elizabethfort, TN 71059",37022,2024-05-02,75590,fill condition,5,803.04
51366,Kimberly Harvey,"4406 Preston Curve, Lake Elizabethfort, TN 71059",37022,2024-05-02,57048,central finish,1,349.0
51366,Kimberly Harvey,"4406 Preston Curve, Lake Elizabethfort, TN 71059",33624,2024-04-26,24491,friend senior,5,785.53
6435,Timothy Russell,"1752 Daniel Prairie Apt. 630, South Danielbury, CO 58192",76966,2024-05-29,68778,rule deal,3,111.08
6435,Timothy Russell,"1752 Daniel Prairie Apt. 630, South Danielbury, CO 58192",76966,2024-05-29,70552,blood sister,3,901.46
6435,Timothy Russell,"1752 Daniel Prairie Apt. 630, South Danielbury, CO 58192",76966,2024-05-29,3588,collection child,3,52.62
65191,Mrs. Ashley Evans,"042 Vicki Springs, East Carolinebury, MP 67361",41952,2024-08-17,62335,man series,1,619.45
65191,Mrs. Ashley Evans,"042 Vicki Springs, East Carolinebury, MP 67361",41952,2024-08-17,58821,yard identify,2,399.75
94004,Sean Bauer,"74806 Mark Heights, Andrewberg, MI 86365",23776,2024-07-19,89010,state since,4,773.88
94004,Sean Bauer,"74806 Mark Heights, Andrewberg, MI 86365",23776,2024-07-19,1025,against return,4,307.44
94004,Sean Bauer,"74806 Mark Heights, Andrewberg, MI 86365",35020,2024-06-22,10729,hotel degree,3,800.46
94004,Sean Bauer,"74806 Mark Heights, Andrewberg, MI 86365",35020,2024-06-22,67406,threat mission,4,181.57
98334,Michael Davis,"72391 Brian Lake Apt. 879, Bradleytown, MD 87770",97977,2024-02-02,30630,share particularly,5,646.96
98334,Michael Davis,"72391 Brian Lake Apt. 879, Bradleytown, MD 87770",7904,2024-05-26,30630,share particularly,1,646.96
98334,Michael Davis,"72391 Brian Lake Apt. 879, Bradleytown, MD 87770",7904,2024-05-26,67406,threat mission,3,181.57
98334,Michael Davis,"72391 Brian Lake Apt. 879, Bradleytown, MD 87770",7904,2024-05-26,91362,training force,3,640.29
98334,Michael Davis,"72391 Brian Lake Apt. 879, Bradleytown, MD 87770",71072,2024-05-05,41230,church always,5,428.98
50339,Annette Martinez,"PSC 8023, Box 2317, APO AE 78557",41717,2024-04-02,22733,seat your,3,790.71
50339,Annette Martinez,"PSC 8023, Box 2317, APO AE 78557",41717,2024-04-02,91472,different state,5,513.47
50339,Annette Martinez,"PSC 8023, Box 2317, APO AE 78557",47174,2024-04-04,60205,probably character,3,828.78
50339,Annette Martinez,"PSC 8023, Box 2317, APO AE 78557",47174,2024-04-04,64717,together system,2,136.24
9509,Donald Brown,"5462 Barbara Flat Suite 177, Russofort, CO 30531",27398,2024-10-10,3436,he pattern,3,504.18
9509,Donald Brown,"5462 Barbara Flat Suite 177, Russofort, CO 30531",47632,2024-07-10,5537,why day,3,432.56
9509,Donald Brown,"5462 Barbara Flat Suite 177, Russofort, CO 30531",47632,2024-07-10,84855,fund account,2,216.8
9509,Donald Brown,"5462 Barbara Flat Suite 177, Russofort, CO 30531",47632,2024-07-10,97994,remain discussion,3,534.48
9509,Donald Brown,"5462 Barbara Flat Suite 177, Russofort, CO 30531",5957,2024-03-04,68778,rule deal,3,111.08
9509,Donald Brown,"5462 Barbara Flat Suite 177, Russofort, CO 30531",5957,2024-03-04,91241,Republican police,1,442.29
74137,Scott Mclaughlin,"6174 Day Avenue, West Jessicatown, VI 06830",99674,2024-08-29,10729,hotel degree,4,800.46
74137,Scott Mclaughlin,"6174 Day Avenue, West Jessicatown, VI 06830",99674,2024-08-29,1025,against return,2,307.44
74137,Scott Mclaughlin,"6174 Day Avenue, West Jessicatown, VI 06830",99674,2024-08-29,95733,south interview,5,259.25
74137,Scott Mclaughlin,"6174 Day Avenue, West Jessicatown, VI 06830",8868,2024-03-15,95733,south interview,3,259.25
30225,Sarah Hendricks,"15191 Adams Crescent Suite 683, New Samantha, OR 70132",20235,2024-07-10,98054,if top,2,973.01
30225,Sarah Hendricks,"15191 Adams Crescent Suite 683, New Samantha, OR 70132",20235,2024-07-10,22733,seat your,2,790.71
69596,Stephanie Anderson,"296 Jennifer Stravenue, Lisamouth, NV 13122",35679,2024-02-01,13073,table after,3,92.97
69596,Stephanie Anderson,"296 Jennifer Stravenue, Lisamouth, NV 13122",35679,2024-02-01,285,provide friend,3,162.6
69596,Stephanie Anderson,"296 Jennifer Stravenue, Lisamouth, NV 13122",35679,2024-02-01,62070,firm it,1,709.83
69596,Stephanie Anderson,"296 Jennifer Stravenue, Lisamouth, NV 13122",36248,2024-02-06,13433,positive after,4,154.64
69596,Stephanie Anderson,"296 Jennifer Stravenue, Lisamouth, NV 13122",36248,2024-02-06,77235,low nor,5,31.54
39382,Christine Williams,"3669 Alexandra River, New Jean, MT 50835",72773,2024-10-15,38980,light together,4,757.42
39382,Christine Williams,"3669 Alexandra River, New Jean, MT 50835",72773,2024-10-15,12041,most easy,4,550.4
39382,Christine Williams,"3669 Alexandra River, New Jean, MT 50835",78519,2024-05-02,75590,fill condition,5,803.04
45113,Nathan Miller,"33983 Shaw Trail Suite 713, North Keithtown, FL 73009",4205,2024-02-24,91241,Republican police,2,442.29
45113,Nathan Miller,"33983 Shaw Trail Suite 713, North Keithtown, FL 73009",4205,2024-02-24,52265,international watch,2,110.68
45113,Nathan Miller,"33983 Shaw Trail Suite 713, North Keithtown, FL 73009",4205,2024-02-24,62070,firm it,3,709.83
45113,Nathan Miller,"33983 Shaw Trail Suite 713, North Keithtown, FL 73009",89358,2024-09-01,44518,build society,1,303.04
21145,Nathan Martinez,"96925 Wilson Mission Apt. 895, Amyshire, MA 17849",84217,2024-01-11,7458,could tell,1,311.26
88498,Ashley Smith,"808 Anderson Centers Apt. 357, East Paulton, AK 43901",88417,2024-02-19,3436,he pattern,5,504.18
88498,Ashley Smith,"808 Anderson Centers Apt. 357, East Paulton, AK 43901",88417,2024-02-19,13433,positive after,5,154.64
88498,Ashley Smith,"808 Anderson Centers Apt. 357, East Paulton, AK 43901",88417,2024-02-19,84927,team allow,2,332.14
88498,Ashley Smith,"808 Anderson Centers Apt. 357, East Paulton, AK 43901",89567,2024-01-20,73670,government leg,4,838.01
88498,Ashley Smith,"808 Anderson Centers Apt. 357, East Paulton, AK 43901",89567,2024-01-20,65859,however group,1,565.77
88498,Ashley Smith,"808 Anderson Centers Apt. 357, East Paulton, AK 43901",89567,2024-01-20,89010,state since,1,773.88
88498,Ashley Smith,"808 Anderson Centers Apt. 357, East Paulton, AK 43901",88238,2023-12-10,83277,west western,4,882.67
88498,Ashley Smith,"808 Anderson Centers Apt. 357, East Paulton, AK 43901",88238,2023-12-10,91362,training force,5,640.29
92119,Richard Norris,"3295 Patricia Mission, South Alanborough, MD 82997",48820,2024-06-24,73670,government leg,4,838.01
92119,Richard Norris,"3295 Patricia Mission, South Alanborough, MD 82997",48820,2024-06-24,41078,break of,2,395.12
92119,Richard Norris,"3295 Patricia Mission, South Alanborough, MD 82997",48820,2024-06-24,91241,Republican police,5,442.29
92119,Richard Norris,"3295 Patricia Mission, South Alanborough, MD 82997",77669,2023-11-12,9868,reduce first,2,882.4
92119,Richard Norris,"3295 Patricia Mission, South Alanborough, MD 82997",77669,2023-11-12,66829,indicate glass,4,655.22
92119,Richard Norris,"3295 Patricia Mission, South Alanborough, MD 82997",77669,2023-11-12,31737,pull idea,3,700.12
36436,Andrew Salazar,"USNS Carey, FPO AP 03344",89852,2024-01-04,27975,make site,3,254.19
36436,Andrew Salazar,"USNS Carey, FPO AP 03344",15002,2024-04-26,9991,each edge,4,185.47
36436,Andrew Salazar,"USNS Carey, FPO AP 03344",15002,2024-04-26,38980,light together,1,757.42
36436,Andrew Salazar,"USNS Carey, FPO AP 03344",15002,2024-04-26,44518,build society,4,303.04
19272,Michael Jones,"3859 William Haven, Taylorville, FL 60160",18707,2023-12-14,99677,game test,2,780.7
19272,Michael Jones,"3859 William Haven, Taylorville, FL 60160",18707,2023-12-14,39680,wait phone,4,390.08
19272,Michael Jones,"3859 William Haven, Taylorville, FL 60160",18707,2023-12-14,87329,worker organization,2,990.26
19272,Michael Jones,"3859 William Haven, Taylorville, FL 60160",73522,2024-01-01,60205,probably character,1,828.78
19272,Michael Jones,"3859 William Haven, Taylorville, FL 60160",73522,2024-01-01,23419,represent which,3,615.92
19272,Michael Jones,"3859 William Haven, Taylorville, FL 60160",73522,2024-01-01,41230,church always,3,428.98
91426,Gregory Graves,"696 Lee Parkways Suite 944, South Nancy, ME 49225",37678,2024-06-11,4459,admit measure,5,737.28
55032,Elizabeth Woods,"859 Cuevas Walk Apt. 685, South David, SC 40008",87743,2023-11-16,83277,west western,5,882.67
55032,Elizabeth Woods,"859 Cuevas Walk Apt. 685, South David, SC 40008",87743,2023-11-16,60205,probably character,5,828.78
11784,Diana Wright,"3774 Robinson Divide, New Kristen, ND 06414",47547,2023-11-10,38257,few trade,5,712.15
61090,Danny Choi,"9835 Hannah Ramp, East Carolynmouth, CT 94247",48983,2024-01-22,25025,mouth key,4,575.89
61090,Danny Choi,"9835 Hannah Ramp, East Carolynmouth, CT 94247",34254,2024-05-08,29940,cause here,3,967.4
62135,Brian Brown,"USCGC Lee, FPO AP 68443",41605,2024-04-21,29397,level visit,3,346.42
62135,Brian Brown,"USCGC Lee, FPO AP 68443",41605,2024-04-21,64717,together system,4,136.24
62135,Brian Brown,"USCGC Lee, FPO AP 68443",41605,2024-04-21,7628,call thought,2,671.06
84619,Sean Dunn,"7629 Alison Route Apt. 384, West Stephen, NC 70106",88603,2024-08-04,66223,specific serious,1,763.48
84619,Sean Dunn,"7629 Alison Route Apt. 384, West Stephen, NC 70106",88603,2024-08-04,70166,let candidate,4,337.72
84619,Sean Dunn,"7629 Alison Route Apt. 384, West Stephen, NC 70106",88603,2024-08-04,73670,government leg,2,838.01
84619,Sean Dunn,"7629 Alison Route Apt. 384, West Stephen, NC 70106",59003,2024-05-30,84855,fund account,4,216.8
84619,Sean Dunn,"7629 Alison Route Apt. 384, West Stephen, NC 70106",59003,2024-05-30,98176,single similar,2,698.81
84619,Sean Dunn,"7629 Alison Route Apt. 384, West Stephen, NC 70106",59003,2024-05-30,23419,represent which,2,615.92
84619,Sean Dunn,"7629 Alison Route Apt. 384, West Stephen, NC 70106",85840,2024-05-27,37534,dark few,3,290.77
84619,Sean Dunn,"7629 Alison Route Apt. 384, West Stephen, NC 70106",85840,2024-05-27,92810,citizen dream,4,876.79
84619,Sean Dunn,"7629 Alison Route Apt. 384, West Stephen, NC 70106",85840,2024-05-27,95733,south interview,2,259.25
55626,Christopher Mitchell,"64012 Anthony Squares Apt. 114, Ashleyburgh, MS 20064",72292,2024-05-28,98054,if top,1,973.01
55626,Christopher Mitchell,"64012 Anthony Squares Apt. 114, Ashleyburgh, MS 20064",72292,2024-05-28,10729,hotel degree,3,800.46
55626,Christopher Mitchell,"64012 Anthony Squares Apt. 114, Ashleyburgh, MS 20064",68493,2023-11-12,98054,if top,5,973.01
55626,Christopher Mitchell,"64012 Anthony Squares Apt. 114, Ashleyburgh, MS 20064",68493,2023-11-12,70918,team clear,3,59.7
55626,Christopher Mitchell,"64012 Anthony Squares Apt. 114, Ashleyburgh, MS 20064",55544,2024-01-23,7458,could tell,5,311.26
99470,Melissa Ewing,"PSC 3052, Box 2047, APO AA 30791",18345,2023-11-21,91241,Republican police,3,442.29
99470,Melissa Ewing,"PSC 3052, Box 2047, APO AA 30791",18345,2023-11-21,46813,avoid loss,5,58.75
99470,Melissa Ewing,"PSC 3052, Box 2047, APO AA 30791",18345,2023-11-21,83028,impact reach,5,880.32
13278,Emily Castro,"Unit 7672 Box 7587, DPO AE 71908",17524,2024-04-02,20230,maintain finish,5,37.39
13278,Emily Castro,"Unit 7672 Box 7587, DPO AE 71908",84625,2023-12-25,65859,however group,3,565.77
13278,Emily Castro,"Unit 7672 Box 7587, DPO AE 71908",84625,2023-12-25,68778,rule deal,2,111.08
13278,Emily Castro,"Unit 7672 Box 7587, DPO AE 71908",84625,2023-12-25,31737,pull idea,1,700.12
13278,Emily Castro,"Unit 7672 Box 7587, DPO AE 71908",93173,2024-05-15,7628,call thought,5,671.06
13278,Emily Castro,"Unit 7672 Box 7587, DPO AE 71908",93173,2024-05-15,52265,international watch,3,110.68
93049,Martha Olson,"9785 Rodriguez Grove, Wongmouth, NY 37509",6345,2024-03-30,4459,admit measure,2,737.28
93049,Martha Olson,"9785 Rodriguez Grove, Wongmouth, NY 37509",76059,2024-01-26,7458,could tell,4,311.26
93049,Martha Olson,"9785 Rodriguez Grove, Wongmouth, NY 37509",76059,2024-01-26,4080,reach physical,4,879.22
93049,Martha Olson,"9785 Rodriguez Grove, Wongmouth, NY 37509",76059,2024-01-26,84855,fund account,4,216.8
93049,Martha Olson,"9785 Rodriguez Grove, Wongmouth, NY 37509",73431,2024-10-05,89010,state since,3,773.88
93049,Martha Olson,"9785 Rodriguez Grove, Wongmouth, NY 37509",73431,2024-10-05,67406,threat mission,1,181.57
61819,Mr. Kenneth Garcia Jr.,"749 Davila Mountains, Lake Donna, AS 99593",5887,2023-12-10,77235,low nor,1,31.54
61819,Mr. Kenneth Garcia Jr.,"749 Davila Mountains, Lake Donna, AS 99593",5887,2023-12-10,25025,mouth key,4,575.89
61819,Mr. Kenneth Garcia Jr.,"749 Davila Mountains, Lake Donna, AS 99593",27240,2024-01-21,52265,international watch,3,110.68
61819,Mr. Kenneth Garcia Jr.,"749 Davila Mountains, Lake Donna, AS 99593",27240,2024-01-21,70918,team clear,3,59.7
36928,Rachael Smith,"33500 Teresa Trail Suite 975, West Christina, DC 39401",86119,2024-02-29,75590,fill condition,5,803.04
36928,Rachael Smith,"33500 Teresa Trail Suite 975, West Christina, DC 39401",86119,2024-02-29,99677,game test,5,780.7
36928,Rachael Smith,"33500 Teresa Trail Suite 975, West Christina, DC 39401",86119,2024-02-29,84855,fund account,2,216.8
38357,David James,"7992 Johnson Rapids Apt. 497, Calvinport, AR 00999",29290,2024-05-02,62762,amount seat,1,379.34
38357,David James,"7992 Johnson Rapids Apt. 497, Calvinport, AR 00999",61289,2024-06-06,62170,choice compare,5,506.51
38357,David James,"7992 Johnson Rapids Apt. 497, Calvinport, AR 00999",61289,2024-06-06,3436,he pattern,4,504.18
71233,Jennifer Mcclain,"93139 Ryan Streets Suite 833, South Steven, MP 45842",38821,2023-11-18,91362,training force,2,640.29
71233,Jennifer Mcclain,"93139 Ryan Streets Suite 833, South Steven, MP 45842",38821,2023-11-18,29397,level visit,2,346.42
77578,Michael Davis,"525 Lisa Port, Lake Kevin, UT 92525",19057,2023-10-26,27975,make site,4,254.19
77578,Michael Davis,"525 Lisa Port, Lake Kevin, UT 92525",28754,2024-03-28,60205,probably character,5,828.78
77578,Michael Davis,"525 Lisa Port, Lake Kevin, UT 92525",28754,2024-03-28,60947,front letter,2,793.46
3018,Mary Duncan,"589 Harris Falls Suite 520, Beckyfort, PR 66241",42901,2024-07-10,70918,team clear,3,59.7
3018,Mary Duncan,"589 Harris Falls Suite 520, Beckyfort, PR 66241",42901,2024-07-10,24491,friend senior,2,785.53
61792,Jessica Wong,"53812 Sherri Avenue, Juliaburgh, WA 75167",88087,2024-10-08,46813,avoid loss,5,58.75
61792,Jessica Wong,"53812 Sherri Avenue, Juliaburgh, WA 75167",88087,2024-10-08,38980,light together,5,757.42
26256,Teresa Allen,"006 Le Mission, Port Peggyfort, MT 38466",9040,2024-10-09,66223,specific serious,2,763.48
26256,Teresa Allen,"006 Le Mission, Port Peggyfort, MT 38466",9040,2024-10-09,89010,state since,5,773.88
26256,Teresa Allen,"006 Le Mission, Port Peggyfort, MT 38466",9040,2024-10-09,60947,front letter,2,793.46
26256,Teresa Allen,"006 Le Mission, Port Peggyfort, MT 38466",14026,2024-05-17,53539,radio develop,4,458.26
73365,Jeffrey Howell,"2138 Smith Burgs, Nobletown, VA 06346",30314,2023-12-23,12041,most easy,5,550.4
73365,Jeffrey Howell,"2138 Smith Burgs, Nobletown, VA 06346",30314,2023-12-23,31238,church interest,2,54.88
73365,Jeffrey Howell,"2138 Smith Burgs, Nobletown, VA 06346",30314,2023-12-23,59794,economic power,2,146.78
75796,Christopher Martin,"1773 Pineda Track Apt. 589, Wilsonview, IA 16384",8269,2024-05-10,2649,themselves person,1,382.08
75796,Christopher Martin,"1773 Pineda Track Apt. 589, Wilsonview, IA 16384",8269,2024-05-10,23504,may somebody,1,223.91
33238,Christina Thompson,"55804 Christopher Crest Apt. 827, Suarezmouth, OK 58099",48275,2023-11-29,58821,yard identify,1,399.75
33238,Christina Thompson,"55804 Christopher Crest Apt. 827, Suarezmouth, OK 58099",48275,2023-11-29,5537,why day,3,432.56
33238,Christina Thompson,"55804 Christopher Crest Apt. 827, Suarezmouth, OK 58099",46440,2024-04-10,65859,however group,2,565.77
33238,Christina Thompson,"55804 Christopher Crest Apt. 827, Suarezmouth, OK 58099",46440,2024-04-10,70552,blood sister,3,901.46
49475,Mr. Kevin Cook,"6486 Richard Motorway Suite 467, East Derrickhaven, AR 43150",15189,2024-02-07,9868,reduce first,5,882.4
49475,Mr. Kevin Cook,"6486 Richard Motorway Suite 467, East Derrickhaven, AR 43150",15189,2024-02-07,35740,fly catch,3,408.16
49475,Mr. Kevin Cook,"6486 Richard Motorway Suite 467, East Derrickhaven, AR 43150",15189,2024-02-07,46813,avoid loss,4,58.75
58154,James Martinez,"6662 Smith Isle Apt. 281, Graychester, AR 37608",63772,2024-05-17,31238,church interest,3,54.88
58154,James Martinez,"6662 Smith Isle Apt. 281, Graychester, AR 37608",7919,2024-10-10,27041,popular figure,3,483.9
58154,James Martinez,"6662 Smith Isle Apt. 281, Graychester, AR 37608",7919,2024-10-10,91241,Republican police,1,442.29
58154,James Martinez,"6662 Smith Isle Apt. 281, Graychester, AR 37608",7919,2024-10-10,93476,subject court,3,378.85
58154,James Martinez,"6662 Smith Isle Apt. 281, Graychester, AR 37608",65414,2024-09-09,13892,son how,2,889.57
58154,James Martinez,"6662 Smith Isle Apt. 281, Graychester, AR 37608",65414,2024-09-09,73670,government leg,5,838.01
13533,Caroline Martin,"4577 Williams Landing, Cooperburgh, AK 31256",96642,2024-03-02,70918,team clear,4,59.7
13533,Caroline Martin,"4577 Williams Landing, Cooperburgh, AK 31256",96642,2024-03-02,49358,west build,4,812.37
13533,Caroline Martin,"4577 Williams Landing, Cooperburgh, AK 31256",96642,2024-03-02,38257,few trade,4,712.15
13533,Caroline Martin,"4577 Williams Landing, Cooperburgh, AK 31256",11568,2024-10-03,34209,new family,5,339.87
13533,Caroline Martin,"4577 Williams Landing, Cooperburgh, AK 31256",11568,2024-10-03,2235,senior work,1,871.17
52497,Dr. Amy Zuniga,"5508 Ware Drives, Crystalside, CT 59884",12824,2024-05-19,60205,probably character,1,828.78
73915,Elizabeth Smith,"7259 Boyer Shoal Apt. 657, West Jesseburgh, GA 83659",90074,2024-04-21,27975,make site,3,254.19
73915,Elizabeth Smith,"7259 Boyer Shoal Apt. 657, West Jesseburgh, GA 83659",90074,2024-04-21,35740,fly catch,4,408.16
83619,Thomas Alvarez,"PSC 0122, Box 7662, APO AE 76862",92846,2024-05-22,62762,amount seat,2,379.34
83619,Thomas Alvarez,"PSC 0122, Box 7662, APO AE 76862",92846,2024-05-22,99467,entire clear,2,168.62
83619,Thomas Alvarez,"PSC 0122, Box 7662, APO AE 76862",48400,2024-06-16,93476,subject court,4,378.85
83619,Thomas Alvarez,"PSC 0122, Box 7662, APO AE 76862",48400,2024-06-16,59794,economic power,3,146.78
83619,Thomas Alvarez,"PSC 0122, Box 7662, APO AE 76862",48400,2024-06-16,285,provide friend,5,162.6
63562,Melissa Gray,"24698 Angela Square Apt. 054, Stephaniebury, TX 52795",63329,2024-01-08,84927,team allow,1,332.14
63562,Melissa Gray,"24698 Angela Square Apt. 054, Stephaniebury, TX 52795",63329,2024-01-08,74698,activity both,3,912.19
63562,Melissa Gray,"24698 Angela Square Apt. 054, Stephaniebury, TX 52795",63329,2024-01-08,285,provide friend,3,162.6
6561,Paul Richardson,"70638 Andrea Walk, North Darren, OH 74926",2106,2024-04-11,44214,himself world,1,597.5
6561,Paul Richardson,"70638 Andrea Walk, North Darren, OH 74926",2106,2024-04-11,78574,pretty little,5,275.46
6561,Paul Richardson,"70638 Andrea Walk, North Darren, OH 74926",2106,2024-04-11,65859,however group,4,565.77
21023,Lisa Dickerson,"722 Nicole Shoals, Port Angelahaven, IL 68605",98744,2023-11-17,99677,game test,3,780.7
21023,Lisa Dickerson,"722 Nicole Shoals, Port Angelahaven, IL 68605",98744,2023-11-17,37001,draw beyond,3,478.75
21023,Lisa Dickerson,"722 Nicole Shoals, Port Angelahaven, IL 68605",98744,2023-11-17,88584,law within,1,851.28
21023,Lisa Dickerson,"722 Nicole Shoals, Port Angelahaven, IL 68605",57177,2024-03-30,60947,front letter,4,793.46
21023,Lisa Dickerson,"722 Nicole Shoals, Port Angelahaven, IL 68605",57177,2024-03-30,285,provide friend,1,162.6
45304,Cheyenne Hood,"68448 James Union, West Mistybury, AR 59294",47157,2024-04-12,20230,maintain finish,2,37.39
45304,Cheyenne Hood,"68448 James Union, West Mistybury, AR 59294",47157,2024-04-12,4080,reach physical,3,879.22
45304,Cheyenne Hood,"68448 James Union, West Mistybury, AR 59294",47157,2024-04-12,23504,may somebody,1,223.91
45304,Cheyenne Hood,"68448 James Union, West Mistybury, AR 59294",32113,2024-04-26,13189,store daughter,4,150.25
45304,Cheyenne Hood,"68448 James Union, West Mistybury, AR 59294",32113,2024-04-26,49358,west build,1,812.37
45304,Cheyenne Hood,"68448 James Union, West Mistybury, AR 59294",85150,2023-12-16,14861,social ahead,2,118.94
45304,Cheyenne Hood,"68448 James Union, West Mistybury, AR 59294",85150,2023-12-16,24491,friend senior,2,785.53
76165,Victoria Burns,"467 Kimberly Field Apt. 775, Gallagherburgh, CO 77233",79633,2024-06-07,2649,themselves person,1,382.08
76165,Victoria Burns,"467 Kimberly Field Apt. 775, Gallagherburgh, CO 77233",79633,2024-06-07,66829,indicate glass,2,655.22
77826,Denise Herrera,"144 William Vista Apt. 484, Davisside, NE 39328",7212,2024-06-30,48648,some onto,5,35.31
77826,Denise Herrera,"144 William Vista Apt. 484, Davisside, NE 39328",82433,2024-07-20,66829,indicate glass,1,655.22
77826,Denise Herrera,"144 William Vista Apt. 484, Davisside, NE 39328",34193,2024-07-29,3436,he pattern,3,504.18
77826,Denise Herrera,"144 William Vista Apt. 484, Davisside, NE 39328",34193,2024-07-29,3436,he pattern,4,504.18
97536,Savannah Bowman,"498 Miller Centers, Port Jenniferville, TN 59337",85900,2024-03-09,9868,reduce first,3,882.4
97536,Savannah Bowman,"498 Miller Centers, Port Jenniferville, TN 59337",85900,2024-03-09,34209,new family,1,339.87
97536,Savannah Bowman,"498 Miller Centers, Port Jenniferville, TN 59337",85900,2024-03-09,84855,fund account,3,216.8
39288,Debbie Moore,"114 Stephens Lake, New Erikmouth, AK 32538",70945,2024-08-03,99467,entire clear,5,168.62
39288,Debbie Moore,"114 Stephens Lake, New Erikmouth, AK 32538",70945,2024-08-03,68778,rule deal,3,111.08
39288,Debbie Moore,"114 Stephens Lake, New Erikmouth, AK 32538",6260,2023-12-27,70166,let candidate,2,337.72
55054,Tiffany Smith,"90124 Baker Burgs Suite 782, Port Bonnie, AK 22241",3601,2024-03-19,95733,south interview,2,259.25
55054,Tiffany Smith,"90124 Baker Burgs Suite 782, Port Bonnie, AK 22241",3601,2024-03-19,37001,draw beyond,4,478.75
55054,Tiffany Smith,"90124 Baker Burgs Suite 782, Port Bonnie, AK 22241",3601,2024-03-19,95733,south interview,3,259.25
70283,Robert Edwards,"3805 Nicole Shore Suite 401, East Lisamouth, AZ 27091",63895,2023-10-31,77235,low nor,2,31.54
70283,Robert Edwards,"3805 Nicole Shore Suite 401, East Lisamouth, AZ 27091",63895,2023-10-31,3588,collection child,4,52.62
70283,Robert Edwards,"3805 Nicole Shore Suite 401, East Lisamouth, AZ 27091",63895,2023-10-31,62762,amount seat,4,379.34
33227,Karen Martinez,"USNS Summers, FPO AP 90535",15096,2024-02-23,9868,reduce first,3,882.4
33227,Karen Martinez,"USNS Summers, FPO AP 90535",15096,2024-02-23,3436,he pattern,5,504.18
33227,Karen Martinez,"USNS Summers, FPO AP 90535",15096,2024-02-23,23504,may somebody,4,223.91
23803,Tiffany Cole,"31747 Ramirez Falls Apt. 750, Thompsonfurt, GA 17265",90577,2024-01-01,29397,level visit,3,346.42
23803,Tiffany Cole,"31747 Ramirez Falls Apt. 750, Thompsonfurt, GA 17265",90577,2024-01-01,25025,mouth key,2,575.89
85142,Nicole Leon,"375 Kelli Circles, Schultzstad, MT 13991",14738,2024-01-03,97994,remain discussion,3,534.48
85142,Nicole Leon,"375 Kelli Circles, Schultzstad, MT 13991",94960,2024-03-28,44214,himself world,1,597.5
85142,Nicole Leon,"375 Kelli Circles, Schultzstad, MT 13991",94960,2024-03-28,98054,if top,3,973.01
85142,Nicole Leon,"375 Kelli Circles, Schultzstad, MT 13991",43897,2024-05-23,20230,maintain finish,2,37.39
46770,Mark Smith,"458 Anderson Harbor Suite 033, Evanport, ID 87058",91229,2024-07-31,98054,if top,3,973.01
46770,Mark Smith,"458 Anderson Harbor Suite 033, Evanport, ID 87058",91229,2024-07-31,46813,avoid loss,3,58.75
22485,Dr. Nicholas Kennedy DVM,"1842 Walton Field, Port Mathew, WI 54348",3822,2024-06-06,9868,reduce first,4,882.4
22485,Dr. Nicholas Kennedy DVM,"1842 Walton Field, Port Mathew, WI 54348",90118,2024-09-25,38980,light together,4,757.42
22485,Dr. Nicholas Kennedy DVM,"1842 Walton Field, Port Mathew, WI 54348",90118,2024-09-25,75590,fill condition,1,803.04
22485,Dr. Nicholas Kennedy DVM,"1842 Walton Field, Port Mathew, WI 54348",90118,2024-09-25,31238,church interest,3,54.88
22485,Dr. Nicholas Kennedy DVM,"1842 Walton Field, Port Mathew, WI 54348",70153,2023-11-28,66984,car data,5,115.17
22485,Dr. Nicholas Kennedy DVM,"1842 Walton Field, Port Mathew, WI 54348",70153,2023-11-28,24491,friend senior,2,785.53
22485,Dr. Nicholas Kennedy DVM,"1842 Walton Field, Port Mathew, WI 54348",70153,2023-11-28,70166,let candidate,2,337.72
49634,Daniel Crawford,"155 Mark Union, Taraport, MH 37736",31185,2024-06-17,46813,avoid loss,4,58.75
49634,Daniel Crawford,"155 Mark Union, Taraport, MH 37736",31185,2024-06-17,35577,tough no,5,41.98
49634,Daniel Crawford,"155 Mark Union, Taraport, MH 37736",31185,2024-06-17,38257,few trade,1,712.15
49634,Daniel Crawford,"155 Mark Union, Taraport, MH 37736",33966,2023-12-26,60947,front letter,1,793.46
49634,Daniel Crawford,"155 Mark Union, Taraport, MH 37736",33966,2023-12-26,23504,may somebody,4,223.91
49634,Daniel Crawford,"155 Mark Union, Taraport, MH 37736",33966,2023-12-26,52265,international watch,2,110.68
49634,Daniel Crawford,"155 Mark Union, Taraport, MH 37736",90775,2024-02-13,23419,represent which,5,615.92
49634,Daniel Crawford,"155 Mark Union, Taraport, MH 37736",90775,2024-02-13,92810,citizen dream,3,876.79
36458,Anthony Parks,"99699 Lopez Estate, Rebeccahaven, KY 03341",8759,2024-10-14,57048,central finish,3,349.0
36458,Anthony Parks,"99699 Lopez Estate, Rebeccahaven, KY 03341",57966,2024-06-16,59794,economic power,2,146.78
36458,Anthony Parks,"99699 Lopez Estate, Rebeccahaven, KY 03341",57966,2024-06-16,37001,draw beyond,1,478.75
4637,Vickie Bartlett,"73129 Taylor Field Apt. 858, Grayside, PW 59288",71845,2023-11-30,46813,avoid loss,2,58.75
4637,Vickie Bartlett,"73129 Taylor Field Apt. 858, Grayside, PW 59288",71845,2023-11-30,64717,together system,2,136.24
4637,Vickie Bartlett,"73129 Taylor Field Apt. 858, Grayside, PW 59288",32683,2024-08-07,44214,himself world,3,597.5
4637,Vickie Bartlett,"73129 Taylor Field Apt. 858, Grayside, PW 59288",32683,2024-08-07,4080,reach physical,2,879.22
4637,Vickie Bartlett,"73129 Taylor Field Apt. 858, Grayside, PW 59288",32683,2024-08-07,22733,seat your,3,790.71
16852,Tammy Hughes,"402 Ashley Tunnel Apt. 885, Petersonland, OH 43306",66792,2023-11-02,9991,each edge,3,185.47
16852,Tammy Hughes,"402 Ashley Tunnel Apt. 885, Petersonland, OH 43306",23216,2024-04-22,38257,few trade,2,712.15
16852,Tammy Hughes,"402 Ashley Tunnel Apt. 885, Petersonland, OH 43306",93582,2024-05-22,3588,collection child,5,52.62
16852,Tammy Hughes,"402 Ashley Tunnel Apt. 885, Petersonland, OH 43306",93582,2024-05-22,38980,light together,1,757.42
88859,Lance Jones,"USNS Marshall, FPO AP 43292",39353,2024-05-11,37001,draw beyond,1,478.75
88859,Lance Jones,"USNS Marshall, FPO AP 43292",39353,2024-05-11,73670,government leg,1,838.01
88859,Lance Jones,"USNS Marshall, FPO AP 43292",39353,2024-05-11,7458,could tell,2,311.26
88859,Lance Jones,"USNS Marshall, FPO AP 43292",97574,2024-06-27,30630,share particularly,1,646.96
88859,Lance Jones,"USNS Marshall, FPO AP 43292",97574,2024-06-27,3436,he pattern,2,504.18
88859,Lance Jones,"USNS Marshall, FPO AP 43292",97574,2024-06-27,39680,wait phone,1,390.08
57151,Matthew Jones,"05926 Michael Isle Apt. 410, Kathrynfort, AL 13423",53180,2024-01-25,85138,same impact,4,638.88
57151,Matthew Jones,"05926 Michael Isle Apt. 410, Kathrynfort, AL 13423",53180,2024-01-25,25217,case full,3,221.27
57151,Matthew Jones,"05926 Michael Isle Apt. 410, Kathrynfort, AL 13423",53180,2024-01-25,38980,light together,1,757.42
57151,Matthew Jones,"05926 Michael Isle Apt. 410, Kathrynfort, AL 13423",8399,2023-10-27,13433,positive after,3,154.64
57151,Matthew Jones,"05926 Michael Isle Apt. 410, Kathrynfort, AL 13423",8399,2023-10-27,25217,case full,4,221.27
57151,Matthew Jones,"05926 Michael Isle Apt. 410, Kathrynfort, AL 13423",43687,2024-08-26,13189,store daughter,3,150.25
40181,Misty Stevenson,"049 Wise Underpass, Carlsonshire, NM 72150",82710,2024-01-18,20230,maintain finish,2,37.39
40181,Misty Stevenson,"049 Wise Underpass, Carlsonshire, NM 72150",82710,2024-01-18,35740,fly catch,1,408.16
58359,Kyle Reeves,"90549 Michelle Orchard Apt. 797, Colehaven, FL 75797",60084,2023-12-20,73670,government leg,1,838.01
58359,Kyle Reeves,"90549 Michelle Orchard Apt. 797, Colehaven, FL 75797",60084,2023-12-20,9868,reduce first,4,882.4
58359,Kyle Reeves,"90549 Michelle Orchard Apt. 797, Colehaven, FL 75797",71689,2024-06-14,25025,mouth key,2,575.89
58359,Kyle Reeves,"90549 Michelle Orchard Apt. 797, Colehaven, FL 75797",71689,2024-06-14,67406,threat mission,1,181.57
58359,Kyle Reeves,"90549 Michelle Orchard Apt. 797, Colehaven, FL 75797",71689,2024-06-14,57048,central finish,2,349.0
12181,Scott White,"067 Edwin Streets, West Rebekah, OH 65633",39925,2024-05-19,87329,worker organization,5,990.26
12181,Scott White,"067 Edwin Streets, West Rebekah, OH 65633",39925,2024-05-19,66223,specific serious,4,763.48
12181,Scott White,"067 Edwin Streets, West Rebekah, OH 65633",14753,2023-10-29,38980,light together,3,757.42
12181,Scott White,"067 Edwin Streets, West Rebekah, OH 65633",14753,2023-10-29,99677,game test,2,780.7
12181,Scott White,"067 Edwin Streets, West Rebekah, OH 65633",14753,2023-10-29,38980,light together,3,757.42
36229,Phyllis Curry,"3931 Caldwell Estates Suite 393, North Rebecca, NV 63065",88713,2024-07-23,27041,popular figure,1,483.9
36229,Phyllis Curry,"3931 Caldwell Estates Suite 393, North Rebecca, NV 63065",88713,2024-07-23,83028,impact reach,4,880.32
36229,Phyllis Curry,"3931 Caldwell Estates Suite 393, North Rebecca, NV 63065",41241,2023-12-21,79139,administration success,1,378.98
36229,Phyllis Curry,"3931 Caldwell Estates Suite 393, North Rebecca, NV 63065",41241,2023-12-21,84927,team allow,5,332.14
66802,Megan Green,"0828 Chandler Unions, New Warrenland, WV 24636",32107,2024-01-16,2649,themselves person,1,382.08
31407,Haley James,"591 Rachael Union Apt. 907, Randallport, PR 68033",48208,2024-08-03,2649,themselves person,5,382.08
31407,Haley James,"591 Rachael Union Apt. 907, Randallport, PR 68033",87002,2024-09-27,37534,dark few,2,290.77
31407,Haley James,"591 Rachael Union Apt. 907, Randallport, PR 68033",92578,2024-06-27,88584,law within,3,851.28
31407,Haley James,"591 Rachael Union Apt. 907, Randallport, PR 68033",92578,2024-06-27,27975,make site,3,254.19
3745,Justin Moore,"PSC 1284, Box 2588, APO AA 97338",28946,2024-01-19,89010,state since,3,773.88
3745,Justin Moore,"PSC 1284, Box 2588, APO AA 97338",97493,2024-07-15,4361,follow it,5,328.54
3745,Justin Moore,"PSC 1284, Box 2588, APO AA 97338",97493,2024-07-15,91241,Republican police,4,442.29
3745,Justin Moore,"PSC 1284, Box 2588, APO AA 97338",32003,2024-01-19,37001,draw beyond,5,478.75
41712,Jillian Murphy,"4011 Gates Turnpike, Lake Antonioview, OH 12830",89004,2024-08-21,57048,central finish,1,349.0
41712,Jillian Murphy,"4011 Gates Turnpike, Lake Antonioview, OH 12830",96016,2024-07-07,35740,fly catch,1,408.16
41712,Jillian Murphy,"4011 Gates Turnpike, Lake Antonioview, OH 12830",53700,2024-05-28,31737,pull idea,4,700.12
11506,Scott Rogers,"57792 Pierce Expressway Apt. 481, Lake Jameston, WV 93911",17817,2024-04-09,2649,themselves person,5,382.08
11506,Scott Rogers,"57792 Pierce Expressway Apt. 481, Lake Jameston, WV 93911",17817,2024-04-09,20230,maintain finish,1,37.39
34733,William Schaefer,"958 Davidson Pines Apt. 433, Terriville, VT 12315",97852,2023-11-19,29940,cause here,5,967.4
34733,William Schaefer,"958 Davidson Pines Apt. 433, Terriville, VT 12315",82288,2024-02-26,10729,hotel degree,3,800.46
34733,William Schaefer,"958 Davidson Pines Apt. 433, Terriville, VT 12315",82288,2024-02-26,83277,west western,5,882.67
34733,William Schaefer,"958 Davidson Pines Apt. 433, Terriville, VT 12315",82288,2024-02-26,95733,south interview,1,259.25
50670,Stephanie Rogers,"Unit 6153 Box 0978, DPO AP 93218",68765,2024-05-04,53539,radio develop,4,458.26
6236,Mark Chavez,"6628 Melvin Extension, South Phillip, TX 60652",40195,2024-05-27,13433,positive after,4,154.64
6236,Mark Chavez,"6628 Melvin Extension, South Phillip, TX 60652",6416,2024-04-08,70552,blood sister,4,901.46
6236,Mark Chavez,"6628 Melvin Extension, South Phillip, TX 60652",97270,2024-09-05,74698,activity both,3,912.19
6236,Mark Chavez,"6628 Melvin Extension, South Phillip, TX 60652",97270,2024-09-05,52265,international watch,3,110.68
87674,Willie Thompson,"6493 Jennifer Terrace Apt. 303, Annport, AZ 17816",41854,2024-04-30,31238,church interest,5,54.88
87674,Willie Thompson,"6493 Jennifer Terrace Apt. 303, Annport, AZ 17816",41854,2024-04-30,22733,seat your,1,790.71
79332,Jeremiah Brown,"84761 Jones Trace Suite 152, Matthewhaven, MT 58276",74843,2023-11-17,79139,administration success,5,378.98
79332,Jeremiah Brown,"84761 Jones Trace Suite 152, Matthewhaven, MT 58276",74843,2023-11-17,7628,call thought,3,671.06
12255,Stacy Franklin,"2798 Sarah Camp Suite 661, North Leonardfort, HI 71464",5786,2023-11-14,29397,level visit,4,346.42
12255,Stacy Franklin,"2798 Sarah Camp Suite 661, North Leonardfort, HI 71464",5786,2023-11-14,10729,hotel degree,4,800.46
12255,Stacy Franklin,"2798 Sarah Camp Suite 661, North Leonardfort, HI 71464",5786,2023-11-14,79139,administration success,4,378.98
12255,Stacy Franklin,"2798 Sarah Camp Suite 661, North Leonardfort, HI 71464",91681,2024-04-15,2649,themselves person,3,382.08
12255,Stacy Franklin,"2798 Sarah Camp Suite 661, North Leonardfort, HI 71464",91681,2024-04-15,39680,wait phone,2,390.08
12255,Stacy Franklin,"2798 Sarah Camp Suite 661, North Leonardfort, HI 71464",91681,2024-04-15,13189,store daughter,3,150.25
12255,Stacy Franklin,"2798 Sarah Camp Suite 661, North Leonardfort, HI 71464",19608,2024-05-12,2649,themselves person,3,382.08
12255,Stacy Franklin,"2798 Sarah Camp Suite 661, North Leonardfort, HI 71464",19608,2024-05-12,91241,Republican police,4,442.29
12255,Stacy Franklin,"2798 Sarah Camp Suite 661, North Leonardfort, HI 71464",19608,2024-05-12,20230,maintain finish,4,37.39
83749,Alexander Stevens,"755 Justin Freeway Apt. 008, Meganside, MS 44353",76824,2023-11-22,20230,maintain finish,2,37.39
83749,Alexander Stevens,"755 Justin Freeway Apt. 008, Meganside, MS 44353",76824,2023-11-22,66829,indicate glass,3,655.22
83749,Alexander Stevens,"755 Justin Freeway Apt. 008, Meganside, MS 44353",29310,2024-04-03,91362,training force,4,640.29
83749,Alexander Stevens,"755 Justin Freeway Apt. 008, Meganside, MS 44353",29310,2024-04-03,95733,south interview,2,259.25
39294,Timothy Rhodes,"8364 Kristen Forks, East Matthew, SD 14280",30124,2024-08-13,60947,front letter,4,793.46
39294,Timothy Rhodes,"8364 Kristen Forks, East Matthew, SD 14280",30124,2024-08-13,62762,amount seat,2,379.34
20088,Joseph Thomas,"7230 Glenda Spring, Jasmineshire, WA 44616",28722,2024-10-10,31238,church interest,1,54.88
3796,Carol Ortiz,"50685 Thomas Rapid, Huntertown, AL 26207",49822,2024-05-30,52265,international watch,3,110.68
3796,Carol Ortiz,"50685 Thomas Rapid, Huntertown, AL 26207",49822,2024-05-30,35577,tough no,4,41.98
3796,Carol Ortiz,"50685 Thomas Rapid, Huntertown, AL 26207",49822,2024-05-30,7458,could tell,1,311.26
76313,Steven Walker,"020 Webb Parks Apt. 594, Conradbury, KS 09052",2222,2024-07-15,24491,friend senior,5,785.53
76313,Steven Walker,"020 Webb Parks Apt. 594, Conradbury, KS 09052",2222,2024-07-15,70552,blood sister,1,901.46
76313,Steven Walker,"020 Webb Parks Apt. 594, Conradbury, KS 09052",2222,2024-07-15,75590,fill condition,2,803.04
76313,Steven Walker,"020 Webb Parks Apt. 594, Conradbury, KS 09052",30922,2024-03-17,13433,positive after,4,154.64
76313,Steven Walker,"020 Webb Parks Apt. 594, Conradbury, KS 09052",29061,2024-02-07,10729,hotel degree,3,800.46
76313,Steven Walker,"020 Webb Parks Apt. 594, Conradbury, KS 09052",29061,2024-02-07,37001,draw beyond,5,478.75
75320,Emily Hall,"7643 Melissa Mission Suite 555, Lake Michelletown, WI 66258",13398,2024-09-04,97994,remain discussion,3,534.48
75320,Emily Hall,"7643 Melissa Mission Suite 555, Lake Michelletown, WI 66258",13398,2024-09-04,34209,new family,2,339.87
76510,David Hendricks,"51727 Chandler Fort, New Tiffany, IL 95688",97584,2024-10-05,35740,fly catch,3,408.16
76510,David Hendricks,"51727 Chandler Fort, New Tiffany, IL 95688",29631,2024-01-06,3588,collection child,4,52.62
76510,David Hendricks,"51727 Chandler Fort, New Tiffany, IL 95688",29631,2024-01-06,89010,state since,5,773.88
76510,David Hendricks,"51727 Chandler Fort, New Tiffany, IL 95688",29631,2024-01-06,2235,senior work,3,871.17
76510,David Hendricks,"51727 Chandler Fort, New Tiffany, IL 95688",45566,2024-09-01,79139,administration success,5,378.98
5361,Vincent Wolf,"1355 Jennifer Spurs Apt. 072, West Jonathan, DE 75290",37881,2024-04-05,35618,now suddenly,5,725.87
5361,Vincent Wolf,"1355 Jennifer Spurs Apt. 072, West Jonathan, DE 75290",37881,2024-04-05,62070,firm it,3,709.83
5361,Vincent Wolf,"1355 Jennifer Spurs Apt. 072, West Jonathan, DE 75290",39919,2023-10-30,29397,level visit,1,346.42
5361,Vincent Wolf,"1355 Jennifer Spurs Apt. 072, West Jonathan, DE 75290",97894,2023-12-26,37001,draw beyond,3,478.75
5361,Vincent Wolf,"1355 Jennifer Spurs Apt. 072, West Jonathan, DE 75290",97894,2023-12-26,20230,maintain finish,4,37.39
54752,Christine Rice,"9700 Swanson Cliffs Apt. 589, West Christopher, MO 87031",7657,2024-01-16,44518,build society,5,303.04
54752,Christine Rice,"9700 Swanson Cliffs Apt. 589, West Christopher, MO 87031",7657,2024-01-16,60947,front letter,3,793.46
54752,Christine Rice,"9700 Swanson Cliffs Apt. 589, West Christopher, MO 87031",7657,2024-01-16,2649,themselves person,2,382.08
54752,Christine Rice,"9700 Swanson Cliffs Apt. 589, West Christopher, MO 87031",7927,2024-03-20,58821,yard identify,4,399.75
54752,Christine Rice,"9700 Swanson Cliffs Apt. 589, West Christopher, MO 87031",29582,2024-05-17,64717,together system,4,136.24
73966,Miss Linda Rodriguez MD,"75905 James Pike Suite 080, East Amyhaven, HI 97358",76609,2024-08-02,48648,some onto,3,35.31
73966,Miss Linda Rodriguez MD,"75905 James Pike Suite 080, East Amyhaven, HI 97358",76609,2024-08-02,3436,he pattern,4,504.18
73966,Miss Linda Rodriguez MD,"75905 James Pike Suite 080, East Amyhaven, HI 97358",89847,2024-09-24,3588,collection child,4,52.62
73966,Miss Linda Rodriguez MD,"75905 James Pike Suite 080, East Amyhaven, HI 97358",97013,2024-07-11,25025,mouth key,1,575.89
8864,Christine Lee,"2419 Gates Mills, Maryfort, AS 55957",30118,2023-10-28,89010,state since,1,773.88
8864,Christine Lee,"2419 Gates Mills, Maryfort, AS 55957",22429,2024-08-09,70918,team clear,4,59.7
8864,Christine Lee,"2419 Gates Mills, Maryfort, AS 55957",22429,2024-08-09,66984,car data,2,115.17
8864,Christine Lee,"2419 Gates Mills, Maryfort, AS 55957",3053,2024-04-06,65859,however group,5,565.77
8864,Christine Lee,"2419 Gates Mills, Maryfort, AS 55957",3053,2024-04-06,24491,friend senior,2,785.53
8864,Christine Lee,"2419 Gates Mills, Maryfort, AS 55957",3053,2024-04-06,35740,fly catch,3,408.16
53240,Lauren Lozano,"USNS Sanchez, FPO AA 41168",71301,2024-03-26,31737,pull idea,5,700.12
53240,Lauren Lozano,"USNS Sanchez, FPO AA 41168",71301,2024-03-26,5537,why day,4,432.56
53240,Lauren Lozano,"USNS Sanchez, FPO AA 41168",37375,2023-12-07,4459,admit measure,1,737.28
53240,Lauren Lozano,"USNS Sanchez, FPO AA 41168",43351,2024-05-27,44214,himself world,4,597.5
53240,Lauren Lozano,"USNS Sanchez, FPO AA 41168",43351,2024-05-27,38980,light together,4,757.42
53240,Lauren Lozano,"USNS Sanchez, FPO AA 41168",43351,2024-05-27,44214,himself world,4,597.5
94292,Crystal Ramirez,"632 Phillip Lodge, Heatherbury, FM 74272",21634,2024-05-13,49358,west build,3,812.37
96117,Samantha Bennett,"758 Shaw Circles Suite 994, West Justin, IA 32868",2379,2024-04-12,27975,make site,5,254.19
96117,Samantha Bennett,"758 Shaw Circles Suite 994, West Justin, IA 32868",2379,2024-04-12,41230,church always,1,428.98
30446,Michael Franklin,"04482 Kelsey Manors Apt. 327, Dennishaven, IA 63182",31184,2024-03-04,13189,store daughter,1,150.25
30446,Michael Franklin,"04482 Kelsey Manors Apt. 327, Dennishaven, IA 63182",31184,2024-03-04,35740,fly catch,1,408.16
47479,Nicole Adams,"002 Rebecca Motorway Suite 783, Donnachester, OH 05793",46937,2024-08-26,83277,west western,1,882.67
47479,Nicole Adams,"002 Rebecca Motorway Suite 783, Donnachester, OH 05793",46937,2024-08-26,4459,admit measure,1,737.28
47479,Nicole Adams,"002 Rebecca Motorway Suite 783, Donnachester, OH 05793",46937,2024-08-26,53539,radio develop,5,458.26
8607,Veronica Sims,"55341 Yates Via Suite 789, Jodyfurt, SD 84498",4687,2023-12-06,38980,light together,2,757.42
8607,Veronica Sims,"55341 Yates Via Suite 789, Jodyfurt, SD 84498",4687,2023-12-06,7628,call thought,3,671.06
8607,Veronica Sims,"55341 Yates Via Suite 789, Jodyfurt, SD 84498",8088,2024-08-31,37534,dark few,3,290.77
8607,Veronica Sims,"55341 Yates Via Suite 789, Jodyfurt, SD 84498",8088,2024-08-31,4361,follow it,4,328.54
8607,Veronica Sims,"55341 Yates Via Suite 789, Jodyfurt, SD 84498",8088,2024-08-31,62762,amount seat,4,379.34
8607,Veronica Sims,"55341 Yates Via Suite 789, Jodyfurt, SD 84498",43718,2024-10-18,41230,church always,3,428.98
8607,Veronica Sims,"55341 Yates Via Suite 789, Jodyfurt, SD 84498",43718,2024-10-18,29397,level visit,3,346.42
41609,Nicole Frazier,"147 Joshua Rue, South Natalieville, ME 80580",24861,2024-02-02,41230,church always,3,428.98
41609,Nicole Frazier,"147 Joshua Rue, South Natalieville, ME 80580",24861,2024-02-02,91241,Republican police,2,442.29
41609,Nicole Frazier,"147 Joshua Rue, South Natalieville, ME 80580",75634,2024-02-13,73670,government leg,3,838.01
41609,Nicole Frazier,"147 Joshua Rue, South Natalieville, ME 80580",40813,2024-06-04,88584,law within,1,851.28
41609,Nicole Frazier,"147 Joshua Rue, South Natalieville, ME 80580",40813,2024-06-04,4361,follow it,2,328.54
41609,Nicole Frazier,"147 Joshua Rue, South Natalieville, ME 80580",40813,2024-06-04,78574,pretty little,4,275.46
1134,Lindsey Campbell,"3442 Robert Courts Apt. 464, North Walter, NY 43074",67410,2024-08-08,95733,south interview,2,259.25
45284,Stephanie Williams,"71581 Mary Prairie Suite 758, West Kenneth, FL 45561",76343,2024-03-12,53539,radio develop,5,458.26
45284,Stephanie Williams,"71581 Mary Prairie Suite 758, West Kenneth, FL 45561",37285,2024-09-06,35740,fly catch,4,408.16
45284,Stephanie Williams,"71581 Mary Prairie Suite 758, West Kenneth, FL 45561",37285,2024-09-06,73670,government leg,4,838.01
1159,Patricia Barnes,"USCGC Taylor, FPO AE 06763",59437,2024-02-12,31737,pull idea,3,700.12
1159,Patricia Barnes,"USCGC Taylor, FPO AE 06763",59437,2024-02-12,29940,cause here,1,967.4
1159,Patricia Barnes,"USCGC Taylor, FPO AE 06763",59437,2024-02-12,39707,record give,1,271.2
33121,Glenn Vazquez,"10189 Eric Mill, Morganstad, WV 52330",95276,2024-09-28,29397,level visit,4,346.42
154,Jessica Bright,"0278 Cohen Cliff, North Johnberg, NV 44191",89880,2024-09-24,78574,pretty little,1,275.46
154,Jessica Bright,"0278 Cohen Cliff, North Johnberg, NV 44191",89880,2024-09-24,34209,new family,1,339.87
65087,Steven Medina,"281 Dennis Terrace, South Rachelshire, NH 73379",98867,2024-06-28,60947,front letter,3,793.46
65087,Steven Medina,"281 Dennis Terrace, South Rachelshire, NH 73379",98867,2024-06-28,4080,reach physical,4,879.22
65087,Steven Medina,"281 Dennis Terrace, South Rachelshire, NH 73379",98867,2024-06-28,83277,west western,4,882.67
5868,Timothy Brown,"24476 Thomas Branch, Lovemouth, MS 63098",98568,2023-11-17,12041,most easy,5,550.4
43493,Amy Smith,"256 Anderson Locks Suite 506, North Dakota, GA 61743",63693,2024-09-21,60205,probably character,3,828.78
43493,Amy Smith,"256 Anderson Locks Suite 506, North Dakota, GA 61743",63693,2024-09-21,25025,mouth key,2,575.89
43493,Amy Smith,"256 Anderson Locks Suite 506, North Dakota, GA 61743",63693,2024-09-21,48648,some onto,2,35.31
88215,Melissa Garcia,"7077 Rubio Haven Apt. 156, Port Hayley, MO 50412",26260,2024-10-16,4361,follow it,3,328.54
88215,Melissa Garcia,"7077 Rubio Haven Apt. 156, Port Hayley, MO 50412",26260,2024-10-16,74698,activity both,2,912.19
3468,Stephanie Johnson,"257 Johns Lock Apt. 407, South Amanda, CT 53713",96919,2023-12-16,3588,collection child,2,52.62
3468,Stephanie Johnson,"257 Johns Lock Apt. 407, South Amanda, CT 53713",96919,2023-12-16,91241,Republican police,2,442.29
3468,Stephanie Johnson,"257 Johns Lock Apt. 407, South Amanda, CT 53713",96919,2023-12-16,91362,training force,5,640.29
3468,Stephanie Johnson,"257 Johns Lock Apt. 407, South Amanda, CT 53713",38633,2024-09-23,73670,government leg,4,838.01
66462,Joseph Ibarra,"531 Craig Falls Apt. 302, Fischerburgh, ID 15203",1814,2024-01-09,13892,son how,3,889.57
66462,Joseph Ibarra,"531 Craig Falls Apt. 302, Fischerburgh, ID 15203",75321,2024-02-04,75590,fill condition,2,803.04
66462,Joseph Ibarra,"531 Craig Falls Apt. 302, Fischerburgh, ID 15203",75321,2024-02-04,3588,collection child,4,52.62
66462,Joseph Ibarra,"531 Craig Falls Apt. 302, Fischerburgh, ID 15203",75321,2024-02-04,66223,specific serious,5,763.48
66462,Joseph Ibarra,"531 Craig Falls Apt. 302, Fischerburgh, ID 15203",59415,2024-05-31,73670,government leg,4,838.01
19373,Kelly Wilson,"Unit 5133 Box 7530, DPO AE 56809",54590,2024-02-13,64717,together system,1,136.24
19373,Kelly Wilson,"Unit 5133 Box 7530, DPO AE 56809",54590,2024-02-13,89010,state since,5,773.88
37651,Tanya Schwartz,"041 Theresa Place Apt. 945, West Christinafort, WY 84682",70304,2024-03-12,41230,church always,1,428.98
37651,Tanya Schwartz,"041 Theresa Place Apt. 945, West Christinafort, WY 84682",70304,2024-03-12,10729,hotel degree,3,800.46
37651,Tanya Schwartz,"041 Theresa Place Apt. 945, West Christinafort, WY 84682",70304,2024-03-12,91362,training force,5,640.29
37651,Tanya Schwartz,"041 Theresa Place Apt. 945, West Christinafort, WY 84682",71319,2024-02-01,52265,international watch,2,110.68
37651,Tanya Schwartz,"041 Theresa Place Apt. 945, West Christinafort, WY 84682",132,2024-06-01,62170,choice compare,5,506.51
37651,Tanya Schwartz,"041 Theresa Place Apt. 945, West Christinafort, WY 84682",132,2024-06-01,27041,popular figure,1,483.9
51724,Mark Walters,"08958 Hunter Overpass Apt. 218, Harringtonland, MD 56353",22591,2024-03-22,37001,draw beyond,4,478.75
51724,Mark Walters,"08958 Hunter Overpass Apt. 218, Harringtonland, MD 56353",22591,2024-03-22,75590,fill condition,1,803.04
25184,Mark Brown,"02347 Tamara Greens Apt. 217, Kellymouth, IL 67627",45648,2024-03-07,3436,he pattern,1,504.18
25184,Mark Brown,"02347 Tamara Greens Apt. 217, Kellymouth, IL 67627",99278,2024-05-15,30630,share particularly,4,646.96
25184,Mark Brown,"02347 Tamara Greens Apt. 217, Kellymouth, IL 67627",99278,2024-05-15,68778,rule deal,2,111.08
25184,Mark Brown,"02347 Tamara Greens Apt. 217, Kellymouth, IL 67627",79118,2024-06-23,53539,radio develop,4,458.26
96588,Kathryn Gonzalez,"084 Martin Inlet Suite 584, Ericchester, MI 50434",22146,2024-05-02,89010,state since,2,773.88
60046,Doris Camacho,"266 Jill Pike Apt. 498, West Paulmouth, MD 30818",53791,2024-06-02,62762,amount seat,2,379.34
60046,Doris Camacho,"266 Jill Pike Apt. 498, West Paulmouth, MD 30818",53791,2024-06-02,35577,tough no,4,41.98
60046,Doris Camacho,"266 Jill Pike Apt. 498, West Paulmouth, MD 30818",53791,2024-06-02,44214,himself world,4,597.5
60046,Doris Camacho,"266 Jill Pike Apt. 498, West Paulmouth, MD 30818",43683,2024-09-10,59794,economic power,1,146.78
60046,Doris Camacho,"266 Jill Pike Apt. 498, West Paulmouth, MD 30818",43683,2024-09-10,44214,himself world,1,597.5
60046,Doris Camacho,"266 Jill Pike Apt. 498, West Paulmouth, MD 30818",43683,2024-09-10,39680,wait phone,3,390.08
60046,Doris Camacho,"266 Jill Pike Apt. 498, West Paulmouth, MD 30818",53456,2024-08-24,62762,amount seat,1,379.34
60046,Doris Camacho,"266 Jill Pike Apt. 498, West Paulmouth, MD 30818",53456,2024-08-24,30630,share particularly,2,646.96
25072,Laura Garcia,"10835 Moreno Summit, Heidiview, KY 31041",39708,2024-10-17,4459,admit measure,5,737.28
23126,Ms. Paige Santos,"197 Foster Mountains Apt. 601, North Jerryborough, VI 32611",12248,2023-12-26,93476,subject court,5,378.85
23126,Ms. Paige Santos,"197 Foster Mountains Apt. 601, North Jerryborough, VI 32611",12248,2023-12-26,46813,avoid loss,4,58.75
23126,Ms. Paige Santos,"197 Foster Mountains Apt. 601, North Jerryborough, VI 32611",12248,2023-12-26,99677,game test,4,780.7
23126,Ms. Paige Santos,"197 Foster Mountains Apt. 601, North Jerryborough, VI 32611",92837,2023-12-07,91241,Republican police,2,442.29
23126,Ms. Paige Santos,"197 Foster Mountains Apt. 601, North Jerryborough, VI 32611",92837,2023-12-07,99677,game test,3,780.7
23126,Ms. Paige Santos,"197 Foster Mountains Apt. 601, North Jerryborough, VI 32611",92837,2023-12-07,34209,new family,4,339.87
53287,Erika Perkins,"1254 Vega Island Suite 258, Lake Courtney, RI 16892",83451,2024-01-13,83028,impact reach,4,880.32
53287,Erika Perkins,"1254 Vega Island Suite 258, Lake Courtney, RI 16892",83451,2024-01-13,85138,same impact,1,638.88
53287,Erika Perkins,"1254 Vega Island Suite 258, Lake Courtney, RI 16892",83451,2024-01-13,20230,maintain finish,3,37.39
53287,Erika Perkins,"1254 Vega Island Suite 258, Lake Courtney, RI 16892",26920,2024-04-05,88584,law within,2,851.28
53287,Erika Perkins,"1254 Vega Island Suite 258, Lake Courtney, RI 16892",31719,2023-12-20,7628,call thought,2,671.06
53287,Erika Perkins,"1254 Vega Island Suite 258, Lake Courtney, RI 16892",31719,2023-12-20,46813,avoid loss,3,58.75
28857,Glenn Odonnell,"79133 Jeffrey Cliff Apt. 555, Port Tina, PW 87224",69637,2024-07-03,1025,against return,2,307.44
28857,Glenn Odonnell,"79133 Jeffrey Cliff Apt. 555, Port Tina, PW 87224",69637,2024-07-03,62335,man series,3,619.45
28857,Glenn Odonnell,"79133 Jeffrey Cliff Apt. 555, Port Tina, PW 87224",69637,2024-07-03,23419,represent which,1,615.92
28857,Glenn Odonnell,"79133 Jeffrey Cliff Apt. 555, Port Tina, PW 87224",94240,2024-06-15,34209,new family,1,339.87
28857,Glenn Odonnell,"79133 Jeffrey Cliff Apt. 555, Port Tina, PW 87224",94240,2024-06-15,39707,record give,1,271.2
28857,Glenn Odonnell,"79133 Jeffrey Cliff Apt. 555, Port Tina, PW 87224",94240,2024-06-15,70166,let candidate,3,337.72
13806,Sydney Jennings,"77304 Dixon Crest, East Sean, CA 11845",3731,2024-03-25,38257,few trade,1,712.15
13806,Sydney Jennings,"77304 Dixon Crest, East Sean, CA 11845",3731,2024-03-25,60947,front letter,2,793.46
13806,Sydney Jennings,"77304 Dixon Crest, East Sean, CA 11845",3731,2024-03-25,52265,international watch,2,110.68
13806,Sydney Jennings,"77304 Dixon Crest, East Sean, CA 11845",37971,2024-06-10,74698,activity both,1,912.19
5627,Julia Caldwell,"83186 Walsh Crossing Suite 816, East Jennifer, IA 87890",84716,2023-11-30,29940,cause here,3,967.4
5627,Julia Caldwell,"83186 Walsh Crossing Suite 816, East Jennifer, IA 87890",81959,2024-08-14,1025,against return,1,307.44
5627,Julia Caldwell,"83186 Walsh Crossing Suite 816, East Jennifer, IA 87890",24399,2024-06-24,95733,south interview,3,259.25
5627,Julia Caldwell,"83186 Walsh Crossing Suite 816, East Jennifer, IA 87890",24399,2024-06-24,99467,entire clear,5,168.62
5627,Julia Caldwell,"83186 Walsh Crossing Suite 816, East Jennifer, IA 87890",24399,2024-06-24,73670,government leg,3,838.01
92002,James Lopez,"566 Kim Tunnel, Port Nancy, NJ 18195",17525,2023-12-08,74698,activity both,1,912.19
92002,James Lopez,"566 Kim Tunnel, Port Nancy, NJ 18195",46339,2023-11-27,13189,store daughter,4,150.25
20769,Leslie Villarreal,"61236 Mendez Village, Kleinchester, SC 29862",76873,2023-11-09,83277,west western,3,882.67
20769,Leslie Villarreal,"61236 Mendez Village, Kleinchester, SC 29862",73806,2023-12-08,13073,table after,5,92.97
93048,Walter Ballard,"25161 Jones Highway, Justinport, WA 46087",85258,2023-12-19,44214,himself world,2,597.5
93048,Walter Ballard,"25161 Jones Highway, Justinport, WA 46087",85258,2023-12-19,98054,if top,1,973.01
31666,Gary Lewis,"4048 Michael Pike Suite 526, Kimberlytown, ID 97849",43504,2024-06-05,44518,build society,5,303.04
31666,Gary Lewis,"4048 Michael Pike Suite 526, Kimberlytown, ID 97849",43504,2024-06-05,98054,if top,3,973.01
99532,James Nichols,"65026 Evans Burgs Suite 576, Port Lawrencestad, KY 74391",46727,2023-12-14,98176,single similar,5,698.81
99532,James Nichols,"65026 Evans Burgs Suite 576, Port Lawrencestad, KY 74391",46727,2023-12-14,37001,draw beyond,2,478.75
99532,James Nichols,"65026 Evans Burgs Suite 576, Port Lawrencestad, KY 74391",46727,2023-12-14,9991,each edge,2,185.47
99532,James Nichols,"65026 Evans Burgs Suite 576, Port Lawrencestad, KY 74391",3080,2024-01-13,52265,international watch,1,110.68
99532,James Nichols,"65026 Evans Burgs Suite 576, Port Lawrencestad, KY 74391",3080,2024-01-13,31737,pull idea,4,700.12
99532,James Nichols,"65026 Evans Burgs Suite 576, Port Lawrencestad, KY 74391",3080,2024-01-13,31737,pull idea,1,700.12
99532,James Nichols,"65026 Evans Burgs Suite 576, Port Lawrencestad, KY 74391",24130,2024-07-18,73670,government leg,3,838.01
99532,James Nichols,"65026 Evans Burgs Suite 576, Port Lawrencestad, KY 74391",24130,2024-07-18,4459,admit measure,2,737.28
99532,James Nichols,"65026 Evans Burgs Suite 576, Port Lawrencestad, KY 74391",24130,2024-07-18,62070,firm it,2,709.83
63541,Taylor Johnson,"345 Elizabeth Island, South Tanya, HI 91745",383,2024-01-01,89010,state since,2,773.88
63541,Taylor Johnson,"345 Elizabeth Island, South Tanya, HI 91745",40538,2024-07-27,7628,call thought,4,671.06
63541,Taylor Johnson,"345 Elizabeth Island, South Tanya, HI 91745",40538,2024-07-27,85138,same impact,4,638.88
63541,Taylor Johnson,"345 Elizabeth Island, South Tanya, HI 91745",40538,2024-07-27,44214,himself world,1,597.5
355,Tina Cooper,"3283 Peters Squares, Port Teresa, MO 75735",77154,2024-08-09,77235,low nor,3,31.54
355,Tina Cooper,"3283 Peters Squares, Port Teresa, MO 75735",77154,2024-08-09,75590,fill condition,2,803.04
355,Tina Cooper,"3283 Peters Squares, Port Teresa, MO 75735",77154,2024-08-09,57048,central finish,1,349.0
355,Tina Cooper,"3283 Peters Squares, Port Teresa, MO 75735",9727,2024-04-22,9991,each edge,3,185.47
355,Tina Cooper,"3283 Peters Squares, Port Teresa, MO 75735",9727,2024-04-22,70166,let candidate,2,337.72
355,Tina Cooper,"3283 Peters Squares, Port Teresa, MO 75735",76548,2024-05-01,24491,friend senior,4,785.53
355,Tina Cooper,"3283 Peters Squares, Port Teresa, MO 75735",76548,2024-05-01,29397,level visit,1,346.42
24787,Sean Jones MD,"69954 Lowe Common, New Jackland, DE 92890",9125,2024-09-19,53539,radio develop,3,458.26
24787,Sean Jones MD,"69954 Lowe Common, New Jackland, DE 92890",9125,2024-09-19,23419,represent which,2,615.92
24787,Sean Jones MD,"69954 Lowe Common, New Jackland, DE 92890",14222,2024-06-08,88584,law within,1,851.28
24787,Sean Jones MD,"69954 Lowe Common, New Jackland, DE 92890",88345,2024-07-06,91241,Republican police,2,442.29
55382,Anthony Spencer,"18418 Mays Glens, New Christinefurt, VT 20716",13655,2024-02-22,35618,now suddenly,1,725.87
55382,Anthony Spencer,"18418 Mays Glens, New Christinefurt, VT 20716",13655,2024-02-22,35618,now suddenly,1,725.87
85699,Gwendolyn Tran MD,"349 Baker Loop Suite 136, Stevenview, VI 46082",486,2024-04-08,9868,reduce first,4,882.4
85699,Gwendolyn Tran MD,"349 Baker Loop Suite 136, Stevenview, VI 46082",43787,2024-09-10,87329,worker organization,5,990.26
85699,Gwendolyn Tran MD,"349 Baker Loop Suite 136, Stevenview, VI 46082",43787,2024-09-10,37001,draw beyond,5,478.75
85699,Gwendolyn Tran MD,"349 Baker Loop Suite 136, Stevenview, VI 46082",43787,2024-09-10,38980,light together,4,757.42
85699,Gwendolyn Tran MD,"349 Baker Loop Suite 136, Stevenview, VI 46082",69367,2024-02-18,2649,themselves person,5,382.08
85699,Gwendolyn Tran MD,"349 Baker Loop Suite 136, Stevenview, VI 46082",69367,2024-02-18,34209,new family,2,339.87
85699,Gwendolyn Tran MD,"349 Baker Loop Suite 136, Stevenview, VI 46082",69367,2024-02-18,37534,dark few,1,290.77
59888,Corey Wilson,"375 Arroyo Villages, Matthewston, FM 97135",7198,2024-02-18,44214,himself world,3,597.5
59888,Corey Wilson,"375 Arroyo Villages, Matthewston, FM 97135",77796,2023-12-08,73670,government leg,4,838.01
59888,Corey Wilson,"375 Arroyo Villages, Matthewston, FM 97135",77796,2023-12-08,48648,some onto,3,35.31
59888,Corey Wilson,"375 Arroyo Villages, Matthewston, FM 97135",97834,2023-12-22,60205,probably character,2,828.78
75306,William Jones,"660 Miguel Mountains, West Thomas, MN 76176",13532,2024-08-27,59794,economic power,2,146.78
75306,William Jones,"660 Miguel Mountains, West Thomas, MN 76176",13532,2024-08-27,9991,each edge,1,185.47
75306,William Jones,"660 Miguel Mountains, West Thomas, MN 76176",13532,2024-08-27,35618,now suddenly,4,725.87
75306,William Jones,"660 Miguel Mountains, West Thomas, MN 76176",59029,2024-02-18,7458,could tell,2,311.26
75306,William Jones,"660 Miguel Mountains, West Thomas, MN 76176",59029,2024-02-18,24491,friend senior,3,785.53
75306,William Jones,"660 Miguel Mountains, West Thomas, MN 76176",59029,2024-02-18,62070,firm it,1,709.83
75306,William Jones,"660 Miguel Mountains, West Thomas, MN 76176",78305,2024-06-24,68778,rule deal,4,111.08
75306,William Jones,"660 Miguel Mountains, West Thomas, MN 76176",78305,2024-06-24,44518,build society,5,303.04
89808,Hannah Johnson,"420 Mandy Radial, Mckinneyport, VA 90974",50139,2023-11-07,3588,collection child,3,52.62
89808,Hannah Johnson,"420 Mandy Radial, Mckinneyport, VA 90974",50139,2023-11-07,52265,international watch,4,110.68
89808,Hannah Johnson,"420 Mandy Radial, Mckinneyport, VA 90974",50139,2023-11-07,30480,area world,4,919.25
89808,Hannah Johnson,"420 Mandy Radial, Mckinneyport, VA 90974",19898,2024-09-17,84927,team allow,2,332.14
89808,Hannah Johnson,"420 Mandy Radial, Mckinneyport, VA 90974",19898,2024-09-17,30630,share particularly,4,646.96
7763,Richard Mills,"8228 Morris Stream, South Lynn, PA 35616",16033,2024-07-21,66223,specific serious,5,763.48
7763,Richard Mills,"8228 Morris Stream, South Lynn, PA 35616",16033,2024-07-21,73670,government leg,4,838.01
7763,Richard Mills,"8228 Morris Stream, South Lynn, PA 35616",16033,2024-07-21,98054,if top,3,973.01
90129,Robin Castillo,"78463 Jamie Lake Apt. 790, East Susanchester, NV 17286",44692,2024-06-15,22733,seat your,5,790.71
90129,Robin Castillo,"78463 Jamie Lake Apt. 790, East Susanchester, NV 17286",44692,2024-06-15,62170,choice compare,3,506.51
90129,Robin Castillo,"78463 Jamie Lake Apt. 790, East Susanchester, NV 17286",44692,2024-06-15,67406,threat mission,3,181.57
90129,Robin Castillo,"78463 Jamie Lake Apt. 790, East Susanchester, NV 17286",43975,2024-04-01,66986,stay away,1,171.66
90129,Robin Castillo,"78463 Jamie Lake Apt. 790, East Susanchester, NV 17286",43975,2024-04-01,83277,west western,5,882.67
90129,Robin Castillo,"78463 Jamie Lake Apt. 790, East Susanchester, NV 17286",20448,2023-11-30,88584,law within,2,851.28
90129,Robin Castillo,"78463 Jamie Lake Apt. 790, East Susanchester, NV 17286",20448,2023-11-30,9868,reduce first,3,882.4
28333,Mrs. Nancy Smith,"12856 Blake Corners Apt. 695, North Johnfurt, VT 23317",57521,2024-06-07,91472,different state,3,513.47
28333,Mrs. Nancy Smith,"12856 Blake Corners Apt. 695, North Johnfurt, VT 23317",57521,2024-06-07,44214,himself world,2,597.5
28333,Mrs. Nancy Smith,"12856 Blake Corners Apt. 695, North Johnfurt, VT 23317",57521,2024-06-07,2649,themselves person,5,382.08
28333,Mrs. Nancy Smith,"12856 Blake Corners Apt. 695, North Johnfurt, VT 23317",67437,2024-03-31,44518,build society,4,303.04
28333,Mrs. Nancy Smith,"12856 Blake Corners Apt. 695, North Johnfurt, VT 23317",67437,2024-03-31,3588,collection child,1,52.62
28333,Mrs. Nancy Smith,"12856 Blake Corners Apt. 695, North Johnfurt, VT 23317",67151,2024-07-01,98054,if top,3,973.01
28333,Mrs. Nancy Smith,"12856 Blake Corners Apt. 695, North Johnfurt, VT 23317",67151,2024-07-01,35618,now suddenly,5,725.87
28333,Mrs. Nancy Smith,"12856 Blake Corners Apt. 695, North Johnfurt, VT 23317",67151,2024-07-01,62335,man series,1,619.45
33897,Daniel Williams,"7053 Wiley Overpass, Carrollberg, DC 62762",54676,2024-07-21,34209,new family,1,339.87
33897,Daniel Williams,"7053 Wiley Overpass, Carrollberg, DC 62762",54676,2024-07-21,60947,front letter,3,793.46
33897,Daniel Williams,"7053 Wiley Overpass, Carrollberg, DC 62762",54676,2024-07-21,285,provide friend,1,162.6
39819,Laura Carter,"9598 Samuel Fork Apt. 158, North Suzanneport, ND 25132",27837,2024-08-08,27975,make site,4,254.19
39819,Laura Carter,"9598 Samuel Fork Apt. 158, North Suzanneport, ND 25132",92374,2024-07-04,7458,could tell,1,311.26
39819,Laura Carter,"9598 Samuel Fork Apt. 158, North Suzanneport, ND 25132",92374,2024-07-04,84855,fund account,3,216.8
72936,Jessica Gomez,"32868 Miranda Fall, Jonesmouth, SD 92980",27638,2024-06-05,99467,entire clear,4,168.62
72936,Jessica Gomez,"32868 Miranda Fall, Jonesmouth, SD 92980",27638,2024-06-05,83028,impact reach,2,880.32
72936,Jessica Gomez,"32868 Miranda Fall, Jonesmouth, SD 92980",75777,2024-03-06,31737,pull idea,1,700.12
72936,Jessica Gomez,"32868 Miranda Fall, Jonesmouth, SD 92980",9277,2024-10-08,53539,radio develop,3,458.26
72936,Jessica Gomez,"32868 Miranda Fall, Jonesmouth, SD 92980",9277,2024-10-08,95733,south interview,1,259.25
72936,Jessica Gomez,"32868 Miranda Fall, Jonesmouth, SD 92980",9277,2024-10-08,24491,friend senior,3,785.53
26607,Ronald Cantrell,"7096 Roger Crescent Suite 971, Perezstad, NH 08958",89254,2024-07-24,98176,single similar,4,698.81
26607,Ronald Cantrell,"7096 Roger Crescent Suite 971, Perezstad, NH 08958",89254,2024-07-24,34209,new family,2,339.87
26607,Ronald Cantrell,"7096 Roger Crescent Suite 971, Perezstad, NH 08958",89254,2024-07-24,70166,let candidate,4,337.72
14385,Steven Rowland,"931 Johnson Ville, New Robertahaven, WA 72116",25273,2024-06-26,41078,break of,1,395.12
14385,Steven Rowland,"931 Johnson Ville, New Robertahaven, WA 72116",25273,2024-06-26,99467,entire clear,1,168.62
14385,Steven Rowland,"931 Johnson Ville, New Robertahaven, WA 72116",25273,2024-06-26,30480,area world,5,919.25
14385,Steven Rowland,"931 Johnson Ville, New Robertahaven, WA 72116",20487,2023-11-13,41078,break of,5,395.12
10079,Ian Gibson,"812 Lee Field, Port Michelleshire, DC 32056",68247,2024-01-21,77235,low nor,5,31.54
10079,Ian Gibson,"812 Lee Field, Port Michelleshire, DC 32056",68247,2024-01-21,62762,amount seat,4,379.34
10079,Ian Gibson,"812 Lee Field, Port Michelleshire, DC 32056",66054,2024-04-21,7628,call thought,2,671.06
94821,Jennifer Novak,"9446 Taylor Summit, South Tracey, AZ 84345",38207,2024-02-25,14861,social ahead,1,118.94
94821,Jennifer Novak,"9446 Taylor Summit, South Tracey, AZ 84345",38207,2024-02-25,7628,call thought,5,671.06
94821,Jennifer Novak,"9446 Taylor Summit, South Tracey, AZ 84345",36016,2024-10-17,30630,share particularly,4,646.96
94821,Jennifer Novak,"9446 Taylor Summit, South Tracey, AZ 84345",36016,2024-10-17,67406,threat mission,2,181.57
94821,Jennifer Novak,"9446 Taylor Summit, South Tracey, AZ 84345",52708,2024-05-14,99467,entire clear,1,168.62
94821,Jennifer Novak,"9446 Taylor Summit, South Tracey, AZ 84345",52708,2024-05-14,38257,few trade,3,712.15
94821,Jennifer Novak,"9446 Taylor Summit, South Tracey, AZ 84345",52708,2024-05-14,59794,economic power,3,146.78
99705,David Frost,"PSC 7513, Box 4005, APO AA 58108",76767,2024-10-12,37001,draw beyond,1,478.75
99705,David Frost,"PSC 7513, Box 4005, APO AA 58108",76767,2024-10-12,9868,reduce first,3,882.4
99705,David Frost,"PSC 7513, Box 4005, APO AA 58108",76767,2024-10-12,37001,draw beyond,2,478.75
99705,David Frost,"PSC 7513, Box 4005, APO AA 58108",77272,2024-06-19,66984,car data,4,115.17
99705,David Frost,"PSC 7513, Box 4005, APO AA 58108",77272,2024-06-19,35577,tough no,2,41.98
99705,David Frost,"PSC 7513, Box 4005, APO AA 58108",77272,2024-06-19,62070,firm it,4,709.83
95967,Annette Graves,"158 Potter Mill, Stevensonburgh, MN 18185",23686,2024-03-31,60205,probably character,5,828.78
95967,Annette Graves,"158 Potter Mill, Stevensonburgh, MN 18185",23686,2024-03-31,62335,man series,2,619.45
95967,Annette Graves,"158 Potter Mill, Stevensonburgh, MN 18185",23686,2024-03-31,7628,call thought,1,671.06
28225,Jesse Sosa,"368 Charles Hollow Suite 694, East Michaelchester, DE 45378",41160,2024-03-08,31737,pull idea,4,700.12
51870,Joshua Strickland,"0379 Williams Station, Robertton, GU 33588",46949,2024-10-15,92810,citizen dream,2,876.79
51870,Joshua Strickland,"0379 Williams Station, Robertton, GU 33588",46949,2024-10-15,75590,fill condition,3,803.04
51870,Joshua Strickland,"0379 Williams Station, Robertton, GU 33588",31301,2023-12-31,7458,could tell,1,311.26
51870,Joshua Strickland,"0379 Williams Station, Robertton, GU 33588",31301,2023-12-31,83028,impact reach,2,880.32
51870,Joshua Strickland,"0379 Williams Station, Robertton, GU 33588",60343,2024-02-07,35740,fly catch,2,408.16
40106,Taylor Bean,"681 Mary Flat Apt. 006, Kennedyville, OK 20428",25925,2024-01-28,9991,each edge,3,185.47
40106,Taylor Bean,"681 Mary Flat Apt. 006, Kennedyville, OK 20428",25925,2024-01-28,67406,threat mission,1,181.57
40106,Taylor Bean,"681 Mary Flat Apt. 006, Kennedyville, OK 20428",25925,2024-01-28,58821,yard identify,3,399.75
40106,Taylor Bean,"681 Mary Flat Apt. 006, Kennedyville, OK 20428",42748,2024-09-24,30630,share particularly,1,646.96
40106,Taylor Bean,"681 Mary Flat Apt. 006, Kennedyville, OK 20428",42748,2024-09-24,83277,west western,3,882.67
40106,Taylor Bean,"681 Mary Flat Apt. 006, Kennedyville, OK 20428",42748,2024-09-24,60205,probably character,5,828.78
40106,Taylor Bean,"681 Mary Flat Apt. 006, Kennedyville, OK 20428",49930,2024-08-25,34209,new family,2,339.87
40106,Taylor Bean,"681 Mary Flat Apt. 006, Kennedyville, OK 20428",49930,2024-08-25,285,provide friend,3,162.6
33445,Edward Bonilla,"566 Collins Stravenue Apt. 540, Port Paulamouth, OR 32787",82850,2024-01-07,83277,west western,4,882.67
33445,Edward Bonilla,"566 Collins Stravenue Apt. 540, Port Paulamouth, OR 32787",29819,2024-10-16,13892,son how,3,889.57
3063,David Stevenson,"3322 Nicole Lodge Suite 971, East David, WY 63708",38942,2024-04-24,88584,law within,1,851.28
3063,David Stevenson,"3322 Nicole Lodge Suite 971, East David, WY 63708",38942,2024-04-24,37001,draw beyond,5,478.75
3063,David Stevenson,"3322 Nicole Lodge Suite 971, East David, WY 63708",91367,2024-06-04,37534,dark few,4,290.77
3063,David Stevenson,"3322 Nicole Lodge Suite 971, East David, WY 63708",91367,2024-06-04,53539,radio develop,1,458.26
3063,David Stevenson,"3322 Nicole Lodge Suite 971, East David, WY 63708",96132,2024-06-19,25025,mouth key,4,575.89
3063,David Stevenson,"3322 Nicole Lodge Suite 971, East David, WY 63708",96132,2024-06-19,39680,wait phone,4,390.08
19430,Deborah Ramirez,"0793 Bell Light Suite 948, South Dawnberg, ME 73023",69457,2024-08-21,4361,follow it,2,328.54
19430,Deborah Ramirez,"0793 Bell Light Suite 948, South Dawnberg, ME 73023",69457,2024-08-21,27975,make site,2,254.19
19430,Deborah Ramirez,"0793 Bell Light Suite 948, South Dawnberg, ME 73023",92621,2024-01-16,66986,stay away,3,171.66
62232,Alicia Richard,"14327 Keith Brook, Mooremouth, NM 60063",48564,2024-09-23,66223,specific serious,3,763.48
62232,Alicia Richard,"14327 Keith Brook, Mooremouth, NM 60063",48564,2024-09-23,70918,team clear,2,59.7
62232,Alicia Richard,"14327 Keith Brook, Mooremouth, NM 60063",73687,2023-11-05,70918,team clear,2,59.7
62232,Alicia Richard,"14327 Keith Brook, Mooremouth, NM 60063",28723,2024-03-17,41230,church always,3,428.98
62232,Alicia Richard,"14327 Keith Brook, Mooremouth, NM 60063",28723,2024-03-17,23504,may somebody,2,223.91
54373,Evelyn Jones,"709 Scott Fort Apt. 924, East David, FL 17256",90451,2024-02-08,25025,mouth key,5,575.89
54373,Evelyn Jones,"709 Scott Fort Apt. 924, East David, FL 17256",90451,2024-02-08,93476,subject court,5,378.85
54373,Evelyn Jones,"709 Scott Fort Apt. 924, East David, FL 17256",13756,2024-05-21,70166,let candidate,3,337.72
54373,Evelyn Jones,"709 Scott Fort Apt. 924, East David, FL 17256",13756,2024-05-21,59794,economic power,4,146.78
54373,Evelyn Jones,"709 Scott Fort Apt. 924, East David, FL 17256",13756,2024-05-21,66984,car data,5,115.17
37995,Kelsey Jones,"3342 Wong Greens Suite 625, Smithbury, WV 39960",19810,2024-01-22,93476,subject court,1,378.85
37995,Kelsey Jones,"3342 Wong Greens Suite 625, Smithbury, WV 39960",2400,2024-10-12,83277,west western,1,882.67
37995,Kelsey Jones,"3342 Wong Greens Suite 625, Smithbury, WV 39960",2400,2024-10-12,37001,draw beyond,2,478.75
37995,Kelsey Jones,"3342 Wong Greens Suite 625, Smithbury, WV 39960",9409,2024-02-20,62335,man series,2,619.45
1584,Hannah Mitchell,"77146 Allen Rue, East Jennifer, WI 56526",64541,2024-09-24,29397,level visit,2,346.42
1584,Hannah Mitchell,"77146 Allen Rue, East Jennifer, WI 56526",64541,2024-09-24,30630,share particularly,1,646.96
1584,Hannah Mitchell,"77146 Allen Rue, East Jennifer, WI 56526",64541,2024-09-24,9991,each edge,5,185.47
1584,Hannah Mitchell,"77146 Allen Rue, East Jennifer, WI 56526",48710,2024-07-21,4361,follow it,3,328.54
1584,Hannah Mitchell,"77146 Allen Rue, East Jennifer, WI 56526",48710,2024-07-21,62070,firm it,5,709.83
1584,Hannah Mitchell,"77146 Allen Rue, East Jennifer, WI 56526",48710,2024-07-21,41078,break of,4,395.12
1584,Hannah Mitchell,"77146 Allen Rue, East Jennifer, WI 56526",37319,2023-11-01,20230,maintain finish,1,37.39
76208,Valerie Powell,"631 Rhonda Skyway, Georgeside, SD 04805",23901,2024-04-26,9868,reduce first,3,882.4
76208,Valerie Powell,"631 Rhonda Skyway, Georgeside, SD 04805",23901,2024-04-26,99467,entire clear,1,168.62
76208,Valerie Powell,"631 Rhonda Skyway, Georgeside, SD 04805",23901,2024-04-26,13892,son how,2,889.57
76208,Valerie Powell,"631 Rhonda Skyway, Georgeside, SD 04805",3039,2023-11-08,4361,follow it,1,328.54
76208,Valerie Powell,"631 Rhonda Skyway, Georgeside, SD 04805",3039,2023-11-08,57048,central finish,2,349.0
76208,Valerie Powell,"631 Rhonda Skyway, Georgeside, SD 04805",3039,2023-11-08,88584,law within,1,851.28
14015,Lisa Cherry,"37995 Davis Parkways, West Kennethburgh, IL 84918",82751,2024-07-09,98054,if top,2,973.01
14015,Lisa Cherry,"37995 Davis Parkways, West Kennethburgh, IL 84918",82751,2024-07-09,70552,blood sister,1,901.46
14015,Lisa Cherry,"37995 Davis Parkways, West Kennethburgh, IL 84918",52181,2023-11-27,62070,firm it,4,709.83
14015,Lisa Cherry,"37995 Davis Parkways, West Kennethburgh, IL 84918",52181,2023-11-27,91241,Republican police,1,442.29
14015,Lisa Cherry,"37995 Davis Parkways, West Kennethburgh, IL 84918",52181,2023-11-27,31737,pull idea,1,700.12
14015,Lisa Cherry,"37995 Davis Parkways, West Kennethburgh, IL 84918",36384,2024-04-24,44518,build society,3,303.04
14015,Lisa Cherry,"37995 Davis Parkways, West Kennethburgh, IL 84918",36384,2024-04-24,35577,tough no,3,41.98
14015,Lisa Cherry,"37995 Davis Parkways, West Kennethburgh, IL 84918",36384,2024-04-24,46813,avoid loss,3,58.75
98284,George Ramos DDS,"39640 Alex Island Suite 039, North Nicholas, MP 47533",25908,2024-08-23,58821,yard identify,4,399.75
98284,George Ramos DDS,"39640 Alex Island Suite 039, North Nicholas, MP 47533",25908,2024-08-23,22733,seat your,2,790.71
98284,George Ramos DDS,"39640 Alex Island Suite 039, North Nicholas, MP 47533",33522,2024-04-04,57048,central finish,1,349.0
64432,Amber Smith,"871 Nicole Shoals Apt. 211, Lake Larry, CO 74723",26954,2024-02-10,62070,firm it,5,709.83
64432,Amber Smith,"871 Nicole Shoals Apt. 211, Lake Larry, CO 74723",26954,2024-02-10,97994,remain discussion,3,534.48
64432,Amber Smith,"871 Nicole Shoals Apt. 211, Lake Larry, CO 74723",26954,2024-02-10,93476,subject court,3,378.85
64432,Amber Smith,"871 Nicole Shoals Apt. 211, Lake Larry, CO 74723",81892,2024-05-24,52265,international watch,4,110.68
64432,Amber Smith,"871 Nicole Shoals Apt. 211, Lake Larry, CO 74723",81892,2024-05-24,37001,draw beyond,4,478.75
61692,Jason Owens,"875 Simpson Springs Apt. 975, Brendaton, NE 15440",11943,2023-11-10,9991,each edge,5,185.47
61692,Jason Owens,"875 Simpson Springs Apt. 975, Brendaton, NE 15440",11943,2023-11-10,41078,break of,4,395.12
61692,Jason Owens,"875 Simpson Springs Apt. 975, Brendaton, NE 15440",53373,2023-11-03,14861,social ahead,2,118.94
61692,Jason Owens,"875 Simpson Springs Apt. 975, Brendaton, NE 15440",53373,2023-11-03,67406,threat mission,1,181.57
61692,Jason Owens,"875 Simpson Springs Apt. 975, Brendaton, NE 15440",53373,2023-11-03,38980,light together,1,757.42
61692,Jason Owens,"875 Simpson Springs Apt. 975, Brendaton, NE 15440",32351,2024-01-14,13892,son how,3,889.57
61692,Jason Owens,"875 Simpson Springs Apt. 975, Brendaton, NE 15440",32351,2024-01-14,41230,church always,3,428.98
61692,Jason Owens,"875 Simpson Springs Apt. 975, Brendaton, NE 15440",32351,2024-01-14,39707,record give,5,271.2
63083,Kevin Curtis,"183 Sarah Fords Suite 674, Lake Robertton, ND 30189",67571,2024-06-06,30480,area world,3,919.25
63083,Kevin Curtis,"183 Sarah Fords Suite 674, Lake Robertton, ND 30189",67571,2024-06-06,66223,specific serious,5,763.48
63083,Kevin Curtis,"183 Sarah Fords Suite 674, Lake Robertton, ND 30189",37769,2024-01-08,13433,positive after,2,154.64
81828,Vickie Watson,"6334 Costa Lake, Ashleyfort, FM 77118",86870,2024-06-17,58821,yard identify,3,399.75
81828,Vickie Watson,"6334 Costa Lake, Ashleyfort, FM 77118",86870,2024-06-17,24491,friend senior,1,785.53
81828,Vickie Watson,"6334 Costa Lake, Ashleyfort, FM 77118",86870,2024-06-17,98176,single similar,5,698.81
60581,Dustin Bailey,"4732 Alexa Cliff, Alyssaside, PR 08479",21469,2023-11-23,7458,could tell,2,311.26
60581,Dustin Bailey,"4732 Alexa Cliff, Alyssaside, PR 08479",21469,2023-11-23,5537,why day,3,432.56
60581,Dustin Bailey,"4732 Alexa Cliff, Alyssaside, PR 08479",46647,2024-08-28,10729,hotel degree,1,800.46
60581,Dustin Bailey,"4732 Alexa Cliff, Alyssaside, PR 08479",46647,2024-08-28,29397,level visit,4,346.42
60581,Dustin Bailey,"4732 Alexa Cliff, Alyssaside, PR 08479",46647,2024-08-28,83028,impact reach,3,880.32
60581,Dustin Bailey,"4732 Alexa Cliff, Alyssaside, PR 08479",3617,2024-06-05,77235,low nor,1,31.54
60581,Dustin Bailey,"4732 Alexa Cliff, Alyssaside, PR 08479",3617,2024-06-05,87329,worker organization,3,990.26
17528,Heather Wilson,"9941 Weeks Forge Suite 338, New Jessica, TN 18735",10978,2024-10-01,13433,positive after,3,154.64
17528,Heather Wilson,"9941 Weeks Forge Suite 338, New Jessica, TN 18735",67433,2024-04-23,62070,firm it,4,709.83
17528,Heather Wilson,"9941 Weeks Forge Suite 338, New Jessica, TN 18735",72925,2024-08-01,84855,fund account,1,216.8
17528,Heather Wilson,"9941 Weeks Forge Suite 338, New Jessica, TN 18735",72925,2024-08-01,4361,follow it,3,328.54
30436,Jason Hill,"2350 Sanchez Forge Suite 508, Jayland, IN 56277",87435,2024-10-14,68778,rule deal,3,111.08
30436,Jason Hill,"2350 Sanchez Forge Suite 508, Jayland, IN 56277",87435,2024-10-14,78574,pretty little,3,275.46
42336,Karen Webb,"837 Gonzalez Union, Jeremyview, VA 94943",79975,2024-05-08,5537,why day,1,432.56
42336,Karen Webb,"837 Gonzalez Union, Jeremyview, VA 94943",79975,2024-05-08,24491,friend senior,4,785.53
94833,Todd Smith Jr.,"430 Joseph Course, New Andrew, MH 84447",20377,2024-05-26,13892,son how,3,889.57
94833,Todd Smith Jr.,"430 Joseph Course, New Andrew, MH 84447",20377,2024-05-26,79139,administration success,2,378.98
94833,Todd Smith Jr.,"430 Joseph Course, New Andrew, MH 84447",20377,2024-05-26,44214,himself world,5,597.5
50679,Aaron Fowler,"766 Hunt Dam Suite 151, Thomasbury, KY 54732",69256,2024-09-12,27975,make site,3,254.19
50679,Aaron Fowler,"766 Hunt Dam Suite 151, Thomasbury, KY 54732",69256,2024-09-12,68778,rule deal,3,111.08
50679,Aaron Fowler,"766 Hunt Dam Suite 151, Thomasbury, KY 54732",69256,2024-09-12,38257,few trade,1,712.15
94248,John Fernandez,"5691 Bryan Trace, Rebeccaborough, IA 35812",53502,2024-02-21,85138,same impact,3,638.88
94248,John Fernandez,"5691 Bryan Trace, Rebeccaborough, IA 35812",52146,2024-08-12,25217,case full,2,221.27
94248,John Fernandez,"5691 Bryan Trace, Rebeccaborough, IA 35812",52146,2024-08-12,58821,yard identify,1,399.75
94248,John Fernandez,"5691 Bryan Trace, Rebeccaborough, IA 35812",42178,2023-12-29,13892,son how,1,889.57
94248,John Fernandez,"5691 Bryan Trace, Rebeccaborough, IA 35812",42178,2023-12-29,66223,specific serious,1,763.48
94248,John Fernandez,"5691 Bryan Trace, Rebeccaborough, IA 35812",42178,2023-12-29,57048,central finish,2,349.0
46546,Tyler Tucker,"5737 Johnson Pines Apt. 581, South Shane, TX 31208",93806,2024-02-20,29397,level visit,2,346.42
46546,Tyler Tucker,"5737 Johnson Pines Apt. 581, South Shane, TX 31208",93806,2024-02-20,4361,follow it,1,328.54
46546,Tyler Tucker,"5737 Johnson Pines Apt. 581, South Shane, TX 31208",93806,2024-02-20,67406,threat mission,1,181.57
46546,Tyler Tucker,"5737 Johnson Pines Apt. 581, South Shane, TX 31208",35399,2023-12-19,38257,few trade,2,712.15
87365,Alejandro Harris,"57439 James Oval, West Jillian, MA 27197",76179,2024-10-05,83028,impact reach,4,880.32
82879,Frank Williams,"117 Green Junction, Rhondaview, DC 24689",71907,2024-06-09,37001,draw beyond,3,478.75
82879,Frank Williams,"117 Green Junction, Rhondaview, DC 24689",71907,2024-06-09,98176,single similar,4,698.81
82879,Frank Williams,"117 Green Junction, Rhondaview, DC 24689",71907,2024-06-09,91472,different state,1,513.47
82879,Frank Williams,"117 Green Junction, Rhondaview, DC 24689",89179,2023-11-28,4080,reach physical,5,879.22
82879,Frank Williams,"117 Green Junction, Rhondaview, DC 24689",89179,2023-11-28,35618,now suddenly,2,725.87
82879,Frank Williams,"117 Green Junction, Rhondaview, DC 24689",9072,2024-04-09,25217,case full,4,221.27
82879,Frank Williams,"117 Green Junction, Rhondaview, DC 24689",9072,2024-04-09,62070,firm it,3,709.83
82879,Frank Williams,"117 Green Junction, Rhondaview, DC 24689",9072,2024-04-09,3436,he pattern,2,504.18
32593,Lydia Davis,"3338 Crystal Drive, North Amandahaven, RI 29993",51592,2024-08-14,62170,choice compare,5,506.51
32593,Lydia Davis,"3338 Crystal Drive, North Amandahaven, RI 29993",51592,2024-08-14,87329,worker organization,1,990.26
32593,Lydia Davis,"3338 Crystal Drive, North Amandahaven, RI 29993",25339,2023-12-06,64717,together system,5,136.24
32593,Lydia Davis,"3338 Crystal Drive, North Amandahaven, RI 29993",25339,2023-12-06,57048,central finish,2,349.0
32593,Lydia Davis,"3338 Crystal Drive, North Amandahaven, RI 29993",78771,2023-12-22,53539,radio develop,2,458.26
32593,Lydia Davis,"3338 Crystal Drive, North Amandahaven, RI 29993",78771,2023-12-22,41230,church always,4,428.98
32593,Lydia Davis,"3338 Crystal Drive, North Amandahaven, RI 29993",78771,2023-12-22,60205,probably character,4,828.78
22828,Derek Herrera,"7422 Jennings Rapids Suite 444, East Alejandroport, UT 45207",18193,2024-01-25,25025,mouth key,3,575.89
22828,Derek Herrera,"7422 Jennings Rapids Suite 444, East Alejandroport, UT 45207",18193,2024-01-25,44518,build society,3,303.04
77336,Kelly Johnson,"90258 Padilla Neck Apt. 078, New Crystal, OR 36601",87441,2024-10-11,9991,each edge,3,185.47
77336,Kelly Johnson,"90258 Padilla Neck Apt. 078, New Crystal, OR 36601",87441,2024-10-11,41078,break of,1,395.12
2513,Tracy Brown,"85458 Hannah Turnpike Suite 773, Rodriguezhaven, VI 40262",70792,2024-01-13,62070,firm it,3,709.83
2513,Tracy Brown,"85458 Hannah Turnpike Suite 773, Rodriguezhaven, VI 40262",43019,2024-05-28,30480,area world,1,919.25
2513,Tracy Brown,"85458 Hannah Turnpike Suite 773, Rodriguezhaven, VI 40262",90635,2023-11-11,46813,avoid loss,1,58.75
2513,Tracy Brown,"85458 Hannah Turnpike Suite 773, Rodriguezhaven, VI 40262",90635,2023-11-11,22733,seat your,2,790.71
98232,Nicole Castillo,"17957 Combs Motorway, West Amytown, CA 45370",50647,2024-01-20,3588,collection child,4,52.62
98232,Nicole Castillo,"17957 Combs Motorway, West Amytown, CA 45370",50647,2024-01-20,60947,front letter,5,793.46
98232,Nicole Castillo,"17957 Combs Motorway, West Amytown, CA 45370",60222,2024-07-13,24491,friend senior,1,785.53
52922,David Andrews,"19151 Bailey Motorway, Timothyport, WV 62241",98393,2024-08-25,41078,break of,2,395.12
52922,David Andrews,"19151 Bailey Motorway, Timothyport, WV 62241",98393,2024-08-25,10729,hotel degree,3,800.46
52922,David Andrews,"19151 Bailey Motorway, Timothyport, WV 62241",98393,2024-08-25,23419,represent which,1,615.92
38954,Manuel Thomas,"USCGC Pennington, FPO AP 77347",40392,2024-06-18,62762,amount seat,5,379.34
38954,Manuel Thomas,"USCGC Pennington, FPO AP 77347",40392,2024-06-18,44214,himself world,2,597.5
38954,Manuel Thomas,"USCGC Pennington, FPO AP 77347",40392,2024-06-18,83028,impact reach,3,880.32
38954,Manuel Thomas,"USCGC Pennington, FPO AP 77347",40855,2024-06-22,99677,game test,5,780.7
76571,Deborah Watts,"68880 Timothy Mill Apt. 205, Lake Kenneth, SD 54417",33019,2024-08-04,83028,impact reach,2,880.32
76571,Deborah Watts,"68880 Timothy Mill Apt. 205, Lake Kenneth, SD 54417",33019,2024-08-04,74698,activity both,2,912.19
26641,Meghan Vasquez,"04964 Alan Knolls Suite 687, Myershaven, AL 13316",15766,2024-08-21,74698,activity both,5,912.19
26641,Meghan Vasquez,"04964 Alan Knolls Suite 687, Myershaven, AL 13316",41331,2024-04-05,5537,why day,1,432.56
26641,Meghan Vasquez,"04964 Alan Knolls Suite 687, Myershaven, AL 13316",41331,2024-04-05,4080,reach physical,3,879.22
26641,Meghan Vasquez,"04964 Alan Knolls Suite 687, Myershaven, AL 13316",96721,2024-07-18,4361,follow it,3,328.54
26641,Meghan Vasquez,"04964 Alan Knolls Suite 687, Myershaven, AL 13316",96721,2024-07-18,24491,friend senior,4,785.53
26641,Meghan Vasquez,"04964 Alan Knolls Suite 687, Myershaven, AL 13316",96721,2024-07-18,73670,government leg,4,838.01
72902,Rebecca Novak,"92454 Jeremiah Ridge Apt. 926, Lake Bethland, DE 86305",95780,2024-08-06,64717,together system,3,136.24
72902,Rebecca Novak,"92454 Jeremiah Ridge Apt. 926, Lake Bethland, DE 86305",35623,2023-12-07,67406,threat mission,4,181.57
72902,Rebecca Novak,"92454 Jeremiah Ridge Apt. 926, Lake Bethland, DE 86305",35623,2023-12-07,66829,indicate glass,4,655.22
72902,Rebecca Novak,"92454 Jeremiah Ridge Apt. 926, Lake Bethland, DE 86305",35623,2023-12-07,74698,activity both,3,912.19
72902,Rebecca Novak,"92454 Jeremiah Ridge Apt. 926, Lake Bethland, DE 86305",99376,2024-01-06,74698,activity both,1,912.19
72902,Rebecca Novak,"92454 Jeremiah Ridge Apt. 926, Lake Bethland, DE 86305",99376,2024-01-06,37534,dark few,4,290.77
72902,Rebecca Novak,"92454 Jeremiah Ridge Apt. 926, Lake Bethland, DE 86305",99376,2024-01-06,38257,few trade,5,712.15
81380,Arthur Jackson,"0255 Brandi Divide, North Ashleyport, KS 40282",41617,2024-06-22,35577,tough no,5,41.98
81380,Arthur Jackson,"0255 Brandi Divide, North Ashleyport, KS 40282",35949,2024-03-28,38980,light together,2,757.42
81380,Arthur Jackson,"0255 Brandi Divide, North Ashleyport, KS 40282",35949,2024-03-28,31238,church interest,4,54.88
81380,Arthur Jackson,"0255 Brandi Divide, North Ashleyport, KS 40282",35949,2024-03-28,88584,law within,3,851.28
71569,Gary Snyder,"674 Beard Curve, Port Tyler, DC 96800",82635,2024-01-13,93476,subject court,1,378.85
71569,Gary Snyder,"674 Beard Curve, Port Tyler, DC 96800",20362,2024-04-19,91241,Republican police,2,442.29
71569,Gary Snyder,"674 Beard Curve, Port Tyler, DC 96800",20362,2024-04-19,58821,yard identify,1,399.75
71569,Gary Snyder,"674 Beard Curve, Port Tyler, DC 96800",20362,2024-04-19,75590,fill condition,4,803.04
71569,Gary Snyder,"674 Beard Curve, Port Tyler, DC 96800",90778,2024-07-14,62170,choice compare,4,506.51
71569,Gary Snyder,"674 Beard Curve, Port Tyler, DC 96800",90778,2024-07-14,62070,firm it,2,709.83
71569,Gary Snyder,"674 Beard Curve, Port Tyler, DC 96800",90778,2024-07-14,25025,mouth key,1,575.89
66940,Charles Wall,"422 Cameron Skyway Suite 477, Annetteburgh, OH 69775",65657,2024-02-09,3436,he pattern,3,504.18
66940,Charles Wall,"422 Cameron Skyway Suite 477, Annetteburgh, OH 69775",17604,2024-07-30,30480,area world,4,919.25
66940,Charles Wall,"422 Cameron Skyway Suite 477, Annetteburgh, OH 69775",17604,2024-07-30,13433,positive after,4,154.64
66940,Charles Wall,"422 Cameron Skyway Suite 477, Annetteburgh, OH 69775",17604,2024-07-30,77235,low nor,3,31.54
66940,Charles Wall,"422 Cameron Skyway Suite 477, Annetteburgh, OH 69775",79467,2024-04-29,39707,record give,2,271.2
54952,Caitlin Anderson,"2050 Chelsey Course Suite 528, New Lawrence, HI 13694",57608,2023-11-24,13433,positive after,2,154.64
54952,Caitlin Anderson,"2050 Chelsey Course Suite 528, New Lawrence, HI 13694",57608,2023-11-24,24491,friend senior,4,785.53
54952,Caitlin Anderson,"2050 Chelsey Course Suite 528, New Lawrence, HI 13694",70976,2023-11-18,99677,game test,5,780.7
54952,Caitlin Anderson,"2050 Chelsey Course Suite 528, New Lawrence, HI 13694",70976,2023-11-18,31737,pull idea,4,700.12
54952,Caitlin Anderson,"2050 Chelsey Course Suite 528, New Lawrence, HI 13694",70976,2023-11-18,23504,may somebody,4,223.91
54952,Caitlin Anderson,"2050 Chelsey Course Suite 528, New Lawrence, HI 13694",50597,2024-05-13,91472,different state,3,513.47
99564,Michelle Evans,"3209 Lee Spurs Apt. 987, Amyberg, KY 68397",670,2024-06-28,98054,if top,4,973.01
35033,Rebekah Jensen,"94271 Alejandra Lodge, Cunninghamstad, SD 20173",11815,2024-01-30,30480,area world,5,919.25
35033,Rebekah Jensen,"94271 Alejandra Lodge, Cunninghamstad, SD 20173",44786,2024-09-23,48648,some onto,2,35.31
35033,Rebekah Jensen,"94271 Alejandra Lodge, Cunninghamstad, SD 20173",44786,2024-09-23,7628,call thought,4,671.06
35033,Rebekah Jensen,"94271 Alejandra Lodge, Cunninghamstad, SD 20173",10420,2023-11-12,62335,man series,2,619.45
35033,Rebekah Jensen,"94271 Alejandra Lodge, Cunninghamstad, SD 20173",10420,2023-11-12,37534,dark few,3,290.77
12990,Russell Swanson,"7858 Diane Mountains, New Laurastad, CO 61620",96394,2024-09-18,7458,could tell,5,311.26
12990,Russell Swanson,"7858 Diane Mountains, New Laurastad, CO 61620",96394,2024-09-18,13433,positive after,5,154.64
12990,Russell Swanson,"7858 Diane Mountains, New Laurastad, CO 61620",96394,2024-09-18,65859,however group,2,565.77
12990,Russell Swanson,"7858 Diane Mountains, New Laurastad, CO 61620",62086,2024-07-02,34209,new family,1,339.87
12990,Russell Swanson,"7858 Diane Mountains, New Laurastad, CO 61620",62086,2024-07-02,23419,represent which,2,615.92
12990,Russell Swanson,"7858 Diane Mountains, New Laurastad, CO 61620",62086,2024-07-02,285,provide friend,3,162.6
75531,Ryan Small,"78960 Mcmillan Drive Apt. 767, Harrisonton, NE 57559",26879,2024-07-30,70166,let candidate,2,337.72
75531,Ryan Small,"78960 Mcmillan Drive Apt. 767, Harrisonton, NE 57559",26879,2024-07-30,49358,west build,4,812.37
75531,Ryan Small,"78960 Mcmillan Drive Apt. 767, Harrisonton, NE 57559",26879,2024-07-30,95733,south interview,4,259.25
75531,Ryan Small,"78960 Mcmillan Drive Apt. 767, Harrisonton, NE 57559",8276,2024-03-23,38980,light together,1,757.42
75531,Ryan Small,"78960 Mcmillan Drive Apt. 767, Harrisonton, NE 57559",8276,2024-03-23,7458,could tell,2,311.26
36487,Hayley Russell,"86504 Daniel Prairie, South Sandrabury, IL 74468",91996,2024-10-19,4459,admit measure,3,737.28
36487,Hayley Russell,"86504 Daniel Prairie, South Sandrabury, IL 74468",91996,2024-10-19,4361,follow it,5,328.54
36487,Hayley Russell,"86504 Daniel Prairie, South Sandrabury, IL 74468",64758,2024-10-02,41230,church always,4,428.98
36487,Hayley Russell,"86504 Daniel Prairie, South Sandrabury, IL 74468",64758,2024-10-02,35618,now suddenly,2,725.87
36487,Hayley Russell,"86504 Daniel Prairie, South Sandrabury, IL 74468",28554,2024-07-06,35618,now suddenly,5,725.87
36487,Hayley Russell,"86504 Daniel Prairie, South Sandrabury, IL 74468",28554,2024-07-06,62170,choice compare,1,506.51
36487,Hayley Russell,"86504 Daniel Prairie, South Sandrabury, IL 74468",28554,2024-07-06,27975,make site,2,254.19
32667,Nicole Smith,"01994 Russell Manor, New Keithberg, ID 16143",37257,2024-08-14,84927,team allow,2,332.14
32667,Nicole Smith,"01994 Russell Manor, New Keithberg, ID 16143",37257,2024-08-14,35618,now suddenly,2,725.87
32667,Nicole Smith,"01994 Russell Manor, New Keithberg, ID 16143",55123,2023-12-06,3588,collection child,3,52.62
32667,Nicole Smith,"01994 Russell Manor, New Keithberg, ID 16143",66208,2024-10-07,27975,make site,5,254.19
32667,Nicole Smith,"01994 Russell Manor, New Keithberg, ID 16143",66208,2024-10-07,75590,fill condition,3,803.04
53606,Alexis Herring,"36809 Lisa Roads Apt. 943, Hesterhaven, NV 74226",65380,2024-03-11,88584,law within,4,851.28
53606,Alexis Herring,"36809 Lisa Roads Apt. 943, Hesterhaven, NV 74226",19667,2023-12-01,3588,collection child,4,52.62
53606,Alexis Herring,"36809 Lisa Roads Apt. 943, Hesterhaven, NV 74226",72634,2024-09-11,25217,case full,2,221.27
65626,Melissa Wade,"167 Thornton Rest Apt. 314, East Justin, NV 35180",12654,2024-02-13,62335,man series,5,619.45
65626,Melissa Wade,"167 Thornton Rest Apt. 314, East Justin, NV 35180",12654,2024-02-13,60947,front letter,2,793.46
65626,Melissa Wade,"167 Thornton Rest Apt. 314, East Justin, NV 35180",11982,2024-07-23,39707,record give,2,271.2
65626,Melissa Wade,"167 Thornton Rest Apt. 314, East Justin, NV 35180",11982,2024-07-23,84855,fund account,5,216.8
65626,Melissa Wade,"167 Thornton Rest Apt. 314, East Justin, NV 35180",72068,2023-12-11,37534,dark few,5,290.77
80489,Dr. Brittney Jackson,"702 Jennifer Village, Gonzalezchester, ND 88632",71250,2024-04-12,74698,activity both,5,912.19
80489,Dr. Brittney Jackson,"702 Jennifer Village, Gonzalezchester, ND 88632",71250,2024-04-12,75590,fill condition,4,803.04
80489,Dr. Brittney Jackson,"702 Jennifer Village, Gonzalezchester, ND 88632",69962,2023-11-28,13073,table after,1,92.97
80489,Dr. Brittney Jackson,"702 Jennifer Village, Gonzalezchester, ND 88632",69962,2023-11-28,29940,cause here,2,967.4
80489,Dr. Brittney Jackson,"702 Jennifer Village, Gonzalezchester, ND 88632",69962,2023-11-28,74698,activity both,5,912.19
41788,Mark Matthews,"84861 Joseph Grove, Vasquezfurt, MN 48794",35092,2023-10-22,77235,low nor,3,31.54
41788,Mark Matthews,"84861 Joseph Grove, Vasquezfurt, MN 48794",35092,2023-10-22,3436,he pattern,4,504.18
41788,Mark Matthews,"84861 Joseph Grove, Vasquezfurt, MN 48794",35092,2023-10-22,39680,wait phone,2,390.08
57058,Jeremiah Davis,"97192 Danielle Underpass, Port Phillipfort, WV 69801",27737,2023-11-10,20230,maintain finish,2,37.39
13327,Laura Cobb,"028 Michelle Dam Apt. 938, Matthewmouth, ME 75434",76588,2024-05-15,27975,make site,2,254.19
13327,Laura Cobb,"028 Michelle Dam Apt. 938, Matthewmouth, ME 75434",76588,2024-05-15,57048,central finish,1,349.0
13327,Laura Cobb,"028 Michelle Dam Apt. 938, Matthewmouth, ME 75434",14948,2024-02-09,3588,collection child,3,52.62
13327,Laura Cobb,"028 Michelle Dam Apt. 938, Matthewmouth, ME 75434",14948,2024-02-09,30630,share particularly,1,646.96
13327,Laura Cobb,"028 Michelle Dam Apt. 938, Matthewmouth, ME 75434",14948,2024-02-09,74698,activity both,2,912.19
85270,Jonathan Taylor,"2306 Cheryl Stravenue, Phillipsbury, ID 61022",70776,2024-01-16,27041,popular figure,2,483.9
85270,Jonathan Taylor,"2306 Cheryl Stravenue, Phillipsbury, ID 61022",90890,2024-05-10,64717,together system,2,136.24
85270,Jonathan Taylor,"2306 Cheryl Stravenue, Phillipsbury, ID 61022",90890,2024-05-10,41230,church always,5,428.98
85270,Jonathan Taylor,"2306 Cheryl Stravenue, Phillipsbury, ID 61022",90890,2024-05-10,25025,mouth key,1,575.89
85270,Jonathan Taylor,"2306 Cheryl Stravenue, Phillipsbury, ID 61022",45233,2023-11-15,38257,few trade,4,712.15
24256,Mark Maldonado,"Unit 6146 Box 2506, DPO AE 48211",6944,2024-04-01,20230,maintain finish,3,37.39
24256,Mark Maldonado,"Unit 6146 Box 2506, DPO AE 48211",83027,2024-03-02,4361,follow it,5,328.54
24256,Mark Maldonado,"Unit 6146 Box 2506, DPO AE 48211",83027,2024-03-02,25025,mouth key,4,575.89
70773,Megan Frank,"3752 Robert Inlet Suite 250, Madelineborough, GA 56831",39161,2024-10-11,70918,team clear,5,59.7
70773,Megan Frank,"3752 Robert Inlet Suite 250, Madelineborough, GA 56831",39161,2024-10-11,35740,fly catch,4,408.16
70773,Megan Frank,"3752 Robert Inlet Suite 250, Madelineborough, GA 56831",39161,2024-10-11,4080,reach physical,1,879.22
70773,Megan Frank,"3752 Robert Inlet Suite 250, Madelineborough, GA 56831",61836,2024-02-14,91362,training force,1,640.29
39245,Amy Hernandez,"9415 Mills Point Suite 530, East Eric, OK 05536",26081,2024-01-17,88584,law within,3,851.28
39245,Amy Hernandez,"9415 Mills Point Suite 530, East Eric, OK 05536",26081,2024-01-17,23504,may somebody,2,223.91
39245,Amy Hernandez,"9415 Mills Point Suite 530, East Eric, OK 05536",26081,2024-01-17,46813,avoid loss,1,58.75
39245,Amy Hernandez,"9415 Mills Point Suite 530, East Eric, OK 05536",12442,2023-12-21,67406,threat mission,4,181.57
39245,Amy Hernandez,"9415 Mills Point Suite 530, East Eric, OK 05536",12442,2023-12-21,83028,impact reach,2,880.32
39245,Amy Hernandez,"9415 Mills Point Suite 530, East Eric, OK 05536",12442,2023-12-21,93476,subject court,1,378.85
39245,Amy Hernandez,"9415 Mills Point Suite 530, East Eric, OK 05536",88897,2024-01-05,83028,impact reach,2,880.32
45480,Michael Turner,"6395 Gardner Ranch Suite 045, Elizabethfurt, NY 80564",17639,2024-09-05,91241,Republican police,2,442.29
45480,Michael Turner,"6395 Gardner Ranch Suite 045, Elizabethfurt, NY 80564",17639,2024-09-05,35577,tough no,5,41.98
45480,Michael Turner,"6395 Gardner Ranch Suite 045, Elizabethfurt, NY 80564",17639,2024-09-05,91472,different state,3,513.47
92118,Russell Chang,"20414 Frances Glens, Ruizstad, IL 05367",86945,2024-08-18,91472,different state,5,513.47
92118,Russell Chang,"20414 Frances Glens, Ruizstad, IL 05367",86945,2024-08-18,62762,amount seat,2,379.34
92118,Russell Chang,"20414 Frances Glens, Ruizstad, IL 05367",65038,2024-07-12,60205,probably character,3,828.78
10624,Richard Chaney,"1282 Dunn Mall Apt. 380, West Jonathan, NM 95166",88862,2024-08-15,60205,probably character,2,828.78
10624,Richard Chaney,"1282 Dunn Mall Apt. 380, West Jonathan, NM 95166",88862,2024-08-15,29397,level visit,3,346.42
10624,Richard Chaney,"1282 Dunn Mall Apt. 380, West Jonathan, NM 95166",88862,2024-08-15,48648,some onto,1,35.31
19628,Mrs. Mary Davenport DDS,"4435 Carol Locks, Morganmouth, VA 96493",18916,2024-10-03,65859,however group,2,565.77
19628,Mrs. Mary Davenport DDS,"4435 Carol Locks, Morganmouth, VA 96493",18916,2024-10-03,30480,area world,5,919.25
19628,Mrs. Mary Davenport DDS,"4435 Carol Locks, Morganmouth, VA 96493",18736,2024-04-23,91472,different state,5,513.47
19628,Mrs. Mary Davenport DDS,"4435 Carol Locks, Morganmouth, VA 96493",69565,2024-08-14,1025,against return,5,307.44
82531,Bruce Green,"926 Bates Isle Apt. 150, Lake Jessicaside, AR 07527",52101,2024-02-16,77235,low nor,5,31.54
82531,Bruce Green,"926 Bates Isle Apt. 150, Lake Jessicaside, AR 07527",52101,2024-02-16,23419,represent which,3,615.92
82531,Bruce Green,"926 Bates Isle Apt. 150, Lake Jessicaside, AR 07527",95042,2024-01-12,52265,international watch,4,110.68
82531,Bruce Green,"926 Bates Isle Apt. 150, Lake Jessicaside, AR 07527",95042,2024-01-12,30630,share particularly,1,646.96
53360,Mary Hawkins,"60258 Scott Camp Suite 953, Browningport, MI 35413",12518,2023-12-29,35740,fly catch,3,408.16
53360,Mary Hawkins,"60258 Scott Camp Suite 953, Browningport, MI 35413",19109,2023-11-15,13189,store daughter,3,150.25
53360,Mary Hawkins,"60258 Scott Camp Suite 953, Browningport, MI 35413",19109,2023-11-15,87329,worker organization,5,990.26
53360,Mary Hawkins,"60258 Scott Camp Suite 953, Browningport, MI 35413",19109,2023-11-15,9991,each edge,5,185.47
53360,Mary Hawkins,"60258 Scott Camp Suite 953, Browningport, MI 35413",16831,2024-02-13,46813,avoid loss,2,58.75
53360,Mary Hawkins,"60258 Scott Camp Suite 953, Browningport, MI 35413",16831,2024-02-13,93476,subject court,2,378.85
46833,Jeremy Barber,"7266 James Lake Apt. 785, Jenkinsmouth, VI 89817",17012,2024-03-24,35740,fly catch,1,408.16
46833,Jeremy Barber,"7266 James Lake Apt. 785, Jenkinsmouth, VI 89817",17012,2024-03-24,7628,call thought,4,671.06
46833,Jeremy Barber,"7266 James Lake Apt. 785, Jenkinsmouth, VI 89817",17012,2024-03-24,91241,Republican police,2,442.29
80354,Justin Davis,"25080 Christine Highway Suite 196, Kirkberg, NJ 24191",81031,2024-08-19,78574,pretty little,2,275.46
80354,Justin Davis,"25080 Christine Highway Suite 196, Kirkberg, NJ 24191",64719,2024-05-16,30630,share particularly,5,646.96
80354,Justin Davis,"25080 Christine Highway Suite 196, Kirkberg, NJ 24191",71126,2024-04-27,13433,positive after,1,154.64
80354,Justin Davis,"25080 Christine Highway Suite 196, Kirkberg, NJ 24191",71126,2024-04-27,10729,hotel degree,4,800.46
91797,Teresa Bennett,"Unit 0633 Box 5561, DPO AA 70748",25206,2024-02-12,24491,friend senior,1,785.53
91797,Teresa Bennett,"Unit 0633 Box 5561, DPO AA 70748",25206,2024-02-12,25217,case full,1,221.27
91797,Teresa Bennett,"Unit 0633 Box 5561, DPO AA 70748",25206,2024-02-12,62170,choice compare,3,506.51
91797,Teresa Bennett,"Unit 0633 Box 5561, DPO AA 70748",28033,2024-09-18,1025,against return,3,307.44
6596,Richard Sullivan,"61558 Alex Bypass Suite 215, Donnaburgh, MH 21365",62500,2024-07-26,31238,church interest,3,54.88
6596,Richard Sullivan,"61558 Alex Bypass Suite 215, Donnaburgh, MH 21365",62500,2024-07-26,52265,international watch,2,110.68
6596,Richard Sullivan,"61558 Alex Bypass Suite 215, Donnaburgh, MH 21365",74255,2024-07-04,13189,store daughter,3,150.25
6596,Richard Sullivan,"61558 Alex Bypass Suite 215, Donnaburgh, MH 21365",74255,2024-07-04,37534,dark few,3,290.77
6596,Richard Sullivan,"61558 Alex Bypass Suite 215, Donnaburgh, MH 21365",74255,2024-07-04,65859,however group,4,565.77
27066,Terri Richmond,"26124 Hanson Lock Suite 913, Denisechester, IL 93768",61553,2023-12-17,70166,let candidate,5,337.72
27066,Terri Richmond,"26124 Hanson Lock Suite 913, Denisechester, IL 93768",61553,2023-12-17,92810,citizen dream,1,876.79
27066,Terri Richmond,"26124 Hanson Lock Suite 913, Denisechester, IL 93768",61553,2023-12-17,59794,economic power,3,146.78
61423,Keith Nelson,"87498 Garrett Overpass Suite 286, Brownfurt, NV 18095",70306,2023-11-29,84855,fund account,5,216.8
61423,Keith Nelson,"87498 Garrett Overpass Suite 286, Brownfurt, NV 18095",70306,2023-11-29,30480,area world,1,919.25
61423,Keith Nelson,"87498 Garrett Overpass Suite 286, Brownfurt, NV 18095",70306,2023-11-29,285,provide friend,4,162.6
58166,Brian Wilson,"31946 Lucas Common Apt. 407, New Phillip, DE 70883",70326,2024-03-11,75590,fill condition,4,803.04
58166,Brian Wilson,"31946 Lucas Common Apt. 407, New Phillip, DE 70883",70326,2024-03-11,29940,cause here,5,967.4
58166,Brian Wilson,"31946 Lucas Common Apt. 407, New Phillip, DE 70883",20568,2024-04-17,48648,some onto,1,35.31
97701,Joe Hale,"USNS Brown, FPO AA 24037",74871,2024-08-25,13073,table after,1,92.97
97701,Joe Hale,"USNS Brown, FPO AA 24037",74871,2024-08-25,84855,fund account,2,216.8
97701,Joe Hale,"USNS Brown, FPO AA 24037",12885,2024-04-19,62070,firm it,3,709.83
97701,Joe Hale,"USNS Brown, FPO AA 24037",31533,2024-06-25,84927,team allow,1,332.14
97701,Joe Hale,"USNS Brown, FPO AA 24037",31533,2024-06-25,62170,choice compare,4,506.51
6650,Brooke Wilson,"PSC 8945, Box 1641, APO AE 86265",77885,2024-10-02,5537,why day,5,432.56
6650,Brooke Wilson,"PSC 8945, Box 1641, APO AE 86265",85612,2024-02-20,13433,positive after,4,154.64
6650,Brooke Wilson,"PSC 8945, Box 1641, APO AE 86265",85612,2024-02-20,25025,mouth key,2,575.89
6650,Brooke Wilson,"PSC 8945, Box 1641, APO AE 86265",73385,2023-12-06,4459,admit measure,1,737.28
6650,Brooke Wilson,"PSC 8945, Box 1641, APO AE 86265",73385,2023-12-06,65859,however group,5,565.77
6650,Brooke Wilson,"PSC 8945, Box 1641, APO AE 86265",73385,2023-12-06,22733,seat your,4,790.71
29603,Lori Harris,"56921 Nicholas Orchard, South Davidberg, MO 51580",16726,2024-10-15,44518,build society,4,303.04
29603,Lori Harris,"56921 Nicholas Orchard, South Davidberg, MO 51580",95736,2024-01-16,30630,share particularly,5,646.96
29603,Lori Harris,"56921 Nicholas Orchard, South Davidberg, MO 51580",95736,2024-01-16,38980,light together,2,757.42
29603,Lori Harris,"56921 Nicholas Orchard, South Davidberg, MO 51580",95736,2024-01-16,87329,worker organization,1,990.26
14145,Linda Mckenzie,"418 Sutton Villages, New Larryburgh, VI 66499",33259,2024-05-11,3588,collection child,1,52.62
14145,Linda Mckenzie,"418 Sutton Villages, New Larryburgh, VI 66499",33259,2024-05-11,79139,administration success,5,378.98
14145,Linda Mckenzie,"418 Sutton Villages, New Larryburgh, VI 66499",33259,2024-05-11,78574,pretty little,1,275.46
14145,Linda Mckenzie,"418 Sutton Villages, New Larryburgh, VI 66499",95118,2024-02-18,68778,rule deal,4,111.08
14145,Linda Mckenzie,"418 Sutton Villages, New Larryburgh, VI 66499",95118,2024-02-18,29397,level visit,1,346.42
14145,Linda Mckenzie,"418 Sutton Villages, New Larryburgh, VI 66499",40470,2024-04-06,22733,seat your,2,790.71
14145,Linda Mckenzie,"418 Sutton Villages, New Larryburgh, VI 66499",40470,2024-04-06,38980,light together,2,757.42
92998,Samantha Delgado,"PSC 6950, Box 8880, APO AP 28767",64722,2024-02-19,285,provide friend,1,162.6
21660,Jessica Brooks,"88685 Jennifer Fork Apt. 144, Cassieside, ME 53864",28764,2024-05-18,37001,draw beyond,1,478.75
21660,Jessica Brooks,"88685 Jennifer Fork Apt. 144, Cassieside, ME 53864",28764,2024-05-18,62762,amount seat,4,379.34
21660,Jessica Brooks,"88685 Jennifer Fork Apt. 144, Cassieside, ME 53864",28764,2024-05-18,41230,church always,4,428.98
21660,Jessica Brooks,"88685 Jennifer Fork Apt. 144, Cassieside, ME 53864",68144,2024-01-13,67406,threat mission,4,181.57
21660,Jessica Brooks,"88685 Jennifer Fork Apt. 144, Cassieside, ME 53864",68144,2024-01-13,70918,team clear,4,59.7
21660,Jessica Brooks,"88685 Jennifer Fork Apt. 144, Cassieside, ME 53864",10492,2023-11-11,29397,level visit,5,346.42
21660,Jessica Brooks,"88685 Jennifer Fork Apt. 144, Cassieside, ME 53864",10492,2023-11-11,7458,could tell,3,311.26
21660,Jessica Brooks,"88685 Jennifer Fork Apt. 144, Cassieside, ME 53864",10492,2023-11-11,30480,area world,2,919.25
23208,Candice Morales,"74974 Ashley Rest, Loribury, PA 71953",87981,2024-08-04,4459,admit measure,1,737.28
23208,Candice Morales,"74974 Ashley Rest, Loribury, PA 71953",87981,2024-08-04,29397,level visit,1,346.42
23208,Candice Morales,"74974 Ashley Rest, Loribury, PA 71953",55707,2024-04-07,98054,if top,3,973.01
23208,Candice Morales,"74974 Ashley Rest, Loribury, PA 71953",55707,2024-04-07,35740,fly catch,2,408.16
23208,Candice Morales,"74974 Ashley Rest, Loribury, PA 71953",21959,2024-01-25,53539,radio develop,1,458.26
28639,Catherine Garrett,"4403 Barbara Causeway Suite 356, New Robertshire, VT 27190",43888,2024-10-13,93476,subject court,1,378.85
28639,Catherine Garrett,"4403 Barbara Causeway Suite 356, New Robertshire, VT 27190",43888,2024-10-13,44214,himself world,2,597.5
74358,Jason Young,"67609 Fred Knolls, East Michael, ID 37507",40845,2024-04-17,89010,state since,1,773.88
74358,Jason Young,"67609 Fred Knolls, East Michael, ID 37507",40845,2024-04-17,52265,international watch,2,110.68
23938,Donna Swanson,"631 Jones Streets Suite 816, Millerview, CT 00946",48037,2023-11-05,66986,stay away,3,171.66
23938,Donna Swanson,"631 Jones Streets Suite 816, Millerview, CT 00946",48037,2023-11-05,62170,choice compare,2,506.51
23938,Donna Swanson,"631 Jones Streets Suite 816, Millerview, CT 00946",39507,2024-08-21,41230,church always,2,428.98
40747,Debra Melton,"206 Johnson Keys Suite 013, Julieport, ME 80144",22171,2024-05-31,62335,man series,3,619.45
40747,Debra Melton,"206 Johnson Keys Suite 013, Julieport, ME 80144",22171,2024-05-31,38257,few trade,4,712.15
40747,Debra Melton,"206 Johnson Keys Suite 013, Julieport, ME 80144",2011,2024-08-01,37534,dark few,5,290.77
40747,Debra Melton,"206 Johnson Keys Suite 013, Julieport, ME 80144",2011,2024-08-01,91241,Republican police,1,442.29
40747,Debra Melton,"206 Johnson Keys Suite 013, Julieport, ME 80144",2011,2024-08-01,13189,store daughter,4,150.25
40747,Debra Melton,"206 Johnson Keys Suite 013, Julieport, ME 80144",96735,2024-09-03,13073,table after,2,92.97
40747,Debra Melton,"206 Johnson Keys Suite 013, Julieport, ME 80144",96735,2024-09-03,39707,record give,2,271.2
40747,Debra Melton,"206 Johnson Keys Suite 013, Julieport, ME 80144",96735,2024-09-03,23419,represent which,4,615.92
6689,Steven Carr,"2838 Alyssa Drive, Madisonshire, FM 30549",34837,2024-06-02,95733,south interview,1,259.25
6689,Steven Carr,"2838 Alyssa Drive, Madisonshire, FM 30549",34837,2024-06-02,44518,build society,2,303.04
6689,Steven Carr,"2838 Alyssa Drive, Madisonshire, FM 30549",23006,2023-11-13,48648,some onto,4,35.31
6689,Steven Carr,"2838 Alyssa Drive, Madisonshire, FM 30549",23006,2023-11-13,58821,yard identify,4,399.75
6689,Steven Carr,"2838 Alyssa Drive, Madisonshire, FM 30549",23006,2023-11-13,29397,level visit,3,346.42
21669,Alexander Ward,"USS Waters, FPO AP 73118",59511,2023-12-29,38980,light together,5,757.42
21669,Alexander Ward,"USS Waters, FPO AP 73118",59511,2023-12-29,77235,low nor,5,31.54
21669,Alexander Ward,"USS Waters, FPO AP 73118",88488,2024-06-22,46813,avoid loss,2,58.75
21669,Alexander Ward,"USS Waters, FPO AP 73118",88488,2024-06-22,38980,light together,4,757.42
21669,Alexander Ward,"USS Waters, FPO AP 73118",88488,2024-06-22,87329,worker organization,4,990.26
21669,Alexander Ward,"USS Waters, FPO AP 73118",89000,2024-09-03,13073,table after,3,92.97
79537,Jesse Herman PhD,"307 David Mountain Apt. 046, Maryville, PR 96309",51580,2023-11-06,4080,reach physical,5,879.22
79537,Jesse Herman PhD,"307 David Mountain Apt. 046, Maryville, PR 96309",51580,2023-11-06,27975,make site,4,254.19
79537,Jesse Herman PhD,"307 David Mountain Apt. 046, Maryville, PR 96309",45000,2024-08-11,89010,state since,2,773.88
79537,Jesse Herman PhD,"307 David Mountain Apt. 046, Maryville, PR 96309",45000,2024-08-11,23419,represent which,3,615.92
79537,Jesse Herman PhD,"307 David Mountain Apt. 046, Maryville, PR 96309",45000,2024-08-11,20230,maintain finish,5,37.39
78342,Thomas White,"03991 Sara Burgs Suite 069, Ryanhaven, KY 96392",20801,2024-04-10,39707,record give,3,271.2
42864,Ebony Howard,"365 Sara Views, Dianaside, LA 48378",38471,2024-01-18,97994,remain discussion,1,534.48
42864,Ebony Howard,"365 Sara Views, Dianaside, LA 48378",38471,2024-01-18,30630,share particularly,3,646.96
42864,Ebony Howard,"365 Sara Views, Dianaside, LA 48378",38471,2024-01-18,34209,new family,5,339.87
42864,Ebony Howard,"365 Sara Views, Dianaside, LA 48378",18622,2024-10-09,70166,let candidate,2,337.72
88227,Zachary King,"56051 Kevin Orchard, North William, NH 08947",14658,2024-06-16,91241,Republican police,1,442.29
88227,Zachary King,"56051 Kevin Orchard, North William, NH 08947",14658,2024-06-16,99677,game test,4,780.7
10433,Hector Nelson,"660 Christopher Forges Apt. 413, Rachelland, RI 94829",55713,2024-03-09,2649,themselves person,3,382.08
10433,Hector Nelson,"660 Christopher Forges Apt. 413, Rachelland, RI 94829",55713,2024-03-09,68778,rule deal,3,111.08
10433,Hector Nelson,"660 Christopher Forges Apt. 413, Rachelland, RI 94829",55713,2024-03-09,9868,reduce first,5,882.4
10433,Hector Nelson,"660 Christopher Forges Apt. 413, Rachelland, RI 94829",15082,2024-03-31,44518,build society,1,303.04
10433,Hector Nelson,"660 Christopher Forges Apt. 413, Rachelland, RI 94829",15082,2024-03-31,66986,stay away,1,171.66
22736,Debbie Anderson,"852 Benjamin Meadow Apt. 630, New Lauren, SD 39247",89249,2024-01-11,2235,senior work,2,871.17
22736,Debbie Anderson,"852 Benjamin Meadow Apt. 630, New Lauren, SD 39247",29941,2023-11-24,66223,specific serious,3,763.48
22736,Debbie Anderson,"852 Benjamin Meadow Apt. 630, New Lauren, SD 39247",29941,2023-11-24,87329,worker organization,5,990.26
22736,Debbie Anderson,"852 Benjamin Meadow Apt. 630, New Lauren, SD 39247",29941,2023-11-24,9868,reduce first,4,882.4
22736,Debbie Anderson,"852 Benjamin Meadow Apt. 630, New Lauren, SD 39247",91227,2024-08-16,75590,fill condition,3,803.04
97980,Daniel Greer,"572 Brent Parks, Gregorymouth, IL 97356",84347,2023-11-29,83028,impact reach,1,880.32
97980,Daniel Greer,"572 Brent Parks, Gregorymouth, IL 97356",84347,2023-11-29,37534,dark few,5,290.77
13356,David Taylor,"313 Ingram Brooks Apt. 352, Lake Nancyberg, NM 85096",26312,2023-12-09,70918,team clear,5,59.7
13356,David Taylor,"313 Ingram Brooks Apt. 352, Lake Nancyberg, NM 85096",26312,2023-12-09,62762,amount seat,1,379.34
13356,David Taylor,"313 Ingram Brooks Apt. 352, Lake Nancyberg, NM 85096",26312,2023-12-09,60205,probably character,5,828.78
60827,Taylor Williams,"190 Cervantes Parkways, Lake Michaelberg, MA 27632",55817,2024-07-09,65859,however group,4,565.77
60827,Taylor Williams,"190 Cervantes Parkways, Lake Michaelberg, MA 27632",15842,2024-08-01,84927,team allow,4,332.14
45194,John Higgins,"0254 Deborah Ford, Lake Ricardochester, IA 75221",17722,2024-04-06,31238,church interest,4,54.88
45194,John Higgins,"0254 Deborah Ford, Lake Ricardochester, IA 75221",17722,2024-04-06,44518,build society,1,303.04
45194,John Higgins,"0254 Deborah Ford, Lake Ricardochester, IA 75221",17722,2024-04-06,4080,reach physical,5,879.22
35703,Darren Rodriguez,"57143 Christopher Loop, Benjaminchester, NJ 20732",60586,2024-08-31,60205,probably character,3,828.78
35703,Darren Rodriguez,"57143 Christopher Loop, Benjaminchester, NJ 20732",60586,2024-08-31,52265,international watch,2,110.68
22365,Maria Herrera,"61118 Jillian Causeway, West Brookeberg, PR 88286",64304,2024-04-22,20230,maintain finish,4,37.39
22365,Maria Herrera,"61118 Jillian Causeway, West Brookeberg, PR 88286",59106,2024-07-18,285,provide friend,1,162.6
22365,Maria Herrera,"61118 Jillian Causeway, West Brookeberg, PR 88286",59106,2024-07-18,46813,avoid loss,4,58.75
36662,Elizabeth Crawford,"444 Kara Summit Apt. 272, West Kelly, NJ 19940",8248,2024-02-10,24491,friend senior,2,785.53
36662,Elizabeth Crawford,"444 Kara Summit Apt. 272, West Kelly, NJ 19940",8248,2024-02-10,7628,call thought,2,671.06
36662,Elizabeth Crawford,"444 Kara Summit Apt. 272, West Kelly, NJ 19940",8248,2024-02-10,13892,son how,5,889.57
88537,Timothy Mason,"15842 Rebecca Court, Alexanderside, ID 32788",5875,2024-04-30,53539,radio develop,3,458.26
88537,Timothy Mason,"15842 Rebecca Court, Alexanderside, ID 32788",5875,2024-04-30,12041,most easy,5,550.4
88537,Timothy Mason,"15842 Rebecca Court, Alexanderside, ID 32788",5875,2024-04-30,66829,indicate glass,4,655.22
75311,Cindy Sanchez,"777 Black Curve, Richardshire, WV 53833",77752,2024-09-13,60947,front letter,3,793.46
75311,Cindy Sanchez,"777 Black Curve, Richardshire, WV 53833",77752,2024-09-13,68778,rule deal,3,111.08
75311,Cindy Sanchez,"777 Black Curve, Richardshire, WV 53833",16248,2024-03-15,5537,why day,2,432.56
75311,Cindy Sanchez,"777 Black Curve, Richardshire, WV 53833",16248,2024-03-15,88584,law within,4,851.28
95137,Stephanie Torres,"Unit 2519 Box 9317, DPO AA 20011",54881,2024-04-24,31238,church interest,1,54.88
95137,Stephanie Torres,"Unit 2519 Box 9317, DPO AA 20011",32616,2024-03-12,38257,few trade,4,712.15
95137,Stephanie Torres,"Unit 2519 Box 9317, DPO AA 20011",89824,2024-04-15,84927,team allow,4,332.14
95137,Stephanie Torres,"Unit 2519 Box 9317, DPO AA 20011",89824,2024-04-15,59794,economic power,4,146.78
95137,Stephanie Torres,"Unit 2519 Box 9317, DPO AA 20011",89824,2024-04-15,73670,government leg,4,838.01
40353,Paul Martin,"67197 Kathleen Trafficway, Wardland, AS 39376",2908,2024-04-06,30480,area world,5,919.25
40353,Paul Martin,"67197 Kathleen Trafficway, Wardland, AS 39376",2908,2024-04-06,22733,seat your,3,790.71
40353,Paul Martin,"67197 Kathleen Trafficway, Wardland, AS 39376",5406,2024-02-21,49358,west build,4,812.37
40353,Paul Martin,"67197 Kathleen Trafficway, Wardland, AS 39376",5406,2024-02-21,52265,international watch,1,110.68
40353,Paul Martin,"67197 Kathleen Trafficway, Wardland, AS 39376",5406,2024-02-21,27041,popular figure,1,483.9
40353,Paul Martin,"67197 Kathleen Trafficway, Wardland, AS 39376",23444,2024-06-11,14861,social ahead,1,118.94
71882,Joann Flores,"56965 Zachary Shores, East Christopher, DE 07118",22526,2024-08-18,91472,different state,1,513.47
71882,Joann Flores,"56965 Zachary Shores, East Christopher, DE 07118",22526,2024-08-18,98054,if top,3,973.01
71882,Joann Flores,"56965 Zachary Shores, East Christopher, DE 07118",60569,2023-12-07,25217,case full,2,221.27
71882,Joann Flores,"56965 Zachary Shores, East Christopher, DE 07118",60569,2023-12-07,68778,rule deal,5,111.08
29340,Cameron Boone,"2698 Jennifer Well Apt. 887, Michaelborough, MN 11621",17001,2024-10-02,39680,wait phone,5,390.08
29340,Cameron Boone,"2698 Jennifer Well Apt. 887, Michaelborough, MN 11621",17001,2024-10-02,68778,rule deal,4,111.08
85733,Denise Hughes,"71346 Paul Creek Apt. 686, Hollyside, UT 52297",19602,2024-04-08,67406,threat mission,5,181.57
85733,Denise Hughes,"71346 Paul Creek Apt. 686, Hollyside, UT 52297",19602,2024-04-08,13189,store daughter,2,150.25
85733,Denise Hughes,"71346 Paul Creek Apt. 686, Hollyside, UT 52297",19602,2024-04-08,41230,church always,1,428.98
85733,Denise Hughes,"71346 Paul Creek Apt. 686, Hollyside, UT 52297",16632,2024-09-30,62170,choice compare,1,506.51
85733,Denise Hughes,"71346 Paul Creek Apt. 686, Hollyside, UT 52297",16632,2024-09-30,66986,stay away,1,171.66
85733,Denise Hughes,"71346 Paul Creek Apt. 686, Hollyside, UT 52297",70701,2023-11-04,13073,table after,1,92.97
83515,Christine Blake,"00967 Sandoval Mount Suite 023, Lunaberg, TN 16132",2807,2024-07-06,83277,west western,1,882.67
83515,Christine Blake,"00967 Sandoval Mount Suite 023, Lunaberg, TN 16132",2807,2024-07-06,84855,fund account,5,216.8
93560,Christopher Jones,"Unit 9586 Box 4931, DPO AP 91098",34301,2024-03-11,95733,south interview,4,259.25
93560,Christopher Jones,"Unit 9586 Box 4931, DPO AP 91098",34301,2024-03-11,25217,case full,3,221.27
93560,Christopher Jones,"Unit 9586 Box 4931, DPO AP 91098",34301,2024-03-11,5537,why day,2,432.56
93560,Christopher Jones,"Unit 9586 Box 4931, DPO AP 91098",58731,2023-11-20,64717,together system,1,136.24
93560,Christopher Jones,"Unit 9586 Box 4931, DPO AP 91098",11101,2024-04-18,29940,cause here,4,967.4
93560,Christopher Jones,"Unit 9586 Box 4931, DPO AP 91098",11101,2024-04-18,77235,low nor,2,31.54
82631,Kelly Weaver,"USS Coleman, FPO AP 14754",97473,2023-11-02,91472,different state,4,513.47
82631,Kelly Weaver,"USS Coleman, FPO AP 14754",97473,2023-11-02,64717,together system,4,136.24
90372,Timothy Saunders,"325 Regina Corner Suite 811, Roblesshire, UT 05302",84835,2024-04-29,3588,collection child,5,52.62
90372,Timothy Saunders,"325 Regina Corner Suite 811, Roblesshire, UT 05302",84835,2024-04-29,67406,threat mission,3,181.57
90372,Timothy Saunders,"325 Regina Corner Suite 811, Roblesshire, UT 05302",48301,2024-01-05,70918,team clear,2,59.7
90372,Timothy Saunders,"325 Regina Corner Suite 811, Roblesshire, UT 05302",48301,2024-01-05,73670,government leg,1,838.01
90372,Timothy Saunders,"325 Regina Corner Suite 811, Roblesshire, UT 05302",48301,2024-01-05,66223,specific serious,3,763.48
96088,Roger Johnson,"Unit 7078 Box 4072, DPO AE 19870",10396,2024-05-01,62335,man series,3,619.45
96088,Roger Johnson,"Unit 7078 Box 4072, DPO AE 19870",10396,2024-05-01,83028,impact reach,4,880.32
96088,Roger Johnson,"Unit 7078 Box 4072, DPO AE 19870",84986,2024-03-27,97994,remain discussion,4,534.48
96088,Roger Johnson,"Unit 7078 Box 4072, DPO AE 19870",84986,2024-03-27,93476,subject court,4,378.85
94542,Sabrina Holloway,"5963 Gibson Mountains Suite 126, Jesusland, FL 04971",34692,2024-05-23,2649,themselves person,5,382.08
94542,Sabrina Holloway,"5963 Gibson Mountains Suite 126, Jesusland, FL 04971",34692,2024-05-23,66223,specific serious,1,763.48
94542,Sabrina Holloway,"5963 Gibson Mountains Suite 126, Jesusland, FL 04971",34692,2024-05-23,39707,record give,4,271.2
94542,Sabrina Holloway,"5963 Gibson Mountains Suite 126, Jesusland, FL 04971",99125,2024-06-15,29940,cause here,2,967.4
94542,Sabrina Holloway,"5963 Gibson Mountains Suite 126, Jesusland, FL 04971",99125,2024-06-15,83277,west western,1,882.67
79231,Roberta Martinez,"0047 Laura Skyway Apt. 390, Jonesshire, MI 59068",47945,2023-12-18,23419,represent which,2,615.92
79231,Roberta Martinez,"0047 Laura Skyway Apt. 390, Jonesshire, MI 59068",5807,2024-10-07,67406,threat mission,5,181.57
79231,Roberta Martinez,"0047 Laura Skyway Apt. 390, Jonesshire, MI 59068",5807,2024-10-07,4361,follow it,3,328.54
47226,David Green,"21860 Johnson Mountains, Ryanburgh, HI 15614",9388,2024-06-20,1025,against return,1,307.44
47226,David Green,"21860 Johnson Mountains, Ryanburgh, HI 15614",9388,2024-06-20,53539,radio develop,3,458.26
47226,David Green,"21860 Johnson Mountains, Ryanburgh, HI 15614",9388,2024-06-20,67406,threat mission,1,181.57
47226,David Green,"21860 Johnson Mountains, Ryanburgh, HI 15614",50979,2024-06-10,84855,fund account,2,216.8
47226,David Green,"21860 Johnson Mountains, Ryanburgh, HI 15614",36350,2024-07-28,83028,impact reach,2,880.32
47226,David Green,"21860 Johnson Mountains, Ryanburgh, HI 15614",36350,2024-07-28,30630,share particularly,2,646.96
25928,Samantha Shepherd,"19407 Silva Corner Suite 458, Sharonhaven, NY 28589",39658,2023-11-29,62762,amount seat,1,379.34
25928,Samantha Shepherd,"19407 Silva Corner Suite 458, Sharonhaven, NY 28589",16987,2024-03-31,39707,record give,4,271.2
25928,Samantha Shepherd,"19407 Silva Corner Suite 458, Sharonhaven, NY 28589",16987,2024-03-31,66829,indicate glass,5,655.22
25928,Samantha Shepherd,"19407 Silva Corner Suite 458, Sharonhaven, NY 28589",16987,2024-03-31,73670,government leg,3,838.01
25928,Samantha Shepherd,"19407 Silva Corner Suite 458, Sharonhaven, NY 28589",85374,2024-04-27,35618,now suddenly,5,725.87
25928,Samantha Shepherd,"19407 Silva Corner Suite 458, Sharonhaven, NY 28589",85374,2024-04-27,49358,west build,2,812.37
75860,Jennifer Henderson,"96440 Brian Crossroad, South Sierra, AK 43078",35957,2024-03-30,37534,dark few,3,290.77
75860,Jennifer Henderson,"96440 Brian Crossroad, South Sierra, AK 43078",31237,2024-03-09,99467,entire clear,5,168.62
75860,Jennifer Henderson,"96440 Brian Crossroad, South Sierra, AK 43078",20319,2024-10-15,91241,Republican police,1,442.29
75860,Jennifer Henderson,"96440 Brian Crossroad, South Sierra, AK 43078",20319,2024-10-15,92810,citizen dream,1,876.79
92748,Rachel Howard,"96557 Thomas Lakes, West Davidport, PA 50348",63992,2024-02-01,53539,radio develop,2,458.26
92748,Rachel Howard,"96557 Thomas Lakes, West Davidport, PA 50348",88288,2024-10-20,1025,against return,2,307.44
7090,Jason Rose,"2872 Velez Fort, North Jeffrey, AR 17063",69649,2024-01-27,49358,west build,5,812.37
7090,Jason Rose,"2872 Velez Fort, North Jeffrey, AR 17063",69649,2024-01-27,25025,mouth key,5,575.89
7090,Jason Rose,"2872 Velez Fort, North Jeffrey, AR 17063",84857,2024-07-02,29397,level visit,3,346.42
80637,Joshua Ellis,"Unit 9976 Box 8583, DPO AA 30599",40413,2024-02-08,79139,administration success,2,378.98
50153,Monique Davis,"92703 Long Circle Apt. 462, Turnerburgh, AZ 43196",92913,2024-01-07,60205,probably character,1,828.78
50153,Monique Davis,"92703 Long Circle Apt. 462, Turnerburgh, AZ 43196",70143,2024-01-28,64717,together system,2,136.24
50153,Monique Davis,"92703 Long Circle Apt. 462, Turnerburgh, AZ 43196",70143,2024-01-28,99677,game test,2,780.7
50153,Monique Davis,"92703 Long Circle Apt. 462, Turnerburgh, AZ 43196",70143,2024-01-28,57048,central finish,2,349.0
50153,Monique Davis,"92703 Long Circle Apt. 462, Turnerburgh, AZ 43196",89140,2023-10-23,4459,admit measure,1,737.28
63456,Rachel Schwartz,"3263 Johnson Dale Suite 906, Princeside, MP 42598",87595,2024-07-29,3588,collection child,1,52.62
63456,Rachel Schwartz,"3263 Johnson Dale Suite 906, Princeside, MP 42598",87595,2024-07-29,58821,yard identify,2,399.75
63456,Rachel Schwartz,"3263 Johnson Dale Suite 906, Princeside, MP 42598",30631,2024-04-28,9991,each edge,5,185.47
63456,Rachel Schwartz,"3263 Johnson Dale Suite 906, Princeside, MP 42598",30631,2024-04-28,4361,follow it,5,328.54
63456,Rachel Schwartz,"3263 Johnson Dale Suite 906, Princeside, MP 42598",70145,2024-09-16,25217,case full,5,221.27
63456,Rachel Schwartz,"3263 Johnson Dale Suite 906, Princeside, MP 42598",70145,2024-09-16,98054,if top,3,973.01
7897,David Brewer,"3194 Regina View, West Christinaland, AL 37558",19688,2024-10-12,99677,game test,4,780.7
7897,David Brewer,"3194 Regina View, West Christinaland, AL 37558",19688,2024-10-12,60205,probably character,4,828.78
7897,David Brewer,"3194 Regina View, West Christinaland, AL 37558",19688,2024-10-12,60205,probably character,3,828.78
7897,David Brewer,"3194 Regina View, West Christinaland, AL 37558",58391,2023-12-12,66223,specific serious,4,763.48
25263,Brian Flores,"732 Wood Square Apt. 225, Deannaview, NM 82092",75774,2024-02-14,2235,senior work,3,871.17
25263,Brian Flores,"732 Wood Square Apt. 225, Deannaview, NM 82092",75774,2024-02-14,66223,specific serious,4,763.48
89814,Dean Garcia,"795 Antonio Square Suite 063, East Michelleton, MA 09128",2592,2024-05-02,35618,now suddenly,4,725.87
29536,Craig Hughes,"932 Richard Station, Michealberg, OH 50213",88626,2024-04-20,44518,build society,3,303.04
29536,Craig Hughes,"932 Richard Station, Michealberg, OH 50213",88626,2024-04-20,20230,maintain finish,4,37.39
29536,Craig Hughes,"932 Richard Station, Michealberg, OH 50213",88626,2024-04-20,35618,now suddenly,1,725.87
56630,Amy Ray,"350 Tyrone Corners, South Jamiefort, TN 91079",51556,2024-09-10,57048,central finish,4,349.0
56630,Amy Ray,"350 Tyrone Corners, South Jamiefort, TN 91079",51556,2024-09-10,99677,game test,1,780.7
56630,Amy Ray,"350 Tyrone Corners, South Jamiefort, TN 91079",42752,2024-09-14,67406,threat mission,1,181.57
95918,Steven Lucas,"PSC 6823, Box 2767, APO AA 79232",85876,2024-09-22,75590,fill condition,1,803.04
95918,Steven Lucas,"PSC 6823, Box 2767, APO AA 79232",85876,2024-09-22,2649,themselves person,5,382.08
64407,Brian Bennett,"33498 Kramer Neck Apt. 999, New Pamela, OK 91501",35887,2023-12-30,91472,different state,1,513.47
64407,Brian Bennett,"33498 Kramer Neck Apt. 999, New Pamela, OK 91501",35887,2023-12-30,31238,church interest,4,54.88
51625,Nancy Harrison,"USCGC Griffith, FPO AE 22180",65907,2024-03-01,58821,yard identify,2,399.75
51625,Nancy Harrison,"USCGC Griffith, FPO AE 22180",65907,2024-03-01,91241,Republican police,5,442.29
51625,Nancy Harrison,"USCGC Griffith, FPO AE 22180",65907,2024-03-01,66984,car data,1,115.17
83343,Richard Farley,"67532 Wilson Rapid Suite 922, Williamstad, NJ 58758",23821,2024-04-15,41230,church always,1,428.98
83343,Richard Farley,"67532 Wilson Rapid Suite 922, Williamstad, NJ 58758",23821,2024-04-15,13892,son how,3,889.57
83343,Richard Farley,"67532 Wilson Rapid Suite 922, Williamstad, NJ 58758",56700,2024-02-20,98176,single similar,1,698.81
83343,Richard Farley,"67532 Wilson Rapid Suite 922, Williamstad, NJ 58758",56700,2024-02-20,59794,economic power,4,146.78
83343,Richard Farley,"67532 Wilson Rapid Suite 922, Williamstad, NJ 58758",56700,2024-02-20,70918,team clear,5,59.7
83343,Richard Farley,"67532 Wilson Rapid Suite 922, Williamstad, NJ 58758",8920,2024-01-21,83028,impact reach,1,880.32
83343,Richard Farley,"67532 Wilson Rapid Suite 922, Williamstad, NJ 58758",8920,2024-01-21,31238,church interest,4,54.88
83343,Richard Farley,"67532 Wilson Rapid Suite 922, Williamstad, NJ 58758",8920,2024-01-21,53539,radio develop,5,458.26
33425,Diane Brown,"164 Smith Drives, Cassiefort, SC 69372",93254,2024-06-28,66829,indicate glass,4,655.22
33425,Diane Brown,"164 Smith Drives, Cassiefort, SC 69372",93254,2024-06-28,59794,economic power,5,146.78
33425,Diane Brown,"164 Smith Drives, Cassiefort, SC 69372",81790,2024-02-27,85138,same impact,2,638.88
33425,Diane Brown,"164 Smith Drives, Cassiefort, SC 69372",13795,2023-12-28,1025,against return,1,307.44
33425,Diane Brown,"164 Smith Drives, Cassiefort, SC 69372",13795,2023-12-28,62762,amount seat,4,379.34
33425,Diane Brown,"164 Smith Drives, Cassiefort, SC 69372",13795,2023-12-28,83028,impact reach,1,880.32
18428,Jeffrey Santos,"65886 Miller Vista Apt. 540, Justinbury, NJ 50089",95998,2023-11-05,27041,popular figure,1,483.9
18428,Jeffrey Santos,"65886 Miller Vista Apt. 540, Justinbury, NJ 50089",88418,2023-11-28,10729,hotel degree,1,800.46
18428,Jeffrey Santos,"65886 Miller Vista Apt. 540, Justinbury, NJ 50089",88418,2023-11-28,38257,few trade,1,712.15
18428,Jeffrey Santos,"65886 Miller Vista Apt. 540, Justinbury, NJ 50089",88418,2023-11-28,93476,subject court,3,378.85
18428,Jeffrey Santos,"65886 Miller Vista Apt. 540, Justinbury, NJ 50089",26165,2023-11-13,23504,may somebody,5,223.91
29662,Kristin Woods,"939 Frazier Passage Suite 218, Jonesville, TN 80901",41163,2024-03-30,65859,however group,4,565.77
29662,Kristin Woods,"939 Frazier Passage Suite 218, Jonesville, TN 80901",41163,2024-03-30,39680,wait phone,3,390.08
29662,Kristin Woods,"939 Frazier Passage Suite 218, Jonesville, TN 80901",19764,2024-05-24,3436,he pattern,5,504.18
29662,Kristin Woods,"939 Frazier Passage Suite 218, Jonesville, TN 80901",19764,2024-05-24,44518,build society,2,303.04
50698,Hunter Lutz,"94923 Andrew Fort, Westbury, WV 48348",38340,2024-07-19,14861,social ahead,4,118.94
50698,Hunter Lutz,"94923 Andrew Fort, Westbury, WV 48348",38340,2024-07-19,4361,follow it,1,328.54
50698,Hunter Lutz,"94923 Andrew Fort, Westbury, WV 48348",31544,2024-08-12,13073,table after,2,92.97
50698,Hunter Lutz,"94923 Andrew Fort, Westbury, WV 48348",31544,2024-08-12,7458,could tell,1,311.26
50698,Hunter Lutz,"94923 Andrew Fort, Westbury, WV 48348",31544,2024-08-12,2649,themselves person,2,382.08
41351,Seth Stout,"707 Eric Inlet Apt. 505, New Joseph, MO 21043",29593,2023-11-08,91472,different state,5,513.47
41351,Seth Stout,"707 Eric Inlet Apt. 505, New Joseph, MO 21043",29593,2023-11-08,66829,indicate glass,4,655.22
80118,Christina Riddle,"43052 Ortiz Points, Hernandezchester, ME 92743",6982,2024-09-27,7628,call thought,1,671.06
80118,Christina Riddle,"43052 Ortiz Points, Hernandezchester, ME 92743",47539,2023-10-30,99677,game test,3,780.7
80118,Christina Riddle,"43052 Ortiz Points, Hernandezchester, ME 92743",47539,2023-10-30,13073,table after,4,92.97
69006,Erica Jones,"385 Mccoy Prairie Suite 420, New Jaclynview, AL 47196",18571,2024-01-07,99677,game test,3,780.7
69006,Erica Jones,"385 Mccoy Prairie Suite 420, New Jaclynview, AL 47196",18571,2024-01-07,25217,case full,3,221.27
69006,Erica Jones,"385 Mccoy Prairie Suite 420, New Jaclynview, AL 47196",66061,2024-03-20,285,provide friend,4,162.6
69006,Erica Jones,"385 Mccoy Prairie Suite 420, New Jaclynview, AL 47196",66061,2024-03-20,62762,amount seat,5,379.34
49609,Geoffrey Cole,"627 Adam Port Suite 477, Lake Joshua, AL 07021",53004,2024-05-15,64717,together system,4,136.24
49609,Geoffrey Cole,"627 Adam Port Suite 477, Lake Joshua, AL 07021",53004,2024-05-15,59794,economic power,4,146.78
49609,Geoffrey Cole,"627 Adam Port Suite 477, Lake Joshua, AL 07021",23096,2024-04-14,34209,new family,2,339.87
49609,Geoffrey Cole,"627 Adam Port Suite 477, Lake Joshua, AL 07021",23096,2024-04-14,12041,most easy,5,550.4
49609,Geoffrey Cole,"627 Adam Port Suite 477, Lake Joshua, AL 07021",70057,2024-08-20,35618,now suddenly,1,725.87
49609,Geoffrey Cole,"627 Adam Port Suite 477, Lake Joshua, AL 07021",70057,2024-08-20,10729,hotel degree,4,800.46
49609,Geoffrey Cole,"627 Adam Port Suite 477, Lake Joshua, AL 07021",70057,2024-08-20,66829,indicate glass,5,655.22
93603,Nancy Finley,"10996 Ryan Curve, North Shannon, MI 21664",20808,2024-08-25,44518,build society,3,303.04
93603,Nancy Finley,"10996 Ryan Curve, North Shannon, MI 21664",20808,2024-08-25,3436,he pattern,1,504.18
93603,Nancy Finley,"10996 Ryan Curve, North Shannon, MI 21664",30144,2024-02-21,62762,amount seat,4,379.34
93603,Nancy Finley,"10996 Ryan Curve, North Shannon, MI 21664",26320,2024-06-12,52265,international watch,1,110.68
93603,Nancy Finley,"10996 Ryan Curve, North Shannon, MI 21664",26320,2024-06-12,84855,fund account,5,216.8
93603,Nancy Finley,"10996 Ryan Curve, North Shannon, MI 21664",26320,2024-06-12,91362,training force,1,640.29
61852,Susan Martin,"02173 Lisa Lane, Hodgesshire, PR 48017",70814,2024-07-07,4459,admit measure,1,737.28
61852,Susan Martin,"02173 Lisa Lane, Hodgesshire, PR 48017",23040,2024-03-19,44518,build society,4,303.04
51623,Scott Brown,"4954 Fletcher Pine Apt. 520, West Timothy, VI 25908",44521,2024-02-28,83028,impact reach,5,880.32
51623,Scott Brown,"4954 Fletcher Pine Apt. 520, West Timothy, VI 25908",44521,2024-02-28,48648,some onto,2,35.31
51623,Scott Brown,"4954 Fletcher Pine Apt. 520, West Timothy, VI 25908",44521,2024-02-28,25217,case full,4,221.27
12961,Kyle Baker,"71272 Judy Gateway Suite 005, East Cindyfurt, CA 86650",34581,2024-05-30,7458,could tell,4,311.26
99239,Megan Dodson,"3885 Kelly Camp, Rebeccatown, MH 39271",76593,2024-04-28,73670,government leg,5,838.01
99239,Megan Dodson,"3885 Kelly Camp, Rebeccatown, MH 39271",76593,2024-04-28,34209,new family,1,339.87
27323,Melissa Taylor,"4607 Jacqueline Loaf, North Anthony, CT 62874",21617,2024-05-29,78574,pretty little,1,275.46
27323,Melissa Taylor,"4607 Jacqueline Loaf, North Anthony, CT 62874",21617,2024-05-29,91362,training force,5,640.29
27323,Melissa Taylor,"4607 Jacqueline Loaf, North Anthony, CT 62874",21617,2024-05-29,2649,themselves person,5,382.08
27323,Melissa Taylor,"4607 Jacqueline Loaf, North Anthony, CT 62874",50179,2024-06-14,7628,call thought,2,671.06
27323,Melissa Taylor,"4607 Jacqueline Loaf, North Anthony, CT 62874",50179,2024-06-14,20230,maintain finish,1,37.39
27323,Melissa Taylor,"4607 Jacqueline Loaf, North Anthony, CT 62874",50179,2024-06-14,88584,law within,5,851.28
85000,April Jones,"897 Jessica Meadow Apt. 578, Ryanville, SC 81312",4906,2024-09-07,25217,case full,2,221.27
85000,April Jones,"897 Jessica Meadow Apt. 578, Ryanville, SC 81312",4906,2024-09-07,57048,central finish,1,349.0
85000,April Jones,"897 Jessica Meadow Apt. 578, Ryanville, SC 81312",4906,2024-09-07,20230,maintain finish,1,37.39
85000,April Jones,"897 Jessica Meadow Apt. 578, Ryanville, SC 81312",20290,2024-08-04,83277,west western,1,882.67
85000,April Jones,"897 Jessica Meadow Apt. 578, Ryanville, SC 81312",20290,2024-08-04,66984,car data,2,115.17
37471,Stephen Haynes,"PSC 0131, Box 6121, APO AE 61376",7719,2023-12-15,70552,blood sister,3,901.46
37471,Stephen Haynes,"PSC 0131, Box 6121, APO AE 61376",50888,2023-11-13,52265,international watch,2,110.68
37471,Stephen Haynes,"PSC 0131, Box 6121, APO AE 61376",50888,2023-11-13,14861,social ahead,4,118.94
37471,Stephen Haynes,"PSC 0131, Box 6121, APO AE 61376",50888,2023-11-13,91241,Republican police,2,442.29
37471,Stephen Haynes,"PSC 0131, Box 6121, APO AE 61376",26476,2024-07-09,52265,international watch,2,110.68
37471,Stephen Haynes,"PSC 0131, Box 6121, APO AE 61376",26476,2024-07-09,85138,same impact,1,638.88
58614,Richard Torres,"8577 Carey Stream Suite 324, Port John, KY 66949",65194,2024-07-08,4361,follow it,3,328.54
58614,Richard Torres,"8577 Carey Stream Suite 324, Port John, KY 66949",65194,2024-07-08,62070,firm it,4,709.83
58614,Richard Torres,"8577 Carey Stream Suite 324, Port John, KY 66949",87216,2024-01-27,53539,radio develop,3,458.26
58614,Richard Torres,"8577 Carey Stream Suite 324, Port John, KY 66949",87216,2024-01-27,79139,administration success,5,378.98
58614,Richard Torres,"8577 Carey Stream Suite 324, Port John, KY 66949",87216,2024-01-27,46813,avoid loss,5,58.75
58614,Richard Torres,"8577 Carey Stream Suite 324, Port John, KY 66949",58798,2024-01-29,285,provide friend,4,162.6
58614,Richard Torres,"8577 Carey Stream Suite 324, Port John, KY 66949",58798,2024-01-29,64717,together system,2,136.24
58614,Richard Torres,"8577 Carey Stream Suite 324, Port John, KY 66949",58798,2024-01-29,74698,activity both,3,912.19
33763,Gina Russo,"843 Jeffrey Radial, Suttonburgh, CO 48933",26254,2024-03-03,62762,amount seat,1,379.34
33763,Gina Russo,"843 Jeffrey Radial, Suttonburgh, CO 48933",26254,2024-03-03,52265,international watch,3,110.68
26355,Sarah Mason,"238 Murray Stream, North Micheal, MS 89672",29292,2024-03-31,84927,team allow,2,332.14
26355,Sarah Mason,"238 Murray Stream, North Micheal, MS 89672",29292,2024-03-31,99677,game test,4,780.7
26355,Sarah Mason,"238 Murray Stream, North Micheal, MS 89672",29292,2024-03-31,58821,yard identify,3,399.75
89317,Tyler Mccann,"32490 Richmond Mountain, Royborough, FL 20679",16249,2024-09-16,1025,against return,4,307.44
89317,Tyler Mccann,"32490 Richmond Mountain, Royborough, FL 20679",21764,2023-12-12,13433,positive after,4,154.64
89317,Tyler Mccann,"32490 Richmond Mountain, Royborough, FL 20679",21764,2023-12-12,75590,fill condition,2,803.04
89317,Tyler Mccann,"32490 Richmond Mountain, Royborough, FL 20679",21764,2023-12-12,39680,wait phone,5,390.08
36722,Jordan Henson,"61770 Torres Rue, New Kathleenfort, NY 48498",80691,2024-07-10,49358,west build,4,812.37
36722,Jordan Henson,"61770 Torres Rue, New Kathleenfort, NY 48498",80691,2024-07-10,38257,few trade,4,712.15
36722,Jordan Henson,"61770 Torres Rue, New Kathleenfort, NY 48498",80691,2024-07-10,22733,seat your,5,790.71
52707,Rebecca Miles,"8423 Andrew Heights, East Mandy, NH 81560",41876,2024-05-29,29397,level visit,4,346.42
92946,Eugene Arnold,"76653 Scott Mills Suite 842, Elizabethborough, MD 09777",90857,2024-01-29,7628,call thought,5,671.06
92946,Eugene Arnold,"76653 Scott Mills Suite 842, Elizabethborough, MD 09777",9858,2024-05-07,12041,most easy,5,550.4
92946,Eugene Arnold,"76653 Scott Mills Suite 842, Elizabethborough, MD 09777",9858,2024-05-07,60947,front letter,2,793.46
92946,Eugene Arnold,"76653 Scott Mills Suite 842, Elizabethborough, MD 09777",9858,2024-05-07,13892,son how,2,889.57
92946,Eugene Arnold,"76653 Scott Mills Suite 842, Elizabethborough, MD 09777",31778,2024-04-10,57048,central finish,5,349.0
92946,Eugene Arnold,"76653 Scott Mills Suite 842, Elizabethborough, MD 09777",31778,2024-04-10,25217,case full,4,221.27
92946,Eugene Arnold,"76653 Scott Mills Suite 842, Elizabethborough, MD 09777",31778,2024-04-10,74698,activity both,2,912.19
52602,Amanda Ramirez,"2803 Perkins Pine, East Andrew, MA 02872",24747,2024-03-25,59794,economic power,1,146.78
52602,Amanda Ramirez,"2803 Perkins Pine, East Andrew, MA 02872",24747,2024-03-25,25025,mouth key,5,575.89
52602,Amanda Ramirez,"2803 Perkins Pine, East Andrew, MA 02872",24747,2024-03-25,89010,state since,1,773.88
52602,Amanda Ramirez,"2803 Perkins Pine, East Andrew, MA 02872",60669,2023-12-05,87329,worker organization,3,990.26
52602,Amanda Ramirez,"2803 Perkins Pine, East Andrew, MA 02872",78012,2023-11-04,10729,hotel degree,4,800.46
52602,Amanda Ramirez,"2803 Perkins Pine, East Andrew, MA 02872",78012,2023-11-04,88584,law within,1,851.28
78745,Richard Velasquez,"402 Misty Burg, East Kathystad, WY 18274",63101,2024-06-01,91241,Republican police,2,442.29
78745,Richard Velasquez,"402 Misty Burg, East Kathystad, WY 18274",63101,2024-06-01,37534,dark few,4,290.77
69579,Carol Sanchez DVM,"Unit 7304 Box 1033, DPO AA 16621",17610,2024-02-13,83277,west western,5,882.67
69579,Carol Sanchez DVM,"Unit 7304 Box 1033, DPO AA 16621",26870,2024-09-19,27975,make site,2,254.19
69579,Carol Sanchez DVM,"Unit 7304 Box 1033, DPO AA 16621",26870,2024-09-19,62170,choice compare,4,506.51
69579,Carol Sanchez DVM,"Unit 7304 Box 1033, DPO AA 16621",26870,2024-09-19,4459,admit measure,4,737.28
35168,Teresa Hernandez,"77602 Johnson Mountain Suite 468, East Taraburgh, ND 51794",39745,2024-09-09,23419,represent which,4,615.92
35168,Teresa Hernandez,"77602 Johnson Mountain Suite 468, East Taraburgh, ND 51794",39745,2024-09-09,62762,amount seat,5,379.34
35168,Teresa Hernandez,"77602 Johnson Mountain Suite 468, East Taraburgh, ND 51794",39745,2024-09-09,7458,could tell,5,311.26
95497,Angela Lucas,"6773 Robert Spur Suite 392, Jasonville, MH 48630",18871,2024-05-16,10729,hotel degree,1,800.46
95497,Angela Lucas,"6773 Robert Spur Suite 392, Jasonville, MH 48630",18871,2024-05-16,79139,administration success,5,378.98
95497,Angela Lucas,"6773 Robert Spur Suite 392, Jasonville, MH 48630",18871,2024-05-16,66986,stay away,1,171.66
95497,Angela Lucas,"6773 Robert Spur Suite 392, Jasonville, MH 48630",66424,2024-03-02,70552,blood sister,1,901.46
87661,Andrew Smith,"2006 Monroe Drives, Leeborough, MP 28641",3847,2023-11-12,27975,make site,5,254.19
87661,Andrew Smith,"2006 Monroe Drives, Leeborough, MP 28641",3847,2023-11-12,66829,indicate glass,5,655.22
87661,Andrew Smith,"2006 Monroe Drives, Leeborough, MP 28641",3847,2023-11-12,75590,fill condition,4,803.04
44662,Francisco Jefferson,"842 Kathy Locks, New Jenniferborough, CT 43162",94017,2023-12-22,74698,activity both,3,912.19
44662,Francisco Jefferson,"842 Kathy Locks, New Jenniferborough, CT 43162",52276,2024-02-01,30630,share particularly,1,646.96
44662,Francisco Jefferson,"842 Kathy Locks, New Jenniferborough, CT 43162",52276,2024-02-01,41230,church always,1,428.98
44662,Francisco Jefferson,"842 Kathy Locks, New Jenniferborough, CT 43162",52276,2024-02-01,87329,worker organization,1,990.26
47146,Cassandra Stevens,"26910 Simon Lights, Cynthiafort, NJ 01223",78358,2024-06-01,92810,citizen dream,4,876.79
47146,Cassandra Stevens,"26910 Simon Lights, Cynthiafort, NJ 01223",78358,2024-06-01,22733,seat your,4,790.71
47146,Cassandra Stevens,"26910 Simon Lights, Cynthiafort, NJ 01223",78358,2024-06-01,48648,some onto,2,35.31
98416,Susan Rodriguez,"16529 Martinez Route, West Carolstad, VA 87392",58344,2024-05-15,62170,choice compare,4,506.51
98416,Susan Rodriguez,"16529 Martinez Route, West Carolstad, VA 87392",995,2023-10-31,58821,yard identify,3,399.75
98416,Susan Rodriguez,"16529 Martinez Route, West Carolstad, VA 87392",995,2023-10-31,7458,could tell,2,311.26
49986,Michelle Duncan,"Unit 1657 Box 5161, DPO AA 82565",81514,2024-09-18,77235,low nor,1,31.54
49986,Michelle Duncan,"Unit 1657 Box 5161, DPO AA 82565",92130,2024-03-17,9991,each edge,5,185.47
49986,Michelle Duncan,"Unit 1657 Box 5161, DPO AA 82565",92130,2024-03-17,62070,firm it,3,709.83
49986,Michelle Duncan,"Unit 1657 Box 5161, DPO AA 82565",92130,2024-03-17,78574,pretty little,3,275.46
33496,Amanda Williams,"42467 William Isle, North Jamesborough, OK 62890",71353,2023-12-25,13189,store daughter,1,150.25
33496,Amanda Williams,"42467 William Isle, North Jamesborough, OK 62890",71353,2023-12-25,14861,social ahead,1,118.94
33496,Amanda Williams,"42467 William Isle, North Jamesborough, OK 62890",66171,2024-08-07,62170,choice compare,1,506.51
33496,Amanda Williams,"42467 William Isle, North Jamesborough, OK 62890",66171,2024-08-07,4080,reach physical,2,879.22
33496,Amanda Williams,"42467 William Isle, North Jamesborough, OK 62890",66171,2024-08-07,34209,new family,1,339.87
33496,Amanda Williams,"42467 William Isle, North Jamesborough, OK 62890",1813,2023-12-11,97994,remain discussion,1,534.48
33496,Amanda Williams,"42467 William Isle, North Jamesborough, OK 62890",1813,2023-12-11,24491,friend senior,4,785.53
7550,Lynn Hunt,"08684 Daniel Ranch, Hughesberg, MD 24593",56740,2024-09-28,97994,remain discussion,4,534.48
31403,Deanna Rogers,"05266 Fisher Pines, South Richard, CT 51411",22450,2024-06-03,7458,could tell,5,311.26
31403,Deanna Rogers,"05266 Fisher Pines, South Richard, CT 51411",27103,2024-08-26,29397,level visit,3,346.42
31403,Deanna Rogers,"05266 Fisher Pines, South Richard, CT 51411",37564,2024-02-19,31238,church interest,2,54.88
31403,Deanna Rogers,"05266 Fisher Pines, South Richard, CT 51411",37564,2024-02-19,35577,tough no,3,41.98
31403,Deanna Rogers,"05266 Fisher Pines, South Richard, CT 51411",37564,2024-02-19,2649,themselves person,5,382.08
90922,Victor Roman,"47339 Perez Spring, Jenniferport, PW 59814",92468,2024-08-14,25025,mouth key,1,575.89
90922,Victor Roman,"47339 Perez Spring, Jenniferport, PW 59814",92468,2024-08-14,35577,tough no,4,41.98
90922,Victor Roman,"47339 Perez Spring, Jenniferport, PW 59814",72306,2023-12-01,83028,impact reach,3,880.32
19176,Jeremy Edwards,"2857 Zachary Corner, Whitneyshire, GA 46910",54786,2023-11-15,285,provide friend,1,162.6
19176,Jeremy Edwards,"2857 Zachary Corner, Whitneyshire, GA 46910",52037,2023-12-04,37534,dark few,5,290.77
19176,Jeremy Edwards,"2857 Zachary Corner, Whitneyshire, GA 46910",52037,2023-12-04,95733,south interview,4,259.25
19176,Jeremy Edwards,"2857 Zachary Corner, Whitneyshire, GA 46910",52037,2023-12-04,58821,yard identify,3,399.75
90651,Amber Clarke,"364 Daniel Walks, Lake Adammouth, WA 01822",43264,2024-03-21,65859,however group,5,565.77
43538,Amy Robles,"61029 Travis Springs, Stevenbury, WA 46001",98974,2024-08-07,49358,west build,5,812.37
43538,Amy Robles,"61029 Travis Springs, Stevenbury, WA 46001",98974,2024-08-07,29940,cause here,3,967.4
43538,Amy Robles,"61029 Travis Springs, Stevenbury, WA 46001",45234,2024-04-19,12041,most easy,5,550.4
43538,Amy Robles,"61029 Travis Springs, Stevenbury, WA 46001",45234,2024-04-19,12041,most easy,4,550.4
12784,Lisa Mayer,"2436 Mason Causeway, Lake David, VT 62825",65061,2024-06-25,38257,few trade,5,712.15
12784,Lisa Mayer,"2436 Mason Causeway, Lake David, VT 62825",65061,2024-06-25,83028,impact reach,1,880.32
12784,Lisa Mayer,"2436 Mason Causeway, Lake David, VT 62825",65061,2024-06-25,3436,he pattern,4,504.18
12784,Lisa Mayer,"2436 Mason Causeway, Lake David, VT 62825",21100,2023-12-13,66829,indicate glass,2,655.22
12784,Lisa Mayer,"2436 Mason Causeway, Lake David, VT 62825",21100,2023-12-13,83277,west western,5,882.67
12784,Lisa Mayer,"2436 Mason Causeway, Lake David, VT 62825",29083,2023-12-23,13073,table after,4,92.97
12784,Lisa Mayer,"2436 Mason Causeway, Lake David, VT 62825",29083,2023-12-23,4361,follow it,2,328.54
12784,Lisa Mayer,"2436 Mason Causeway, Lake David, VT 62825",29083,2023-12-23,2649,themselves person,3,382.08
61430,William Fletcher,"38376 Hicks Brook Apt. 167, Christineland, MA 79821",77195,2024-03-20,91472,different state,5,513.47
61430,William Fletcher,"38376 Hicks Brook Apt. 167, Christineland, MA 79821",77195,2024-03-20,52265,international watch,4,110.68
61430,William Fletcher,"38376 Hicks Brook Apt. 167, Christineland, MA 79821",77195,2024-03-20,2235,senior work,3,871.17
86067,Ross Davidson,"6690 Vanessa Stravenue, Hammondbury, IL 79494",2834,2024-08-08,12041,most easy,2,550.4
86067,Ross Davidson,"6690 Vanessa Stravenue, Hammondbury, IL 79494",2834,2024-08-08,13189,store daughter,2,150.25
86067,Ross Davidson,"6690 Vanessa Stravenue, Hammondbury, IL 79494",2834,2024-08-08,35618,now suddenly,4,725.87
99323,Albert Gutierrez,"786 Jeffrey Road Apt. 377, Atkinsonchester, SC 31367",55878,2024-01-05,48648,some onto,5,35.31
99323,Albert Gutierrez,"786 Jeffrey Road Apt. 377, Atkinsonchester, SC 31367",55878,2024-01-05,7458,could tell,3,311.26
99323,Albert Gutierrez,"786 Jeffrey Road Apt. 377, Atkinsonchester, SC 31367",72721,2024-04-24,285,provide friend,2,162.6
99323,Albert Gutierrez,"786 Jeffrey Road Apt. 377, Atkinsonchester, SC 31367",72721,2024-04-24,60205,probably character,5,828.78
99323,Albert Gutierrez,"786 Jeffrey Road Apt. 377, Atkinsonchester, SC 31367",72721,2024-04-24,59794,economic power,2,146.78
44089,Nicole Torres,"8694 Ramos Road Apt. 694, Lindatown, CA 36290",51701,2024-09-09,4459,admit measure,1,737.28
44089,Nicole Torres,"8694 Ramos Road Apt. 694, Lindatown, CA 36290",51701,2024-09-09,37534,dark few,4,290.77
44089,Nicole Torres,"8694 Ramos Road Apt. 694, Lindatown, CA 36290",51701,2024-09-09,66829,indicate glass,3,655.22
44089,Nicole Torres,"8694 Ramos Road Apt. 694, Lindatown, CA 36290",52698,2024-04-29,24491,friend senior,3,785.53
44089,Nicole Torres,"8694 Ramos Road Apt. 694, Lindatown, CA 36290",52698,2024-04-29,27975,make site,4,254.19
44089,Nicole Torres,"8694 Ramos Road Apt. 694, Lindatown, CA 36290",52698,2024-04-29,10729,hotel degree,2,800.46
44089,Nicole Torres,"8694 Ramos Road Apt. 694, Lindatown, CA 36290",23401,2023-11-01,38257,few trade,2,712.15
44089,Nicole Torres,"8694 Ramos Road Apt. 694, Lindatown, CA 36290",23401,2023-11-01,9991,each edge,5,185.47
44089,Nicole Torres,"8694 Ramos Road Apt. 694, Lindatown, CA 36290",23401,2023-11-01,67406,threat mission,5,181.57
84506,Alexis Castro,"99370 Farrell Gateway, East Karen, VT 67325",65000,2024-01-18,35577,tough no,5,41.98
84506,Alexis Castro,"99370 Farrell Gateway, East Karen, VT 67325",65000,2024-01-18,25217,case full,5,221.27
84506,Alexis Castro,"99370 Farrell Gateway, East Karen, VT 67325",65000,2024-01-18,91472,different state,4,513.47
84506,Alexis Castro,"99370 Farrell Gateway, East Karen, VT 67325",42944,2023-11-11,79139,administration success,5,378.98
84506,Alexis Castro,"99370 Farrell Gateway, East Karen, VT 67325",42944,2023-11-11,9868,reduce first,3,882.4
57500,Shannon King,"28311 Michael Plains Apt. 675, Padillatown, AR 11221",17633,2024-08-11,99467,entire clear,4,168.62
62928,Brandy Ramos,"3453 Austin Squares Apt. 503, Johnsonton, MH 91147",16011,2024-03-20,77235,low nor,5,31.54
62928,Brandy Ramos,"3453 Austin Squares Apt. 503, Johnsonton, MH 91147",16011,2024-03-20,9991,each edge,1,185.47
62928,Brandy Ramos,"3453 Austin Squares Apt. 503, Johnsonton, MH 91147",16011,2024-03-20,48648,some onto,4,35.31
62928,Brandy Ramos,"3453 Austin Squares Apt. 503, Johnsonton, MH 91147",47026,2024-05-30,99467,entire clear,3,168.62
62928,Brandy Ramos,"3453 Austin Squares Apt. 503, Johnsonton, MH 91147",47026,2024-05-30,13189,store daughter,3,150.25
85545,Christopher Harris,"Unit 7911 Box 2508, DPO AE 55797",80678,2024-06-15,84927,team allow,5,332.14
85545,Christopher Harris,"Unit 7911 Box 2508, DPO AE 55797",80678,2024-06-15,4361,follow it,2,328.54
39514,Crystal Dudley,"4394 Summers Glen Apt. 998, Fostermouth, DE 77067",22817,2024-04-13,91472,different state,2,513.47
39514,Crystal Dudley,"4394 Summers Glen Apt. 998, Fostermouth, DE 77067",22817,2024-04-13,3588,collection child,4,52.62
39514,Crystal Dudley,"4394 Summers Glen Apt. 998, Fostermouth, DE 77067",62180,2024-01-27,59794,economic power,5,146.78
39514,Crystal Dudley,"4394 Summers Glen Apt. 998, Fostermouth, DE 77067",62180,2024-01-27,57048,central finish,2,349.0
39514,Crystal Dudley,"4394 Summers Glen Apt. 998, Fostermouth, DE 77067",62180,2024-01-27,99467,entire clear,4,168.62
75417,Taylor Hamilton,"97269 Brian Mission, Henryside, MS 53638",71261,2024-02-19,41230,church always,2,428.98
75417,Taylor Hamilton,"97269 Brian Mission, Henryside, MS 53638",71261,2024-02-19,31238,church interest,4,54.88
75417,Taylor Hamilton,"97269 Brian Mission, Henryside, MS 53638",20921,2024-03-31,60205,probably character,2,828.78
13564,Kirsten Romero,"081 Sherman Island Suite 689, East Williamland, LA 15376",14667,2024-02-04,22733,seat your,2,790.71
13564,Kirsten Romero,"081 Sherman Island Suite 689, East Williamland, LA 15376",77147,2024-01-17,13892,son how,3,889.57
13564,Kirsten Romero,"081 Sherman Island Suite 689, East Williamland, LA 15376",77147,2024-01-17,2649,themselves person,5,382.08
13564,Kirsten Romero,"081 Sherman Island Suite 689, East Williamland, LA 15376",77147,2024-01-17,29940,cause here,1,967.4
47333,Christopher Manning,"68584 Cooper Shoals, Port Tracy, IL 18702",51613,2023-10-23,25025,mouth key,5,575.89
47333,Christopher Manning,"68584 Cooper Shoals, Port Tracy, IL 18702",51613,2023-10-23,58821,yard identify,4,399.75
47333,Christopher Manning,"68584 Cooper Shoals, Port Tracy, IL 18702",51613,2023-10-23,92810,citizen dream,1,876.79
75435,Jeff Collins,"1259 Hancock Groves Suite 532, Hansenborough, AS 29334",4034,2024-07-06,91241,Republican police,2,442.29
75435,Jeff Collins,"1259 Hancock Groves Suite 532, Hansenborough, AS 29334",4034,2024-07-06,4361,follow it,3,328.54
75435,Jeff Collins,"1259 Hancock Groves Suite 532, Hansenborough, AS 29334",4034,2024-07-06,66984,car data,4,115.17
91995,Patricia Russell,"USNS Campbell, FPO AP 69376",38473,2024-04-15,22733,seat your,5,790.71
91995,Patricia Russell,"USNS Campbell, FPO AP 69376",38473,2024-04-15,7458,could tell,5,311.26
91995,Patricia Russell,"USNS Campbell, FPO AP 69376",38473,2024-04-15,23419,represent which,2,615.92
91995,Patricia Russell,"USNS Campbell, FPO AP 69376",3041,2024-03-28,30630,share particularly,4,646.96
91995,Patricia Russell,"USNS Campbell, FPO AP 69376",3041,2024-03-28,29397,level visit,1,346.42
91995,Patricia Russell,"USNS Campbell, FPO AP 69376",4544,2024-03-22,46813,avoid loss,2,58.75
68365,Brooke Torres,"72810 Kaitlyn Fort Apt. 453, Christineport, TN 99030",25009,2024-01-20,84855,fund account,5,216.8
68365,Brooke Torres,"72810 Kaitlyn Fort Apt. 453, Christineport, TN 99030",25009,2024-01-20,60947,front letter,5,793.46
68365,Brooke Torres,"72810 Kaitlyn Fort Apt. 453, Christineport, TN 99030",25009,2024-01-20,23419,represent which,2,615.92
31143,Tyler Mcneil,"5133 Matthews Meadows, Leebury, NC 41143",47929,2023-10-26,25025,mouth key,4,575.89
31143,Tyler Mcneil,"5133 Matthews Meadows, Leebury, NC 41143",47929,2023-10-26,10729,hotel degree,4,800.46
31143,Tyler Mcneil,"5133 Matthews Meadows, Leebury, NC 41143",47929,2023-10-26,37001,draw beyond,4,478.75
31143,Tyler Mcneil,"5133 Matthews Meadows, Leebury, NC 41143",28266,2024-07-17,46813,avoid loss,2,58.75
31143,Tyler Mcneil,"5133 Matthews Meadows, Leebury, NC 41143",98987,2024-02-07,99677,game test,2,780.7
96429,Jason Wise,"608 Jones Mountains Apt. 811, Port Maurice, KY 92158",91912,2024-02-22,20230,maintain finish,2,37.39
96429,Jason Wise,"608 Jones Mountains Apt. 811, Port Maurice, KY 92158",91912,2024-02-22,31737,pull idea,5,700.12
96429,Jason Wise,"608 Jones Mountains Apt. 811, Port Maurice, KY 92158",14796,2023-11-13,89010,state since,2,773.88
96429,Jason Wise,"608 Jones Mountains Apt. 811, Port Maurice, KY 92158",14796,2023-11-13,41230,church always,5,428.98
96429,Jason Wise,"608 Jones Mountains Apt. 811, Port Maurice, KY 92158",76301,2024-07-27,62762,amount seat,1,379.34
96429,Jason Wise,"608 Jones Mountains Apt. 811, Port Maurice, KY 92158",76301,2024-07-27,3588,collection child,4,52.62
59870,Taylor Velasquez,"07837 Daniel Square, Carrmouth, KS 26305",44248,2024-04-12,27975,make site,2,254.19
59870,Taylor Velasquez,"07837 Daniel Square, Carrmouth, KS 26305",44248,2024-04-12,91362,training force,3,640.29
59870,Taylor Velasquez,"07837 Daniel Square, Carrmouth, KS 26305",44248,2024-04-12,39707,record give,2,271.2
60443,Casey Poole,"15889 Stanley Island Apt. 299, Wilsonburgh, NJ 92740",30349,2023-12-25,20230,maintain finish,5,37.39
60443,Casey Poole,"15889 Stanley Island Apt. 299, Wilsonburgh, NJ 92740",30349,2023-12-25,7458,could tell,4,311.26
60443,Casey Poole,"15889 Stanley Island Apt. 299, Wilsonburgh, NJ 92740",30349,2023-12-25,30630,share particularly,3,646.96
60443,Casey Poole,"15889 Stanley Island Apt. 299, Wilsonburgh, NJ 92740",77141,2024-10-04,70166,let candidate,4,337.72
60443,Casey Poole,"15889 Stanley Island Apt. 299, Wilsonburgh, NJ 92740",77141,2024-10-04,98176,single similar,1,698.81
53775,Krystal Mack,"591 Daniel Ford, Parkermouth, RI 08971",71043,2024-05-25,97994,remain discussion,2,534.48
70299,Lisa Long,"04090 Tran Falls, North Seanton, NJ 92594",28849,2024-09-26,31238,church interest,1,54.88
70299,Lisa Long,"04090 Tran Falls, North Seanton, NJ 92594",28849,2024-09-26,77235,low nor,2,31.54
70299,Lisa Long,"04090 Tran Falls, North Seanton, NJ 92594",35274,2024-08-10,99467,entire clear,5,168.62
53646,Mark Davis,"1963 Chan Islands Suite 858, East Emilyland, CO 49920",53327,2024-06-03,1025,against return,4,307.44
53646,Mark Davis,"1963 Chan Islands Suite 858, East Emilyland, CO 49920",76575,2024-05-03,83277,west western,2,882.67
79134,Timothy Rosales,"051 Veronica Fields, Richardview, TX 28436",29830,2024-05-03,91241,Republican police,3,442.29
79134,Timothy Rosales,"051 Veronica Fields, Richardview, TX 28436",80773,2024-09-22,99677,game test,1,780.7
79134,Timothy Rosales,"051 Veronica Fields, Richardview, TX 28436",60314,2024-04-02,98176,single similar,2,698.81
50719,John Rios,"618 Shaw Island Apt. 617, South Thomas, UT 78797",46859,2024-08-17,92810,citizen dream,3,876.79
50719,John Rios,"618 Shaw Island Apt. 617, South Thomas, UT 78797",46859,2024-08-17,62170,choice compare,1,506.51
50719,John Rios,"618 Shaw Island Apt. 617, South Thomas, UT 78797",46859,2024-08-17,53539,radio develop,1,458.26
20257,Gregory Bradley,"41703 Jones Station, South William, VA 72282",87773,2023-11-14,35740,fly catch,3,408.16
20257,Gregory Bradley,"41703 Jones Station, South William, VA 72282",87773,2023-11-14,14861,social ahead,3,118.94
20257,Gregory Bradley,"41703 Jones Station, South William, VA 72282",87773,2023-11-14,83028,impact reach,3,880.32
45672,Lance Morrison,"73384 Ronald Mount Suite 054, West Maria, WI 14320",66480,2024-08-17,30480,area world,4,919.25
45672,Lance Morrison,"73384 Ronald Mount Suite 054, West Maria, WI 14320",66480,2024-08-17,23419,represent which,2,615.92
45672,Lance Morrison,"73384 Ronald Mount Suite 054, West Maria, WI 14320",66480,2024-08-17,27975,make site,4,254.19
45672,Lance Morrison,"73384 Ronald Mount Suite 054, West Maria, WI 14320",85370,2024-08-26,78574,pretty little,1,275.46
45672,Lance Morrison,"73384 Ronald Mount Suite 054, West Maria, WI 14320",85370,2024-08-26,2649,themselves person,4,382.08
45672,Lance Morrison,"73384 Ronald Mount Suite 054, West Maria, WI 14320",52045,2024-08-01,60205,probably character,2,828.78
45672,Lance Morrison,"73384 Ronald Mount Suite 054, West Maria, WI 14320",52045,2024-08-01,62762,amount seat,2,379.34
85696,Renee Nguyen,"Unit 7300 Box 0530, DPO AP 84160",49516,2024-07-29,13073,table after,1,92.97
85696,Renee Nguyen,"Unit 7300 Box 0530, DPO AP 84160",49516,2024-07-29,64717,together system,5,136.24
85696,Renee Nguyen,"Unit 7300 Box 0530, DPO AP 84160",94758,2024-06-17,14861,social ahead,2,118.94
85696,Renee Nguyen,"Unit 7300 Box 0530, DPO AP 84160",94758,2024-06-17,4459,admit measure,3,737.28
85696,Renee Nguyen,"Unit 7300 Box 0530, DPO AP 84160",94758,2024-06-17,65859,however group,1,565.77
85696,Renee Nguyen,"Unit 7300 Box 0530, DPO AP 84160",87809,2024-10-07,5537,why day,1,432.56
85696,Renee Nguyen,"Unit 7300 Box 0530, DPO AP 84160",87809,2024-10-07,9868,reduce first,1,882.4
4532,Theresa Kirby,"1304 Heather Pass, Derrickview, LA 92770",53298,2023-11-17,10729,hotel degree,5,800.46
74048,Sabrina Young,"625 Gallagher Loaf Suite 745, South Shane, OR 74564",57072,2024-08-05,70552,blood sister,1,901.46
74048,Sabrina Young,"625 Gallagher Loaf Suite 745, South Shane, OR 74564",57072,2024-08-05,70166,let candidate,4,337.72
74048,Sabrina Young,"625 Gallagher Loaf Suite 745, South Shane, OR 74564",12840,2024-08-25,98176,single similar,5,698.81
74048,Sabrina Young,"625 Gallagher Loaf Suite 745, South Shane, OR 74564",12840,2024-08-25,91472,different state,2,513.47
23222,Michelle Hernandez,"5630 Johnson Fall, Hillmouth, CO 43614",29485,2024-10-11,48648,some onto,3,35.31
23222,Michelle Hernandez,"5630 Johnson Fall, Hillmouth, CO 43614",29485,2024-10-11,14861,social ahead,2,118.94
23222,Michelle Hernandez,"5630 Johnson Fall, Hillmouth, CO 43614",29485,2024-10-11,70166,let candidate,4,337.72
23222,Michelle Hernandez,"5630 Johnson Fall, Hillmouth, CO 43614",65401,2024-09-16,1025,against return,4,307.44
23222,Michelle Hernandez,"5630 Johnson Fall, Hillmouth, CO 43614",65401,2024-09-16,37001,draw beyond,5,478.75
23222,Michelle Hernandez,"5630 Johnson Fall, Hillmouth, CO 43614",65401,2024-09-16,48648,some onto,2,35.31
87680,Victoria Hernandez,"3051 Chandler Grove, Greerland, OK 44963",9108,2024-04-29,285,provide friend,1,162.6
87680,Victoria Hernandez,"3051 Chandler Grove, Greerland, OK 44963",9108,2024-04-29,13433,positive after,5,154.64
87680,Victoria Hernandez,"3051 Chandler Grove, Greerland, OK 44963",97396,2024-04-08,87329,worker organization,4,990.26
87680,Victoria Hernandez,"3051 Chandler Grove, Greerland, OK 44963",52177,2024-07-09,48648,some onto,1,35.31
87680,Victoria Hernandez,"3051 Chandler Grove, Greerland, OK 44963",52177,2024-07-09,22733,seat your,1,790.71
87680,Victoria Hernandez,"3051 Chandler Grove, Greerland, OK 44963",52177,2024-07-09,3436,he pattern,1,504.18
54226,Patrick Underwood,"4921 Martinez Common, North Caitlinview, PR 66082",75160,2024-02-06,31737,pull idea,5,700.12
54226,Patrick Underwood,"4921 Martinez Common, North Caitlinview, PR 66082",40755,2024-02-01,14861,social ahead,1,118.94
54226,Patrick Underwood,"4921 Martinez Common, North Caitlinview, PR 66082",40755,2024-02-01,62170,choice compare,5,506.51
54226,Patrick Underwood,"4921 Martinez Common, North Caitlinview, PR 66082",40755,2024-02-01,38257,few trade,1,712.15
54226,Patrick Underwood,"4921 Martinez Common, North Caitlinview, PR 66082",38685,2024-03-12,14861,social ahead,1,118.94
22862,Jared Shelton PhD,"241 Kelli Flat Suite 376, Hannahton, SC 73285",83382,2024-08-08,41230,church always,5,428.98
55580,Vanessa Wilson,"Unit 5257 Box 9092, DPO AE 64370",81324,2024-07-26,66986,stay away,2,171.66
55580,Vanessa Wilson,"Unit 5257 Box 9092, DPO AE 64370",81324,2024-07-26,20230,maintain finish,4,37.39
55580,Vanessa Wilson,"Unit 5257 Box 9092, DPO AE 64370",10739,2023-11-22,20230,maintain finish,4,37.39
55580,Vanessa Wilson,"Unit 5257 Box 9092, DPO AE 64370",10739,2023-11-22,62170,choice compare,4,506.51
55580,Vanessa Wilson,"Unit 5257 Box 9092, DPO AE 64370",10739,2023-11-22,66986,stay away,5,171.66
55580,Vanessa Wilson,"Unit 5257 Box 9092, DPO AE 64370",3203,2024-08-10,62762,amount seat,5,379.34
55580,Vanessa Wilson,"Unit 5257 Box 9092, DPO AE 64370",3203,2024-08-10,29397,level visit,3,346.42
31725,Sara Ellis,"1405 Copeland Shores Suite 272, New Kathystad, VI 47799",19290,2024-05-31,98176,single similar,1,698.81
31725,Sara Ellis,"1405 Copeland Shores Suite 272, New Kathystad, VI 47799",19290,2024-05-31,1025,against return,3,307.44
83239,Amanda Thomas,"USCGC Olson, FPO AE 21322",14612,2024-07-16,60205,probably character,2,828.78
83239,Amanda Thomas,"USCGC Olson, FPO AE 21322",14612,2024-07-16,87329,worker organization,2,990.26
15237,Eric Skinner,"405 Melanie Mission, Mitchellberg, MD 15575",80028,2024-02-09,44518,build society,4,303.04
15237,Eric Skinner,"405 Melanie Mission, Mitchellberg, MD 15575",41631,2024-10-18,87329,worker organization,5,990.26
15237,Eric Skinner,"405 Melanie Mission, Mitchellberg, MD 15575",41631,2024-10-18,4459,admit measure,1,737.28
15237,Eric Skinner,"405 Melanie Mission, Mitchellberg, MD 15575",41631,2024-10-18,41230,church always,1,428.98
15237,Eric Skinner,"405 Melanie Mission, Mitchellberg, MD 15575",70811,2024-04-22,25217,case full,2,221.27
15237,Eric Skinner,"405 Melanie Mission, Mitchellberg, MD 15575",70811,2024-04-22,97994,remain discussion,4,534.48
47774,Rebecca Stewart,"2840 Contreras Loaf, Williamport, UT 31560",85746,2024-09-15,70166,let candidate,4,337.72
47774,Rebecca Stewart,"2840 Contreras Loaf, Williamport, UT 31560",249,2024-02-23,52265,international watch,4,110.68
47774,Rebecca Stewart,"2840 Contreras Loaf, Williamport, UT 31560",20223,2024-04-06,70552,blood sister,1,901.46
92484,Jennifer Mcmahon,"8655 Phillips Corner Suite 404, East Michaelville, KY 26943",14524,2023-11-25,65859,however group,5,565.77
92484,Jennifer Mcmahon,"8655 Phillips Corner Suite 404, East Michaelville, KY 26943",14524,2023-11-25,97994,remain discussion,1,534.48
92484,Jennifer Mcmahon,"8655 Phillips Corner Suite 404, East Michaelville, KY 26943",14524,2023-11-25,91241,Republican police,1,442.29
92484,Jennifer Mcmahon,"8655 Phillips Corner Suite 404, East Michaelville, KY 26943",3494,2024-03-05,34209,new family,4,339.87
92484,Jennifer Mcmahon,"8655 Phillips Corner Suite 404, East Michaelville, KY 26943",3494,2024-03-05,85138,same impact,3,638.88
15767,Shawn Moreno,"5771 Ashley Brook Apt. 127, Hollandstad, LA 59498",9433,2024-04-02,73670,government leg,1,838.01
15767,Shawn Moreno,"5771 Ashley Brook Apt. 127, Hollandstad, LA 59498",821,2023-10-27,4459,admit measure,3,737.28
15767,Shawn Moreno,"5771 Ashley Brook Apt. 127, Hollandstad, LA 59498",821,2023-10-27,29397,level visit,4,346.42
15767,Shawn Moreno,"5771 Ashley Brook Apt. 127, Hollandstad, LA 59498",821,2023-10-27,12041,most easy,1,550.4
91480,Amy Rios,"1550 Shannon Knolls, East Roseview, ME 99880",68684,2024-01-27,88584,law within,5,851.28
91480,Amy Rios,"1550 Shannon Knolls, East Roseview, ME 99880",68684,2024-01-27,75590,fill condition,3,803.04
91480,Amy Rios,"1550 Shannon Knolls, East Roseview, ME 99880",68684,2024-01-27,64717,together system,5,136.24
45276,Daniel Garcia,"87222 Samantha Unions Suite 505, West Ashleychester, MA 82025",26016,2024-02-20,67406,threat mission,4,181.57
45276,Daniel Garcia,"87222 Samantha Unions Suite 505, West Ashleychester, MA 82025",9134,2024-03-15,41078,break of,4,395.12
45276,Daniel Garcia,"87222 Samantha Unions Suite 505, West Ashleychester, MA 82025",93978,2023-12-30,91241,Republican police,2,442.29
95371,Kendra Howard,"PSC 6951, Box 8557, APO AE 24065",97806,2024-10-01,41078,break of,2,395.12
94202,Tristan Zimmerman,"332 Kathy Route Suite 770, Port Emily, NH 67458",82969,2024-10-16,38980,light together,3,757.42
34334,Shawn Ramirez,"223 Leach Ports Apt. 819, East Gloriaside, OR 89381",18162,2024-09-16,3436,he pattern,1,504.18
34334,Shawn Ramirez,"223 Leach Ports Apt. 819, East Gloriaside, OR 89381",56275,2023-11-05,31737,pull idea,3,700.12
66268,Brianna Vega,"USCGC Cole, FPO AA 13374",43204,2024-10-04,85138,same impact,4,638.88
66268,Brianna Vega,"USCGC Cole, FPO AA 13374",43204,2024-10-04,9868,reduce first,3,882.4
66268,Brianna Vega,"USCGC Cole, FPO AA 13374",92369,2024-05-27,93476,subject court,2,378.85
66268,Brianna Vega,"USCGC Cole, FPO AA 13374",68037,2024-04-29,70918,team clear,3,59.7
66268,Brianna Vega,"USCGC Cole, FPO AA 13374",68037,2024-04-29,285,provide friend,3,162.6
66268,Brianna Vega,"USCGC Cole, FPO AA 13374",68037,2024-04-29,49358,west build,4,812.37
1979,Timothy Melton,"USCGC Young, FPO AE 16756",21664,2023-10-30,7458,could tell,3,311.26
1979,Timothy Melton,"USCGC Young, FPO AE 16756",21664,2023-10-30,12041,most easy,2,550.4
1979,Timothy Melton,"USCGC Young, FPO AE 16756",65858,2024-04-19,29397,level visit,1,346.42
96574,Deborah Mcclure,"4629 Courtney Cape, Liside, LA 86768",16473,2023-12-22,73670,government leg,1,838.01
45629,Abigail Harper,"2981 Cheryl Port Suite 379, New Leroy, CT 08983",65064,2024-06-02,25217,case full,3,221.27
45629,Abigail Harper,"2981 Cheryl Port Suite 379, New Leroy, CT 08983",86195,2024-05-12,70552,blood sister,4,901.46
45629,Abigail Harper,"2981 Cheryl Port Suite 379, New Leroy, CT 08983",86195,2024-05-12,31737,pull idea,2,700.12
45629,Abigail Harper,"2981 Cheryl Port Suite 379, New Leroy, CT 08983",86195,2024-05-12,5537,why day,2,432.56
45629,Abigail Harper,"2981 Cheryl Port Suite 379, New Leroy, CT 08983",24603,2024-04-18,24491,friend senior,1,785.53
45629,Abigail Harper,"2981 Cheryl Port Suite 379, New Leroy, CT 08983",24603,2024-04-18,49358,west build,3,812.37
45629,Abigail Harper,"2981 Cheryl Port Suite 379, New Leroy, CT 08983",24603,2024-04-18,44214,himself world,2,597.5
69178,Leon Casey,"70356 Miller Pines, West Micheleport, LA 97915",83056,2024-02-29,24491,friend senior,3,785.53
69178,Leon Casey,"70356 Miller Pines, West Micheleport, LA 97915",83056,2024-02-29,66984,car data,2,115.17
69178,Leon Casey,"70356 Miller Pines, West Micheleport, LA 97915",62008,2024-07-13,62762,amount seat,4,379.34
17513,Alexa Santiago,"532 Davis Parkways Apt. 630, Port Frederickmouth, VA 72301",30329,2024-04-18,27041,popular figure,5,483.9
17513,Alexa Santiago,"532 Davis Parkways Apt. 630, Port Frederickmouth, VA 72301",30329,2024-04-18,13433,positive after,5,154.64
17513,Alexa Santiago,"532 Davis Parkways Apt. 630, Port Frederickmouth, VA 72301",30329,2024-04-18,48648,some onto,2,35.31
42283,Ann Ramirez MD,"2618 Melissa Throughway Suite 686, Laurachester, MO 06769",79636,2024-05-31,46813,avoid loss,1,58.75
42283,Ann Ramirez MD,"2618 Melissa Throughway Suite 686, Laurachester, MO 06769",85707,2024-04-11,44214,himself world,2,597.5
42283,Ann Ramirez MD,"2618 Melissa Throughway Suite 686, Laurachester, MO 06769",9213,2024-06-15,53539,radio develop,2,458.26
42283,Ann Ramirez MD,"2618 Melissa Throughway Suite 686, Laurachester, MO 06769",9213,2024-06-15,91472,different state,3,513.47
57626,Christina Day,"726 Ramirez Mount Apt. 634, Hallville, IA 88859",38467,2024-10-14,39680,wait phone,4,390.08
57626,Christina Day,"726 Ramirez Mount Apt. 634, Hallville, IA 88859",87872,2024-05-10,77235,low nor,2,31.54
57626,Christina Day,"726 Ramirez Mount Apt. 634, Hallville, IA 88859",87872,2024-05-10,41078,break of,4,395.12
5526,Rachel Ramirez,"14526 Brown Throughway Suite 223, East Alexandra, VA 13834",80602,2024-01-29,91472,different state,4,513.47
5526,Rachel Ramirez,"14526 Brown Throughway Suite 223, East Alexandra, VA 13834",82573,2024-02-05,52265,international watch,2,110.68
5526,Rachel Ramirez,"14526 Brown Throughway Suite 223, East Alexandra, VA 13834",82573,2024-02-05,27975,make site,4,254.19
80193,Dakota Harrison,"38960 Nichols Freeway Suite 486, Terryland, TN 51281",53196,2024-07-02,10729,hotel degree,2,800.46
80193,Dakota Harrison,"38960 Nichols Freeway Suite 486, Terryland, TN 51281",53196,2024-07-02,31737,pull idea,4,700.12
80193,Dakota Harrison,"38960 Nichols Freeway Suite 486, Terryland, TN 51281",53196,2024-07-02,38257,few trade,3,712.15
80193,Dakota Harrison,"38960 Nichols Freeway Suite 486, Terryland, TN 51281",27349,2024-09-24,83277,west western,4,882.67
83032,Mitchell Jones,"211 Kelsey Plaza Apt. 080, North Patricia, AZ 81780",74141,2024-05-19,66986,stay away,4,171.66
83032,Mitchell Jones,"211 Kelsey Plaza Apt. 080, North Patricia, AZ 81780",74141,2024-05-19,7458,could tell,2,311.26
83032,Mitchell Jones,"211 Kelsey Plaza Apt. 080, North Patricia, AZ 81780",74141,2024-05-19,66984,car data,1,115.17
83032,Mitchell Jones,"211 Kelsey Plaza Apt. 080, North Patricia, AZ 81780",42606,2024-10-09,79139,administration success,5,378.98
79223,Christopher Bruce,"1683 Sarah Pike, Adambury, PR 51376",79349,2024-09-11,49358,west build,1,812.37
79223,Christopher Bruce,"1683 Sarah Pike, Adambury, PR 51376",79349,2024-09-11,38257,few trade,5,712.15
79223,Christopher Bruce,"1683 Sarah Pike, Adambury, PR 51376",69822,2024-04-14,75590,fill condition,2,803.04
79223,Christopher Bruce,"1683 Sarah Pike, Adambury, PR 51376",69822,2024-04-14,78574,pretty little,5,275.46
98623,Jose Moon,"433 Gilbert River Suite 809, West Beverly, AR 90639",93179,2023-11-29,38980,light together,2,757.42
87989,Ronald Ray,"285 Zimmerman Summit Suite 696, Jeremyville, NH 66050",66995,2024-01-09,66986,stay away,2,171.66
30889,Harold Green,"100 Michael Skyway Apt. 102, Smithburgh, DE 11697",2295,2023-11-13,35618,now suddenly,3,725.87
30889,Harold Green,"100 Michael Skyway Apt. 102, Smithburgh, DE 11697",2295,2023-11-13,30480,area world,1,919.25
30889,Harold Green,"100 Michael Skyway Apt. 102, Smithburgh, DE 11697",84804,2024-03-11,70552,blood sister,3,901.46
30889,Harold Green,"100 Michael Skyway Apt. 102, Smithburgh, DE 11697",84804,2024-03-11,92810,citizen dream,5,876.79
30889,Harold Green,"100 Michael Skyway Apt. 102, Smithburgh, DE 11697",75180,2023-11-10,73670,government leg,3,838.01
30889,Harold Green,"100 Michael Skyway Apt. 102, Smithburgh, DE 11697",75180,2023-11-10,27975,make site,4,254.19
36318,Thomas Jones,"0326 Jennifer Lock Suite 704, Jacksonburgh, IA 04724",53387,2024-08-11,88584,law within,5,851.28
36318,Thomas Jones,"0326 Jennifer Lock Suite 704, Jacksonburgh, IA 04724",53387,2024-08-11,91362,training force,1,640.29
36318,Thomas Jones,"0326 Jennifer Lock Suite 704, Jacksonburgh, IA 04724",86450,2024-02-24,285,provide friend,1,162.6
36318,Thomas Jones,"0326 Jennifer Lock Suite 704, Jacksonburgh, IA 04724",86450,2024-02-24,30630,share particularly,4,646.96
40398,Kevin Moody,"473 James Run Apt. 985, Lake Jamesstad, KS 94978",91660,2024-03-11,59794,economic power,1,146.78
40398,Kevin Moody,"473 James Run Apt. 985, Lake Jamesstad, KS 94978",91660,2024-03-11,44214,himself world,5,597.5
3127,David Perez,"71596 Wiggins Plain Apt. 099, Gonzalezfort, MO 77437",75148,2023-10-27,49358,west build,3,812.37
3127,David Perez,"71596 Wiggins Plain Apt. 099, Gonzalezfort, MO 77437",75148,2023-10-27,38257,few trade,4,712.15
3127,David Perez,"71596 Wiggins Plain Apt. 099, Gonzalezfort, MO 77437",75148,2023-10-27,29397,level visit,2,346.42
3127,David Perez,"71596 Wiggins Plain Apt. 099, Gonzalezfort, MO 77437",53260,2024-07-24,91241,Republican police,1,442.29
50028,Lance Richmond,"86723 Susan Lane Apt. 284, South David, OH 59404",31490,2023-12-01,12041,most easy,3,550.4
50028,Lance Richmond,"86723 Susan Lane Apt. 284, South David, OH 59404",31490,2023-12-01,74698,activity both,4,912.19
50028,Lance Richmond,"86723 Susan Lane Apt. 284, South David, OH 59404",31490,2023-12-01,52265,international watch,4,110.68
50028,Lance Richmond,"86723 Susan Lane Apt. 284, South David, OH 59404",10342,2023-11-12,91362,training force,2,640.29
76371,Kathleen Thomas,"90697 Thomas Center Apt. 430, Christopherburgh, PR 73659",92883,2023-10-29,46813,avoid loss,5,58.75
76371,Kathleen Thomas,"90697 Thomas Center Apt. 430, Christopherburgh, PR 73659",92883,2023-10-29,39680,wait phone,5,390.08
76371,Kathleen Thomas,"90697 Thomas Center Apt. 430, Christopherburgh, PR 73659",92883,2023-10-29,73670,government leg,3,838.01
92813,Katherine Smith,"751 Stewart Tunnel Suite 073, West Dariusside, IA 01372",78499,2023-12-03,13433,positive after,2,154.64
92813,Katherine Smith,"751 Stewart Tunnel Suite 073, West Dariusside, IA 01372",78499,2023-12-03,85138,same impact,2,638.88
92813,Katherine Smith,"751 Stewart Tunnel Suite 073, West Dariusside, IA 01372",97697,2024-03-01,29397,level visit,5,346.42
92813,Katherine Smith,"751 Stewart Tunnel Suite 073, West Dariusside, IA 01372",43062,2024-10-15,3436,he pattern,3,504.18
92813,Katherine Smith,"751 Stewart Tunnel Suite 073, West Dariusside, IA 01372",43062,2024-10-15,74698,activity both,3,912.19
89610,Robert Mendez,"8660 Melissa Well Suite 885, Donnastad, PR 62692",71109,2024-07-16,70552,blood sister,1,901.46
89610,Robert Mendez,"8660 Melissa Well Suite 885, Donnastad, PR 62692",71109,2024-07-16,30630,share particularly,3,646.96
99993,William Morris,"996 Kathryn Mountain Apt. 500, Williambury, MD 06774",65243,2024-07-22,66984,car data,4,115.17
99993,William Morris,"996 Kathryn Mountain Apt. 500, Williambury, MD 06774",65243,2024-07-22,29940,cause here,2,967.4
99993,William Morris,"996 Kathryn Mountain Apt. 500, Williambury, MD 06774",65243,2024-07-22,2649,themselves person,2,382.08
99993,William Morris,"996 Kathryn Mountain Apt. 500, Williambury, MD 06774",20034,2024-09-16,25217,case full,3,221.27
99993,William Morris,"996 Kathryn Mountain Apt. 500, Williambury, MD 06774",20034,2024-09-16,48648,some onto,5,35.31
99993,William Morris,"996 Kathryn Mountain Apt. 500, Williambury, MD 06774",9382,2024-07-24,62762,amount seat,4,379.34
99993,William Morris,"996 Kathryn Mountain Apt. 500, Williambury, MD 06774",9382,2024-07-24,3436,he pattern,4,504.18
99993,William Morris,"996 Kathryn Mountain Apt. 500, Williambury, MD 06774",9382,2024-07-24,91241,Republican police,4,442.29
68580,Matthew Oconnor,"098 Steve Mountain, Port Holly, SC 19373",86038,2024-05-10,23419,represent which,2,615.92
68580,Matthew Oconnor,"098 Steve Mountain, Port Holly, SC 19373",86038,2024-05-10,75590,fill condition,4,803.04
68580,Matthew Oconnor,"098 Steve Mountain, Port Holly, SC 19373",41858,2023-10-23,38980,light together,3,757.42
68580,Matthew Oconnor,"098 Steve Mountain, Port Holly, SC 19373",2278,2023-10-22,44214,himself world,3,597.5
68580,Matthew Oconnor,"098 Steve Mountain, Port Holly, SC 19373",2278,2023-10-22,64717,together system,4,136.24
78069,Deborah Vargas,"287 Williams Falls Apt. 600, Christopherview, WA 48739",93003,2024-03-23,25217,case full,5,221.27
78069,Deborah Vargas,"287 Williams Falls Apt. 600, Christopherview, WA 48739",93003,2024-03-23,7458,could tell,3,311.26
78069,Deborah Vargas,"287 Williams Falls Apt. 600, Christopherview, WA 48739",93003,2024-03-23,52265,international watch,1,110.68
52685,Angela Clark,"23556 Jason Harbor Suite 791, Keithville, ID 01220",54482,2024-04-21,30480,area world,2,919.25
52685,Angela Clark,"23556 Jason Harbor Suite 791, Keithville, ID 01220",54482,2024-04-21,62762,amount seat,5,379.34
52685,Angela Clark,"23556 Jason Harbor Suite 791, Keithville, ID 01220",75735,2023-11-10,70166,let candidate,5,337.72
52685,Angela Clark,"23556 Jason Harbor Suite 791, Keithville, ID 01220",75735,2023-11-10,29940,cause here,1,967.4
52685,Angela Clark,"23556 Jason Harbor Suite 791, Keithville, ID 01220",75735,2023-11-10,92810,citizen dream,2,876.79
1835,Benjamin Goodman,"3354 Wilson Ferry Apt. 189, New Jill, SC 98270",22748,2024-09-12,39680,wait phone,1,390.08
38127,Christina Avila,"217 Pena Vista, West Kelseyfurt, MA 04463",63479,2024-01-31,85138,same impact,1,638.88
38127,Christina Avila,"217 Pena Vista, West Kelseyfurt, MA 04463",63479,2024-01-31,99677,game test,5,780.7
17908,Hunter Sanchez,"95519 Gallagher Mountains, South Shawnchester, TN 09024",49236,2024-04-18,78574,pretty little,4,275.46
59238,Scott Reynolds,"0375 Felicia Parkways, West Bethburgh, GA 45453",64765,2023-11-23,75590,fill condition,2,803.04
59238,Scott Reynolds,"0375 Felicia Parkways, West Bethburgh, GA 45453",64765,2023-11-23,37534,dark few,2,290.77
59238,Scott Reynolds,"0375 Felicia Parkways, West Bethburgh, GA 45453",95174,2024-01-26,41078,break of,1,395.12
59238,Scott Reynolds,"0375 Felicia Parkways, West Bethburgh, GA 45453",95174,2024-01-26,30480,area world,5,919.25
59238,Scott Reynolds,"0375 Felicia Parkways, West Bethburgh, GA 45453",95174,2024-01-26,88584,law within,3,851.28
59238,Scott Reynolds,"0375 Felicia Parkways, West Bethburgh, GA 45453",59258,2024-09-26,78574,pretty little,5,275.46
42561,Michael Stewart,"31545 Trevor Station, Martinezberg, DC 79169",73105,2024-05-26,70552,blood sister,3,901.46
92398,Sean Todd,"Unit 4199 Box 2888, DPO AE 46101",60413,2023-11-12,25217,case full,1,221.27
92398,Sean Todd,"Unit 4199 Box 2888, DPO AE 46101",60413,2023-11-12,25217,case full,1,221.27
92398,Sean Todd,"Unit 4199 Box 2888, DPO AE 46101",60413,2023-11-12,23419,represent which,2,615.92
92398,Sean Todd,"Unit 4199 Box 2888, DPO AE 46101",42599,2024-10-09,83028,impact reach,5,880.32
92398,Sean Todd,"Unit 4199 Box 2888, DPO AE 46101",42599,2024-10-09,2235,senior work,2,871.17
92398,Sean Todd,"Unit 4199 Box 2888, DPO AE 46101",42599,2024-10-09,62762,amount seat,3,379.34
66678,Brenda Ramirez,"930 Ryan Loop Apt. 077, Coltonport, ID 64746",56045,2024-08-06,7458,could tell,4,311.26
66678,Brenda Ramirez,"930 Ryan Loop Apt. 077, Coltonport, ID 64746",56045,2024-08-06,97994,remain discussion,3,534.48
66678,Brenda Ramirez,"930 Ryan Loop Apt. 077, Coltonport, ID 64746",21192,2024-05-20,65859,however group,2,565.77
66678,Brenda Ramirez,"930 Ryan Loop Apt. 077, Coltonport, ID 64746",99899,2023-12-26,97994,remain discussion,3,534.48
66678,Brenda Ramirez,"930 Ryan Loop Apt. 077, Coltonport, ID 64746",99899,2023-12-26,97994,remain discussion,2,534.48
16952,Dennis Mills,"875 David Oval Apt. 342, Emilyburgh, GU 41409",70604,2024-01-04,91241,Republican police,3,442.29
16952,Dennis Mills,"875 David Oval Apt. 342, Emilyburgh, GU 41409",70604,2024-01-04,49358,west build,5,812.37
16952,Dennis Mills,"875 David Oval Apt. 342, Emilyburgh, GU 41409",70604,2024-01-04,46813,avoid loss,5,58.75
16952,Dennis Mills,"875 David Oval Apt. 342, Emilyburgh, GU 41409",6104,2024-03-16,37534,dark few,1,290.77
16952,Dennis Mills,"875 David Oval Apt. 342, Emilyburgh, GU 41409",6104,2024-03-16,99677,game test,2,780.7
16952,Dennis Mills,"875 David Oval Apt. 342, Emilyburgh, GU 41409",6104,2024-03-16,66984,car data,1,115.17
96936,Laura Allen,"9410 Nicole Court, North Emmaton, MH 48963",35595,2023-11-04,88584,law within,5,851.28
96936,Laura Allen,"9410 Nicole Court, North Emmaton, MH 48963",35595,2023-11-04,22733,seat your,1,790.71
96936,Laura Allen,"9410 Nicole Court, North Emmaton, MH 48963",35595,2023-11-04,24491,friend senior,1,785.53
96936,Laura Allen,"9410 Nicole Court, North Emmaton, MH 48963",62279,2024-07-22,35740,fly catch,2,408.16
96936,Laura Allen,"9410 Nicole Court, North Emmaton, MH 48963",62279,2024-07-22,49358,west build,3,812.37
96936,Laura Allen,"9410 Nicole Court, North Emmaton, MH 48963",62279,2024-07-22,24491,friend senior,3,785.53
96936,Laura Allen,"9410 Nicole Court, North Emmaton, MH 48963",13605,2023-11-01,53539,radio develop,5,458.26
96936,Laura Allen,"9410 Nicole Court, North Emmaton, MH 48963",13605,2023-11-01,39680,wait phone,1,390.08
96936,Laura Allen,"9410 Nicole Court, North Emmaton, MH 48963",13605,2023-11-01,1025,against return,2,307.44
69485,Brenda Torres,"267 Wesley Flats Suite 358, Ginahaven, CO 46579",40170,2024-07-16,20230,maintain finish,5,37.39
69485,Brenda Torres,"267 Wesley Flats Suite 358, Ginahaven, CO 46579",40170,2024-07-16,12041,most easy,4,550.4
69485,Brenda Torres,"267 Wesley Flats Suite 358, Ginahaven, CO 46579",40170,2024-07-16,44518,build society,1,303.04
69485,Brenda Torres,"267 Wesley Flats Suite 358, Ginahaven, CO 46579",11841,2024-04-29,73670,government leg,3,838.01
69485,Brenda Torres,"267 Wesley Flats Suite 358, Ginahaven, CO 46579",11841,2024-04-29,13189,store daughter,3,150.25
69485,Brenda Torres,"267 Wesley Flats Suite 358, Ginahaven, CO 46579",11841,2024-04-29,60947,front letter,5,793.46
73471,Samantha Aguilar,"532 Stephen Lodge, Katherinemouth, OR 54172",85491,2023-11-22,98176,single similar,4,698.81
73471,Samantha Aguilar,"532 Stephen Lodge, Katherinemouth, OR 54172",60801,2023-12-23,91472,different state,4,513.47
73471,Samantha Aguilar,"532 Stephen Lodge, Katherinemouth, OR 54172",60801,2023-12-23,35577,tough no,1,41.98
73471,Samantha Aguilar,"532 Stephen Lodge, Katherinemouth, OR 54172",60801,2023-12-23,58821,yard identify,3,399.75
73471,Samantha Aguilar,"532 Stephen Lodge, Katherinemouth, OR 54172",3835,2024-03-04,39707,record give,2,271.2
88883,Sandra Griffin,"86250 James Plaza, Alexanderport, MI 19829",62301,2024-02-17,10729,hotel degree,3,800.46
88883,Sandra Griffin,"86250 James Plaza, Alexanderport, MI 19829",62301,2024-02-17,91472,different state,1,513.47
23789,Jennifer Brown,"29810 Thomas Rapid, Brownview, AS 28019",46350,2024-06-29,89010,state since,2,773.88
23789,Jennifer Brown,"29810 Thomas Rapid, Brownview, AS 28019",66846,2024-01-02,59794,economic power,2,146.78
23789,Jennifer Brown,"29810 Thomas Rapid, Brownview, AS 28019",4085,2023-11-15,66829,indicate glass,1,655.22
23789,Jennifer Brown,"29810 Thomas Rapid, Brownview, AS 28019",4085,2023-11-15,5537,why day,5,432.56
23789,Jennifer Brown,"29810 Thomas Rapid, Brownview, AS 28019",4085,2023-11-15,75590,fill condition,3,803.04
21949,Cory Adams MD,"302 Andrew Mall, Ashleymouth, HI 48043",42309,2023-10-29,30630,share particularly,2,646.96
21949,Cory Adams MD,"302 Andrew Mall, Ashleymouth, HI 48043",42309,2023-10-29,87329,worker organization,2,990.26
21949,Cory Adams MD,"302 Andrew Mall, Ashleymouth, HI 48043",42309,2023-10-29,23504,may somebody,4,223.91
21949,Cory Adams MD,"302 Andrew Mall, Ashleymouth, HI 48043",27254,2024-01-23,44214,himself world,5,597.5
21949,Cory Adams MD,"302 Andrew Mall, Ashleymouth, HI 48043",27254,2024-01-23,58821,yard identify,2,399.75
21949,Cory Adams MD,"302 Andrew Mall, Ashleymouth, HI 48043",27254,2024-01-23,67406,threat mission,4,181.57
21949,Cory Adams MD,"302 Andrew Mall, Ashleymouth, HI 48043",5357,2024-08-10,98054,if top,1,973.01
21949,Cory Adams MD,"302 Andrew Mall, Ashleymouth, HI 48043",5357,2024-08-10,49358,west build,4,812.37
79234,Christina Thompson,"657 Lin Mountain, South Teresa, RI 52140",91101,2023-12-07,97994,remain discussion,1,534.48
1282,Sara Carpenter,"983 Watkins Cliffs Apt. 641, Davisbury, ID 75959",51124,2024-06-30,46813,avoid loss,3,58.75
1282,Sara Carpenter,"983 Watkins Cliffs Apt. 641, Davisbury, ID 75959",51124,2024-06-30,52265,international watch,2,110.68
73486,Cynthia Smith,"558 Richardson Gardens, Kimberlyton, GA 51793",92042,2024-10-01,30480,area world,4,919.25
73486,Cynthia Smith,"558 Richardson Gardens, Kimberlyton, GA 51793",92042,2024-10-01,83028,impact reach,2,880.32
73486,Cynthia Smith,"558 Richardson Gardens, Kimberlyton, GA 51793",135,2024-04-07,66986,stay away,5,171.66
73486,Cynthia Smith,"558 Richardson Gardens, Kimberlyton, GA 51793",135,2024-04-07,91241,Republican police,5,442.29
73486,Cynthia Smith,"558 Richardson Gardens, Kimberlyton, GA 51793",67715,2024-10-08,77235,low nor,2,31.54
16058,Sabrina Brown,"69048 Melanie Bridge, New Johnstad, ND 07171",58236,2024-03-15,9868,reduce first,2,882.4
16058,Sabrina Brown,"69048 Melanie Bridge, New Johnstad, ND 07171",58236,2024-03-15,7458,could tell,1,311.26
16058,Sabrina Brown,"69048 Melanie Bridge, New Johnstad, ND 07171",51351,2024-01-26,29397,level visit,1,346.42
16058,Sabrina Brown,"69048 Melanie Bridge, New Johnstad, ND 07171",92884,2024-07-28,22733,seat your,2,790.71
16058,Sabrina Brown,"69048 Melanie Bridge, New Johnstad, ND 07171",92884,2024-07-28,13073,table after,3,92.97
16058,Sabrina Brown,"69048 Melanie Bridge, New Johnstad, ND 07171",92884,2024-07-28,4459,admit measure,1,737.28
39108,Angela Edwards,"0336 Theresa Ferry Suite 543, West Alexander, NC 24414",93275,2024-04-02,62170,choice compare,5,506.51
39108,Angela Edwards,"0336 Theresa Ferry Suite 543, West Alexander, NC 24414",47962,2023-11-07,89010,state since,3,773.88
39108,Angela Edwards,"0336 Theresa Ferry Suite 543, West Alexander, NC 24414",60501,2024-01-05,44518,build society,5,303.04
39108,Angela Edwards,"0336 Theresa Ferry Suite 543, West Alexander, NC 24414",60501,2024-01-05,23504,may somebody,1,223.91
2528,Elizabeth Rhodes,"5094 Jared Ports Suite 932, Nicoleshire, MN 89270",17914,2024-06-30,48648,some onto,5,35.31
2528,Elizabeth Rhodes,"5094 Jared Ports Suite 932, Nicoleshire, MN 89270",17914,2024-06-30,20230,maintain finish,3,37.39
2528,Elizabeth Rhodes,"5094 Jared Ports Suite 932, Nicoleshire, MN 89270",41776,2023-12-19,13073,table after,5,92.97
52147,Hunter Haynes,"708 Janet Corners Suite 637, Hillport, MH 29320",80221,2024-08-26,23419,represent which,1,615.92
52147,Hunter Haynes,"708 Janet Corners Suite 637, Hillport, MH 29320",49387,2024-02-26,84855,fund account,5,216.8
52147,Hunter Haynes,"708 Janet Corners Suite 637, Hillport, MH 29320",49387,2024-02-26,74698,activity both,5,912.19
52147,Hunter Haynes,"708 Janet Corners Suite 637, Hillport, MH 29320",81550,2024-04-26,30630,share particularly,4,646.96
52147,Hunter Haynes,"708 Janet Corners Suite 637, Hillport, MH 29320",81550,2024-04-26,70552,blood sister,4,901.46
52147,Hunter Haynes,"708 Janet Corners Suite 637, Hillport, MH 29320",81550,2024-04-26,20230,maintain finish,1,37.39
11162,Cassandra Rivera,"85071 Chapman Corner Suite 146, Leonardfurt, MT 71930",69867,2024-10-16,37001,draw beyond,3,478.75
11162,Cassandra Rivera,"85071 Chapman Corner Suite 146, Leonardfurt, MT 71930",69867,2024-10-16,4459,admit measure,5,737.28
11162,Cassandra Rivera,"85071 Chapman Corner Suite 146, Leonardfurt, MT 71930",69867,2024-10-16,3436,he pattern,2,504.18
11528,Vincent Park,"00396 Jessica Villages, South Michelemouth, CO 95138",67997,2024-02-07,7628,call thought,3,671.06
11528,Vincent Park,"00396 Jessica Villages, South Michelemouth, CO 95138",67997,2024-02-07,4361,follow it,3,328.54
18511,Rebecca Smith,"191 Daniel Prairie, Kimberlyview, NY 23548",7827,2023-11-03,35577,tough no,5,41.98
18511,Rebecca Smith,"191 Daniel Prairie, Kimberlyview, NY 23548",12912,2024-05-20,23419,represent which,1,615.92
18511,Rebecca Smith,"191 Daniel Prairie, Kimberlyview, NY 23548",12912,2024-05-20,85138,same impact,2,638.88
18511,Rebecca Smith,"191 Daniel Prairie, Kimberlyview, NY 23548",12912,2024-05-20,23504,may somebody,5,223.91
18511,Rebecca Smith,"191 Daniel Prairie, Kimberlyview, NY 23548",40882,2024-05-05,23419,represent which,1,615.92
18511,Rebecca Smith,"191 Daniel Prairie, Kimberlyview, NY 23548",40882,2024-05-05,35740,fly catch,2,408.16
7436,Zoe Fisher,"048 Gilmore Drives Suite 041, South Paula, WI 27840",54188,2023-10-29,24491,friend senior,4,785.53
7436,Zoe Fisher,"048 Gilmore Drives Suite 041, South Paula, WI 27840",54188,2023-10-29,1025,against return,2,307.44
7436,Zoe Fisher,"048 Gilmore Drives Suite 041, South Paula, WI 27840",54188,2023-10-29,35618,now suddenly,2,725.87
7436,Zoe Fisher,"048 Gilmore Drives Suite 041, South Paula, WI 27840",81517,2024-04-06,38980,light together,1,757.42
7436,Zoe Fisher,"048 Gilmore Drives Suite 041, South Paula, WI 27840",81517,2024-04-06,66223,specific serious,5,763.48
56907,Kristopher Martin,"Unit 7351 Box 0243, DPO AP 98532",29967,2024-04-08,60947,front letter,3,793.46
44483,Ronald Smith,"3088 Hahn Shoals, Gutierrezport, ME 26947",21645,2024-08-26,7628,call thought,5,671.06
22472,Justin Ortiz,"523 Campbell Locks Suite 827, New Christianberg, PA 37523",47609,2023-12-07,285,provide friend,1,162.6
22472,Justin Ortiz,"523 Campbell Locks Suite 827, New Christianberg, PA 37523",73124,2024-02-07,23504,may somebody,5,223.91
22472,Justin Ortiz,"523 Campbell Locks Suite 827, New Christianberg, PA 37523",73124,2024-02-07,62170,choice compare,1,506.51
22472,Justin Ortiz,"523 Campbell Locks Suite 827, New Christianberg, PA 37523",73124,2024-02-07,5537,why day,2,432.56
22472,Justin Ortiz,"523 Campbell Locks Suite 827, New Christianberg, PA 37523",49983,2024-10-11,44518,build society,1,303.04
22472,Justin Ortiz,"523 Campbell Locks Suite 827, New Christianberg, PA 37523",49983,2024-10-11,3436,he pattern,3,504.18
22472,Justin Ortiz,"523 Campbell Locks Suite 827, New Christianberg, PA 37523",49983,2024-10-11,9868,reduce first,1,882.4
21149,Dr. Megan Ray,"48173 Daniel Well, Underwoodborough, FL 57292",12243,2023-11-07,38257,few trade,4,712.15
21149,Dr. Megan Ray,"48173 Daniel Well, Underwoodborough, FL 57292",31100,2024-04-16,31737,pull idea,3,700.12
35668,Russell Walsh,"8005 Rhonda Plains Suite 295, Leeland, KY 05198",34523,2023-11-23,10729,hotel degree,3,800.46
35668,Russell Walsh,"8005 Rhonda Plains Suite 295, Leeland, KY 05198",66148,2023-12-31,77235,low nor,5,31.54
35668,Russell Walsh,"8005 Rhonda Plains Suite 295, Leeland, KY 05198",66148,2023-12-31,9991,each edge,2,185.47
35668,Russell Walsh,"8005 Rhonda Plains Suite 295, Leeland, KY 05198",65418,2024-10-20,98054,if top,5,973.01
54596,David Dawson,"0194 Heather Fork Apt. 343, Chadmouth, MP 62624",92333,2023-12-18,70552,blood sister,5,901.46
54596,David Dawson,"0194 Heather Fork Apt. 343, Chadmouth, MP 62624",77128,2024-01-20,66984,car data,2,115.17
54596,David Dawson,"0194 Heather Fork Apt. 343, Chadmouth, MP 62624",77128,2024-01-20,10729,hotel degree,5,800.46
90527,Raven Kennedy,"919 Kimberly Pass, Meyertown, UT 90528",20458,2023-11-17,62070,firm it,3,709.83
90527,Raven Kennedy,"919 Kimberly Pass, Meyertown, UT 90528",20458,2023-11-17,62762,amount seat,3,379.34
90527,Raven Kennedy,"919 Kimberly Pass, Meyertown, UT 90528",20458,2023-11-17,85138,same impact,1,638.88
90527,Raven Kennedy,"919 Kimberly Pass, Meyertown, UT 90528",7366,2024-08-03,41230,church always,4,428.98
90527,Raven Kennedy,"919 Kimberly Pass, Meyertown, UT 90528",7366,2024-08-03,60947,front letter,3,793.46
22144,Nichole Reyes,"2220 William Crescent Apt. 908, New Loriburgh, WA 60241",32718,2024-03-31,84855,fund account,2,216.8
22144,Nichole Reyes,"2220 William Crescent Apt. 908, New Loriburgh, WA 60241",32718,2024-03-31,73670,government leg,5,838.01
22144,Nichole Reyes,"2220 William Crescent Apt. 908, New Loriburgh, WA 60241",9831,2024-05-13,75590,fill condition,4,803.04
22144,Nichole Reyes,"2220 William Crescent Apt. 908, New Loriburgh, WA 60241",9831,2024-05-13,2649,themselves person,4,382.08
22144,Nichole Reyes,"2220 William Crescent Apt. 908, New Loriburgh, WA 60241",9831,2024-05-13,53539,radio develop,2,458.26
75719,Christina Sharp,"490 Brown Skyway, Port Patrickchester, SC 84618",58857,2024-03-28,10729,hotel degree,3,800.46
75719,Christina Sharp,"490 Brown Skyway, Port Patrickchester, SC 84618",58857,2024-03-28,68778,rule deal,3,111.08
75719,Christina Sharp,"490 Brown Skyway, Port Patrickchester, SC 84618",58857,2024-03-28,9868,reduce first,3,882.4
75719,Christina Sharp,"490 Brown Skyway, Port Patrickchester, SC 84618",63774,2023-12-21,83028,impact reach,4,880.32
75719,Christina Sharp,"490 Brown Skyway, Port Patrickchester, SC 84618",63774,2023-12-21,44214,himself world,5,597.5
75719,Christina Sharp,"490 Brown Skyway, Port Patrickchester, SC 84618",63774,2023-12-21,99677,game test,3,780.7
1518,John Cohen,"374 Haley Pine, New Cody, WI 83539",79029,2024-01-13,7628,call thought,4,671.06
1518,John Cohen,"374 Haley Pine, New Cody, WI 83539",79029,2024-01-13,83028,impact reach,5,880.32
62721,Lisa Torres,"506 Ronald Estates, Barrettberg, DE 46684",58949,2023-11-22,92810,citizen dream,2,876.79
62721,Lisa Torres,"506 Ronald Estates, Barrettberg, DE 46684",58949,2023-11-22,53539,radio develop,2,458.26
62721,Lisa Torres,"506 Ronald Estates, Barrettberg, DE 46684",58949,2023-11-22,73670,government leg,1,838.01
62721,Lisa Torres,"506 Ronald Estates, Barrettberg, DE 46684",88458,2024-03-09,13892,son how,4,889.57
62721,Lisa Torres,"506 Ronald Estates, Barrettberg, DE 46684",45013,2024-03-03,48648,some onto,5,35.31
27481,Alexander Barker,"039 Smith Club Suite 111, Port Bob, DE 72496",74165,2024-04-02,30480,area world,4,919.25
27481,Alexander Barker,"039 Smith Club Suite 111, Port Bob, DE 72496",74165,2024-04-02,70918,team clear,1,59.7
37279,Leah Lee,"Unit 0685 Box 4811, DPO AE 22431",20928,2023-11-23,29397,level visit,5,346.42
72995,Scott Winters,"99265 Jason Junction, South Matthewburgh, TN 05915",4598,2024-04-02,48648,some onto,5,35.31
72995,Scott Winters,"99265 Jason Junction, South Matthewburgh, TN 05915",4598,2024-04-02,10729,hotel degree,2,800.46
79073,Heidi Dunn,"503 Misty Isle, Amandachester, GU 21955",67579,2023-11-20,68778,rule deal,3,111.08
79073,Heidi Dunn,"503 Misty Isle, Amandachester, GU 21955",67579,2023-11-20,66984,car data,5,115.17
52721,Lindsay Shelton,"316 Norton Ridge, Martinville, WV 50447",2155,2024-09-12,60947,front letter,2,793.46
52721,Lindsay Shelton,"316 Norton Ridge, Martinville, WV 50447",2155,2024-09-12,46813,avoid loss,5,58.75
52721,Lindsay Shelton,"316 Norton Ridge, Martinville, WV 50447",16997,2024-02-26,95733,south interview,5,259.25
52721,Lindsay Shelton,"316 Norton Ridge, Martinville, WV 50447",28728,2024-02-09,58821,yard identify,5,399.75
74730,Joanna Dean,"620 Valerie Creek Suite 212, West Denisechester, AR 78821",88694,2023-11-14,77235,low nor,5,31.54
74730,Joanna Dean,"620 Valerie Creek Suite 212, West Denisechester, AR 78821",88694,2023-11-14,38980,light together,1,757.42
6519,Sara Perez,"7159 Casey Gateway, North Angel, VI 95645",13466,2023-11-25,13433,positive after,5,154.64
6519,Sara Perez,"7159 Casey Gateway, North Angel, VI 95645",13466,2023-11-25,3588,collection child,3,52.62
6519,Sara Perez,"7159 Casey Gateway, North Angel, VI 95645",13466,2023-11-25,67406,threat mission,3,181.57
6519,Sara Perez,"7159 Casey Gateway, North Angel, VI 95645",83185,2024-05-06,91362,training force,3,640.29
6519,Sara Perez,"7159 Casey Gateway, North Angel, VI 95645",83185,2024-05-06,4080,reach physical,2,879.22
6519,Sara Perez,"7159 Casey Gateway, North Angel, VI 95645",83185,2024-05-06,60205,probably character,1,828.78
6519,Sara Perez,"7159 Casey Gateway, North Angel, VI 95645",98185,2024-06-10,38980,light together,4,757.42
6519,Sara Perez,"7159 Casey Gateway, North Angel, VI 95645",98185,2024-06-10,2235,senior work,2,871.17
91860,Kaylee Ward,"42288 Lewis Harbor, West Stevenside, CT 53252",59363,2023-11-03,66829,indicate glass,4,655.22
99243,Clayton Sanchez,"0233 David Alley Apt. 967, Albertview, NC 79115",11970,2024-02-06,73670,government leg,5,838.01
99243,Clayton Sanchez,"0233 David Alley Apt. 967, Albertview, NC 79115",11970,2024-02-06,87329,worker organization,3,990.26
99243,Clayton Sanchez,"0233 David Alley Apt. 967, Albertview, NC 79115",27461,2024-03-04,91472,different state,3,513.47
99243,Clayton Sanchez,"0233 David Alley Apt. 967, Albertview, NC 79115",21392,2023-12-21,2235,senior work,3,871.17
66724,Theresa Smith,"Unit 7566 Box 5912, DPO AE 15898",46045,2024-01-01,87329,worker organization,1,990.26
66724,Theresa Smith,"Unit 7566 Box 5912, DPO AE 15898",46045,2024-01-01,99677,game test,2,780.7
66724,Theresa Smith,"Unit 7566 Box 5912, DPO AE 15898",46045,2024-01-01,2649,themselves person,4,382.08
66724,Theresa Smith,"Unit 7566 Box 5912, DPO AE 15898",59155,2024-09-12,39680,wait phone,2,390.08
66724,Theresa Smith,"Unit 7566 Box 5912, DPO AE 15898",59155,2024-09-12,29940,cause here,4,967.4
66724,Theresa Smith,"Unit 7566 Box 5912, DPO AE 15898",59155,2024-09-12,4459,admit measure,5,737.28
44360,Denise Sims,"994 Benjamin Flats Suite 370, West Jose, SC 71456",56152,2024-06-26,44214,himself world,5,597.5
44360,Denise Sims,"994 Benjamin Flats Suite 370, West Jose, SC 71456",56152,2024-06-26,10729,hotel degree,3,800.46
44360,Denise Sims,"994 Benjamin Flats Suite 370, West Jose, SC 71456",56152,2024-06-26,53539,radio develop,4,458.26
44360,Denise Sims,"994 Benjamin Flats Suite 370, West Jose, SC 71456",4545,2024-02-15,13892,son how,1,889.57
44360,Denise Sims,"994 Benjamin Flats Suite 370, West Jose, SC 71456",51368,2024-07-14,73670,government leg,5,838.01
44360,Denise Sims,"994 Benjamin Flats Suite 370, West Jose, SC 71456",51368,2024-07-14,13073,table after,3,92.97
44360,Denise Sims,"994 Benjamin Flats Suite 370, West Jose, SC 71456",51368,2024-07-14,3588,collection child,2,52.62
49311,David Boyd,"914 Nolan Harbor, Hopkinsport, NM 55206",90548,2024-05-26,285,provide friend,3,162.6
49311,David Boyd,"914 Nolan Harbor, Hopkinsport, NM 55206",26199,2023-11-22,52265,international watch,5,110.68
49311,David Boyd,"914 Nolan Harbor, Hopkinsport, NM 55206",79934,2024-05-24,88584,law within,3,851.28
49311,David Boyd,"914 Nolan Harbor, Hopkinsport, NM 55206",79934,2024-05-24,41078,break of,1,395.12
88027,Alex Price,"90881 Thomas Island Suite 525, Williamsshire, PW 21624",89151,2024-08-15,27041,popular figure,5,483.9
88027,Alex Price,"90881 Thomas Island Suite 525, Williamsshire, PW 21624",6679,2024-06-03,92810,citizen dream,2,876.79
88027,Alex Price,"90881 Thomas Island Suite 525, Williamsshire, PW 21624",6679,2024-06-03,70918,team clear,4,59.7
88027,Alex Price,"90881 Thomas Island Suite 525, Williamsshire, PW 21624",6679,2024-06-03,4080,reach physical,5,879.22
88027,Alex Price,"90881 Thomas Island Suite 525, Williamsshire, PW 21624",44485,2024-02-04,13892,son how,5,889.57
91450,Angela King,"04191 Norris Hills, Philipfort, NJ 49172",56083,2024-03-27,25025,mouth key,4,575.89
91450,Angela King,"04191 Norris Hills, Philipfort, NJ 49172",56083,2024-03-27,91472,different state,5,513.47
91450,Angela King,"04191 Norris Hills, Philipfort, NJ 49172",56083,2024-03-27,4361,follow it,3,328.54
64084,Mark Stewart,"82752 Watkins Plain Suite 694, West Morganfort, MI 15446",13703,2024-09-18,65859,however group,5,565.77
64084,Mark Stewart,"82752 Watkins Plain Suite 694, West Morganfort, MI 15446",13703,2024-09-18,70918,team clear,2,59.7
64084,Mark Stewart,"82752 Watkins Plain Suite 694, West Morganfort, MI 15446",13703,2024-09-18,98054,if top,3,973.01
64084,Mark Stewart,"82752 Watkins Plain Suite 694, West Morganfort, MI 15446",95977,2024-06-03,52265,international watch,2,110.68
64084,Mark Stewart,"82752 Watkins Plain Suite 694, West Morganfort, MI 15446",95977,2024-06-03,2649,themselves person,2,382.08
64084,Mark Stewart,"82752 Watkins Plain Suite 694, West Morganfort, MI 15446",95977,2024-06-03,77235,low nor,4,31.54
64084,Mark Stewart,"82752 Watkins Plain Suite 694, West Morganfort, MI 15446",58563,2024-09-05,65859,however group,4,565.77
64084,Mark Stewart,"82752 Watkins Plain Suite 694, West Morganfort, MI 15446",58563,2024-09-05,7458,could tell,5,311.26
64084,Mark Stewart,"82752 Watkins Plain Suite 694, West Morganfort, MI 15446",58563,2024-09-05,62070,firm it,2,709.83
98424,Amber Mendez,"2497 Cole Lodge, Susanberg, IA 23076",45801,2024-06-16,62070,firm it,3,709.83
98424,Amber Mendez,"2497 Cole Lodge, Susanberg, IA 23076",45801,2024-06-16,52265,international watch,2,110.68
98424,Amber Mendez,"2497 Cole Lodge, Susanberg, IA 23076",25159,2023-11-21,13189,store daughter,1,150.25
98424,Amber Mendez,"2497 Cole Lodge, Susanberg, IA 23076",25159,2023-11-21,2235,senior work,3,871.17
98424,Amber Mendez,"2497 Cole Lodge, Susanberg, IA 23076",25159,2023-11-21,4080,reach physical,4,879.22
98424,Amber Mendez,"2497 Cole Lodge, Susanberg, IA 23076",16613,2024-07-04,38257,few trade,5,712.15
98424,Amber Mendez,"2497 Cole Lodge, Susanberg, IA 23076",16613,2024-07-04,92810,citizen dream,4,876.79
98424,Amber Mendez,"2497 Cole Lodge, Susanberg, IA 23076",16613,2024-07-04,57048,central finish,3,349.0
44440,Kevin Cross,"206 Gonzalez Branch Suite 274, Louisville, WI 49934",17921,2024-01-06,22733,seat your,2,790.71
11390,Sherri Pham,"5220 Tapia Alley, Elizabethside, OK 76747",55735,2024-01-09,95733,south interview,5,259.25
11390,Sherri Pham,"5220 Tapia Alley, Elizabethside, OK 76747",72331,2023-12-21,13073,table after,5,92.97
11390,Sherri Pham,"5220 Tapia Alley, Elizabethside, OK 76747",76505,2023-12-03,285,provide friend,5,162.6
11390,Sherri Pham,"5220 Tapia Alley, Elizabethside, OK 76747",76505,2023-12-03,22733,seat your,2,790.71
11390,Sherri Pham,"5220 Tapia Alley, Elizabethside, OK 76747",76505,2023-12-03,89010,state since,5,773.88
63837,Chelsea Ray,"95410 Justin Extensions Suite 073, West Paulmouth, MH 15088",67129,2024-08-06,13073,table after,5,92.97
63837,Chelsea Ray,"95410 Justin Extensions Suite 073, West Paulmouth, MH 15088",67129,2024-08-06,91472,different state,1,513.47
47586,Haley Mcclure,"632 Samuel Summit, Collinsville, MD 41564",66903,2023-11-24,62170,choice compare,5,506.51
47586,Haley Mcclure,"632 Samuel Summit, Collinsville, MD 41564",66903,2023-11-24,70918,team clear,4,59.7
47586,Haley Mcclure,"632 Samuel Summit, Collinsville, MD 41564",7771,2023-11-29,13433,positive after,5,154.64
47586,Haley Mcclure,"632 Samuel Summit, Collinsville, MD 41564",20437,2024-08-16,99677,game test,5,780.7
89959,Shane Thomas,"93328 Brandon Lodge Suite 419, Reillyview, MA 91683",28166,2024-01-20,98176,single similar,1,698.81
89959,Shane Thomas,"93328 Brandon Lodge Suite 419, Reillyview, MA 91683",28166,2024-01-20,95733,south interview,4,259.25
89959,Shane Thomas,"93328 Brandon Lodge Suite 419, Reillyview, MA 91683",28166,2024-01-20,25025,mouth key,1,575.89
89959,Shane Thomas,"93328 Brandon Lodge Suite 419, Reillyview, MA 91683",67941,2024-05-18,48648,some onto,2,35.31
89959,Shane Thomas,"93328 Brandon Lodge Suite 419, Reillyview, MA 91683",67941,2024-05-18,2235,senior work,3,871.17
89959,Shane Thomas,"93328 Brandon Lodge Suite 419, Reillyview, MA 91683",75005,2024-09-29,37001,draw beyond,4,478.75
89959,Shane Thomas,"93328 Brandon Lodge Suite 419, Reillyview, MA 91683",75005,2024-09-29,92810,citizen dream,5,876.79
11397,Michael Robinson,"0731 Mccullough Loaf Apt. 244, North Gabriel, KY 63789",78833,2024-02-14,68778,rule deal,2,111.08
11397,Michael Robinson,"0731 Mccullough Loaf Apt. 244, North Gabriel, KY 63789",78833,2024-02-14,29940,cause here,1,967.4
11397,Michael Robinson,"0731 Mccullough Loaf Apt. 244, North Gabriel, KY 63789",78833,2024-02-14,44214,himself world,4,597.5
11397,Michael Robinson,"0731 Mccullough Loaf Apt. 244, North Gabriel, KY 63789",33166,2023-12-26,4361,follow it,2,328.54
14541,Brett Anderson,"5201 Wilkinson Landing, West Steven, CA 50658",28261,2024-02-11,67406,threat mission,5,181.57
14541,Brett Anderson,"5201 Wilkinson Landing, West Steven, CA 50658",28261,2024-02-11,91241,Republican police,4,442.29
14541,Brett Anderson,"5201 Wilkinson Landing, West Steven, CA 50658",37607,2023-11-03,4080,reach physical,1,879.22
14541,Brett Anderson,"5201 Wilkinson Landing, West Steven, CA 50658",37607,2023-11-03,49358,west build,5,812.37
14541,Brett Anderson,"5201 Wilkinson Landing, West Steven, CA 50658",37607,2023-11-03,62762,amount seat,2,379.34
76374,James Crawford Jr.,"754 Brian Path Suite 772, Port Rebecca, PA 20289",84428,2024-09-03,91241,Republican police,4,442.29
76374,James Crawford Jr.,"754 Brian Path Suite 772, Port Rebecca, PA 20289",84428,2024-09-03,53539,radio develop,5,458.26
3831,Dawn Gregory,"230 Reyes Causeway Suite 948, Robinsonmouth, FM 49849",14506,2024-03-18,84855,fund account,2,216.8
3831,Dawn Gregory,"230 Reyes Causeway Suite 948, Robinsonmouth, FM 49849",14506,2024-03-18,31737,pull idea,2,700.12
82789,Denise Romero,"1481 James Freeway, West Matthew, DE 94690",75454,2023-11-16,79139,administration success,4,378.98
82789,Denise Romero,"1481 James Freeway, West Matthew, DE 94690",49611,2023-12-28,64717,together system,1,136.24
82789,Denise Romero,"1481 James Freeway, West Matthew, DE 94690",49611,2023-12-28,4080,reach physical,4,879.22
82789,Denise Romero,"1481 James Freeway, West Matthew, DE 94690",49611,2023-12-28,83028,impact reach,1,880.32
49179,Melinda Mcdaniel,"2752 Martin Station, Kurtfort, NH 22407",93362,2024-05-20,70552,blood sister,3,901.46
49179,Melinda Mcdaniel,"2752 Martin Station, Kurtfort, NH 22407",93362,2024-05-20,13892,son how,4,889.57
71941,Jamie Schwartz,"Unit 1490 Box 9772, DPO AE 93435",38068,2024-03-25,95733,south interview,3,259.25
71941,Jamie Schwartz,"Unit 1490 Box 9772, DPO AE 93435",38068,2024-03-25,62170,choice compare,2,506.51
71941,Jamie Schwartz,"Unit 1490 Box 9772, DPO AE 93435",13110,2024-01-16,84927,team allow,5,332.14
71941,Jamie Schwartz,"Unit 1490 Box 9772, DPO AE 93435",36817,2024-03-26,39707,record give,1,271.2
71941,Jamie Schwartz,"Unit 1490 Box 9772, DPO AE 93435",36817,2024-03-26,37534,dark few,3,290.77
71941,Jamie Schwartz,"Unit 1490 Box 9772, DPO AE 93435",36817,2024-03-26,30630,share particularly,3,646.96
93738,Walter Gill,"175 Charles Centers, New Monicaport, ID 86370",48055,2023-12-17,62762,amount seat,5,379.34
78251,Emily Kent,"712 Jessica Mount, Keithborough, VT 41491",86813,2024-04-30,99677,game test,1,780.7
78251,Emily Kent,"712 Jessica Mount, Keithborough, VT 41491",86813,2024-04-30,66986,stay away,2,171.66
14566,Derrick Miller,"72344 Kelly Center, Briantown, RI 39618",43373,2024-02-21,41078,break of,1,395.12
14566,Derrick Miller,"72344 Kelly Center, Briantown, RI 39618",83926,2024-10-06,98176,single similar,3,698.81
14566,Derrick Miller,"72344 Kelly Center, Briantown, RI 39618",83926,2024-10-06,98176,single similar,4,698.81
97114,Cynthia Morgan,"USCGC Haas, FPO AA 10531",86130,2024-04-02,38257,few trade,4,712.15
86457,Robert Johnson,"714 Atkinson Port Apt. 022, Port Pamela, MD 91257",53667,2024-02-29,5537,why day,2,432.56
86457,Robert Johnson,"714 Atkinson Port Apt. 022, Port Pamela, MD 91257",53667,2024-02-29,4361,follow it,4,328.54
53211,Nicholas Griffith,"9684 Allen Burg, Port Danastad, CA 06005",96154,2024-06-29,29940,cause here,5,967.4
99661,Robin Herrera,"5461 Moore Gardens, Orrport, VT 71225",70463,2024-05-20,29940,cause here,3,967.4
99661,Robin Herrera,"5461 Moore Gardens, Orrport, VT 71225",70463,2024-05-20,12041,most easy,3,550.4
99661,Robin Herrera,"5461 Moore Gardens, Orrport, VT 71225",70463,2024-05-20,35740,fly catch,4,408.16
99661,Robin Herrera,"5461 Moore Gardens, Orrport, VT 71225",16927,2024-06-15,3588,collection child,3,52.62
99661,Robin Herrera,"5461 Moore Gardens, Orrport, VT 71225",16927,2024-06-15,30630,share particularly,3,646.96
99661,Robin Herrera,"5461 Moore Gardens, Orrport, VT 71225",16927,2024-06-15,27975,make site,1,254.19
99661,Robin Herrera,"5461 Moore Gardens, Orrport, VT 71225",72733,2024-03-01,99677,game test,3,780.7
61927,Carol Thornton,"0181 Austin Union, East Sean, OK 16829",98831,2024-09-26,12041,most easy,1,550.4
61927,Carol Thornton,"0181 Austin Union, East Sean, OK 16829",82452,2024-09-04,10729,hotel degree,4,800.46
61927,Carol Thornton,"0181 Austin Union, East Sean, OK 16829",82452,2024-09-04,75590,fill condition,5,803.04
61927,Carol Thornton,"0181 Austin Union, East Sean, OK 16829",82452,2024-09-04,13892,son how,5,889.57
61927,Carol Thornton,"0181 Austin Union, East Sean, OK 16829",47190,2024-06-04,35577,tough no,2,41.98
61927,Carol Thornton,"0181 Austin Union, East Sean, OK 16829",47190,2024-06-04,83277,west western,5,882.67
61927,Carol Thornton,"0181 Austin Union, East Sean, OK 16829",47190,2024-06-04,13189,store daughter,5,150.25
88010,Linda Day,"59770 James Skyway, Kaylatown, DE 18878",4749,2023-12-13,22733,seat your,2,790.71
88010,Linda Day,"59770 James Skyway, Kaylatown, DE 18878",4749,2023-12-13,7458,could tell,2,311.26
88010,Linda Day,"59770 James Skyway, Kaylatown, DE 18878",4749,2023-12-13,41078,break of,3,395.12
88010,Linda Day,"59770 James Skyway, Kaylatown, DE 18878",42783,2024-08-31,88584,law within,1,851.28
88010,Linda Day,"59770 James Skyway, Kaylatown, DE 18878",42783,2024-08-31,98054,if top,1,973.01
79748,Tracy Moore,"35969 Sanders Shore, North Brettton, WA 77052",38008,2023-12-28,74698,activity both,2,912.19
63320,Stephen Bradford,"9600 Zhang Estate, Gutierrezville, AS 62203",40157,2024-05-14,38257,few trade,3,712.15
63320,Stephen Bradford,"9600 Zhang Estate, Gutierrezville, AS 62203",40157,2024-05-14,65859,however group,1,565.77
63320,Stephen Bradford,"9600 Zhang Estate, Gutierrezville, AS 62203",40157,2024-05-14,23419,represent which,4,615.92
62753,Christina Jackson,"772 Hanna Expressway Apt. 457, Leonardberg, MO 75700",49093,2024-08-18,97994,remain discussion,4,534.48
62753,Christina Jackson,"772 Hanna Expressway Apt. 457, Leonardberg, MO 75700",49093,2024-08-18,30630,share particularly,1,646.96
62753,Christina Jackson,"772 Hanna Expressway Apt. 457, Leonardberg, MO 75700",76403,2024-09-22,38980,light together,5,757.42
62753,Christina Jackson,"772 Hanna Expressway Apt. 457, Leonardberg, MO 75700",76403,2024-09-22,2235,senior work,3,871.17
62753,Christina Jackson,"772 Hanna Expressway Apt. 457, Leonardberg, MO 75700",76403,2024-09-22,62170,choice compare,3,506.51
62753,Christina Jackson,"772 Hanna Expressway Apt. 457, Leonardberg, MO 75700",85174,2024-02-05,13892,son how,3,889.57
73001,Bruce Lawson,"0350 Miller Summit Suite 865, Nathanmouth, GU 17054",67261,2024-02-29,23504,may somebody,2,223.91
73001,Bruce Lawson,"0350 Miller Summit Suite 865, Nathanmouth, GU 17054",67261,2024-02-29,29397,level visit,5,346.42
73001,Bruce Lawson,"0350 Miller Summit Suite 865, Nathanmouth, GU 17054",67261,2024-02-29,5537,why day,5,432.56
30322,Mark Reynolds,"61213 Ethan Street Apt. 036, Andreaside, GU 79579",25700,2023-12-24,10729,hotel degree,2,800.46
30322,Mark Reynolds,"61213 Ethan Street Apt. 036, Andreaside, GU 79579",42833,2023-11-14,79139,administration success,5,378.98
79587,Edward Barnes,"04045 Walsh Land Suite 316, Darrenmouth, NJ 23533",63167,2024-09-16,12041,most easy,4,550.4
79587,Edward Barnes,"04045 Walsh Land Suite 316, Darrenmouth, NJ 23533",63167,2024-09-16,60947,front letter,3,793.46
79587,Edward Barnes,"04045 Walsh Land Suite 316, Darrenmouth, NJ 23533",63167,2024-09-16,99467,entire clear,4,168.62
3780,Monica Thompson,"0706 Davis Plains, Palmerchester, SC 06418",2469,2024-09-02,25025,mouth key,3,575.89
3780,Monica Thompson,"0706 Davis Plains, Palmerchester, SC 06418",49163,2023-11-28,30630,share particularly,3,646.96
3780,Monica Thompson,"0706 Davis Plains, Palmerchester, SC 06418",49163,2023-11-28,44214,himself world,2,597.5
96729,Yvonne Young,"790 Kramer Ports Apt. 885, New Edward, AS 89750",47956,2024-01-08,13073,table after,2,92.97
96729,Yvonne Young,"790 Kramer Ports Apt. 885, New Edward, AS 89750",47956,2024-01-08,25025,mouth key,4,575.89
96729,Yvonne Young,"790 Kramer Ports Apt. 885, New Edward, AS 89750",47956,2024-01-08,52265,international watch,1,110.68
47043,Samuel Lopez,"9552 Jennifer Crescent Apt. 689, Carolynton, FM 69420",86317,2023-12-06,31737,pull idea,1,700.12
47043,Samuel Lopez,"9552 Jennifer Crescent Apt. 689, Carolynton, FM 69420",86317,2023-12-06,37534,dark few,1,290.77
47043,Samuel Lopez,"9552 Jennifer Crescent Apt. 689, Carolynton, FM 69420",86317,2023-12-06,84855,fund account,2,216.8
91286,Robert Watts,"38367 Heidi Mountains Suite 793, Port Marcus, VT 26872",25996,2023-11-13,88584,law within,1,851.28
91286,Robert Watts,"38367 Heidi Mountains Suite 793, Port Marcus, VT 26872",25996,2023-11-13,59794,economic power,2,146.78
91286,Robert Watts,"38367 Heidi Mountains Suite 793, Port Marcus, VT 26872",25996,2023-11-13,60205,probably character,5,828.78
69438,Taylor Freeman,"43241 Vincent Squares Suite 028, Michaelberg, WA 71684",34148,2024-09-15,31737,pull idea,5,700.12
69438,Taylor Freeman,"43241 Vincent Squares Suite 028, Michaelberg, WA 71684",92389,2024-05-15,13433,positive after,5,154.64
69438,Taylor Freeman,"43241 Vincent Squares Suite 028, Michaelberg, WA 71684",92389,2024-05-15,4361,follow it,5,328.54
69966,John Murphy,"8702 Hayden Plaza, Costaview, OH 75594",12410,2024-05-26,23504,may somebody,4,223.91
69966,John Murphy,"8702 Hayden Plaza, Costaview, OH 75594",12410,2024-05-26,20230,maintain finish,4,37.39
69966,John Murphy,"8702 Hayden Plaza, Costaview, OH 75594",12410,2024-05-26,35618,now suddenly,1,725.87
12314,Jose Wall,"0905 Brandon Pike, Reynoldsville, FM 60035",46868,2024-01-24,25025,mouth key,4,575.89
12314,Jose Wall,"0905 Brandon Pike, Reynoldsville, FM 60035",46868,2024-01-24,66986,stay away,4,171.66
12314,Jose Wall,"0905 Brandon Pike, Reynoldsville, FM 60035",17716,2024-06-27,4361,follow it,3,328.54
33900,Gina Michael,"0676 Johnson Turnpike, Aaronton, VT 66573",24999,2024-04-23,88584,law within,2,851.28
33900,Gina Michael,"0676 Johnson Turnpike, Aaronton, VT 66573",50487,2024-01-16,30630,share particularly,4,646.96
33900,Gina Michael,"0676 Johnson Turnpike, Aaronton, VT 66573",50487,2024-01-16,92810,citizen dream,3,876.79
7511,Nicolas Williams,"USCGC Harper, FPO AA 86523",41464,2024-02-28,74698,activity both,1,912.19
7511,Nicolas Williams,"USCGC Harper, FPO AA 86523",41464,2024-02-28,60205,probably character,3,828.78
7511,Nicolas Williams,"USCGC Harper, FPO AA 86523",41464,2024-02-28,78574,pretty little,1,275.46
7511,Nicolas Williams,"USCGC Harper, FPO AA 86523",23552,2024-01-15,37001,draw beyond,2,478.75
7511,Nicolas Williams,"USCGC Harper, FPO AA 86523",23552,2024-01-15,20230,maintain finish,1,37.39
7511,Nicolas Williams,"USCGC Harper, FPO AA 86523",23552,2024-01-15,87329,worker organization,3,990.26
7511,Nicolas Williams,"USCGC Harper, FPO AA 86523",24607,2023-11-09,27975,make site,4,254.19
74107,Joe Ramsey,"97423 Samuel Walk, Janeland, WV 30254",1911,2024-02-01,13892,son how,4,889.57
74107,Joe Ramsey,"97423 Samuel Walk, Janeland, WV 30254",59210,2024-06-24,92810,citizen dream,1,876.79
74107,Joe Ramsey,"97423 Samuel Walk, Janeland, WV 30254",59210,2024-06-24,38257,few trade,1,712.15
43297,George Aguilar,"10035 Christina Knolls Apt. 509, Hughesmouth, ID 17408",49710,2023-12-22,23504,may somebody,2,223.91
43297,George Aguilar,"10035 Christina Knolls Apt. 509, Hughesmouth, ID 17408",36077,2024-06-07,83028,impact reach,3,880.32
43297,George Aguilar,"10035 Christina Knolls Apt. 509, Hughesmouth, ID 17408",36077,2024-06-07,89010,state since,2,773.88
43297,George Aguilar,"10035 Christina Knolls Apt. 509, Hughesmouth, ID 17408",36077,2024-06-07,60205,probably character,3,828.78
39997,Michael Peters,"469 Casey Cape Apt. 055, Port Micheleburgh, TN 13721",52807,2024-07-25,13892,son how,1,889.57
39997,Michael Peters,"469 Casey Cape Apt. 055, Port Micheleburgh, TN 13721",52807,2024-07-25,41230,church always,1,428.98
39997,Michael Peters,"469 Casey Cape Apt. 055, Port Micheleburgh, TN 13721",52807,2024-07-25,44518,build society,4,303.04
39997,Michael Peters,"469 Casey Cape Apt. 055, Port Micheleburgh, TN 13721",96537,2024-05-02,99467,entire clear,2,168.62
39997,Michael Peters,"469 Casey Cape Apt. 055, Port Micheleburgh, TN 13721",82883,2024-06-03,12041,most easy,5,550.4
39997,Michael Peters,"469 Casey Cape Apt. 055, Port Micheleburgh, TN 13721",82883,2024-06-03,30630,share particularly,3,646.96
39997,Michael Peters,"469 Casey Cape Apt. 055, Port Micheleburgh, TN 13721",82883,2024-06-03,37001,draw beyond,1,478.75
87583,Samuel Byrd,"6358 Pittman Canyon, Carolborough, OK 74352",63192,2024-08-27,62335,man series,4,619.45
87583,Samuel Byrd,"6358 Pittman Canyon, Carolborough, OK 74352",63192,2024-08-27,9868,reduce first,4,882.4
87583,Samuel Byrd,"6358 Pittman Canyon, Carolborough, OK 74352",31010,2024-01-09,60947,front letter,1,793.46
87583,Samuel Byrd,"6358 Pittman Canyon, Carolborough, OK 74352",31010,2024-01-09,89010,state since,3,773.88
87583,Samuel Byrd,"6358 Pittman Canyon, Carolborough, OK 74352",31010,2024-01-09,83277,west western,2,882.67
64715,Eileen Russell,"48136 Hammond Course, South Charlesshire, DC 26571",16332,2024-02-20,35618,now suddenly,4,725.87
64715,Eileen Russell,"48136 Hammond Course, South Charlesshire, DC 26571",16332,2024-02-20,83277,west western,2,882.67
64715,Eileen Russell,"48136 Hammond Course, South Charlesshire, DC 26571",16332,2024-02-20,62170,choice compare,2,506.51
64715,Eileen Russell,"48136 Hammond Course, South Charlesshire, DC 26571",69205,2024-03-24,62170,choice compare,5,506.51
64715,Eileen Russell,"48136 Hammond Course, South Charlesshire, DC 26571",69205,2024-03-24,48648,some onto,4,35.31
64715,Eileen Russell,"48136 Hammond Course, South Charlesshire, DC 26571",94135,2024-08-24,25025,mouth key,3,575.89
64715,Eileen Russell,"48136 Hammond Course, South Charlesshire, DC 26571",94135,2024-08-24,75590,fill condition,1,803.04
64715,Eileen Russell,"48136 Hammond Course, South Charlesshire, DC 26571",94135,2024-08-24,66984,car data,1,115.17
61843,Leslie Richmond,"8996 Meza Motorway Apt. 637, Robertview, MT 32479",6431,2024-03-26,35618,now suddenly,5,725.87
61843,Leslie Richmond,"8996 Meza Motorway Apt. 637, Robertview, MT 32479",6431,2024-03-26,12041,most easy,1,550.4
61843,Leslie Richmond,"8996 Meza Motorway Apt. 637, Robertview, MT 32479",6431,2024-03-26,13892,son how,3,889.57
61843,Leslie Richmond,"8996 Meza Motorway Apt. 637, Robertview, MT 32479",89804,2024-01-05,25217,case full,2,221.27
61843,Leslie Richmond,"8996 Meza Motorway Apt. 637, Robertview, MT 32479",20611,2024-04-23,78574,pretty little,2,275.46
61843,Leslie Richmond,"8996 Meza Motorway Apt. 637, Robertview, MT 32479",20611,2024-04-23,30630,share particularly,1,646.96
61843,Leslie Richmond,"8996 Meza Motorway Apt. 637, Robertview, MT 32479",20611,2024-04-23,84855,fund account,2,216.8
37077,Suzanne Galloway,"98545 Foley Brook Suite 032, Gregoryshire, MO 12253",37770,2024-08-02,24491,friend senior,1,785.53
37077,Suzanne Galloway,"98545 Foley Brook Suite 032, Gregoryshire, MO 12253",37770,2024-08-02,48648,some onto,4,35.31
75675,Sean Holmes,"PSC 1419, Box 8229, APO AE 38370",16842,2024-10-06,49358,west build,4,812.37
75675,Sean Holmes,"PSC 1419, Box 8229, APO AE 38370",16842,2024-10-06,5537,why day,1,432.56
75675,Sean Holmes,"PSC 1419, Box 8229, APO AE 38370",85402,2024-08-23,65859,however group,5,565.77
75675,Sean Holmes,"PSC 1419, Box 8229, APO AE 38370",75576,2024-06-19,92810,citizen dream,3,876.79
75675,Sean Holmes,"PSC 1419, Box 8229, APO AE 38370",75576,2024-06-19,93476,subject court,2,378.85
75675,Sean Holmes,"PSC 1419, Box 8229, APO AE 38370",75576,2024-06-19,73670,government leg,5,838.01
95847,Jacob Clark,"PSC 8993, Box 4235, APO AA 67551",46015,2024-01-23,4459,admit measure,4,737.28
10583,Kayla Smith,"578 Bruce Vista Apt. 902, New Veronicatown, WV 36841",43762,2024-03-01,23504,may somebody,2,223.91
10583,Kayla Smith,"578 Bruce Vista Apt. 902, New Veronicatown, WV 36841",43762,2024-03-01,97994,remain discussion,5,534.48
10583,Kayla Smith,"578 Bruce Vista Apt. 902, New Veronicatown, WV 36841",43762,2024-03-01,34209,new family,2,339.87
54893,Eric Valdez,"436 Joseph Circle Apt. 466, New Richard, AZ 86132",83907,2024-09-04,20230,maintain finish,4,37.39
54893,Eric Valdez,"436 Joseph Circle Apt. 466, New Richard, AZ 86132",27551,2024-01-27,44518,build society,2,303.04
54893,Eric Valdez,"436 Joseph Circle Apt. 466, New Richard, AZ 86132",27551,2024-01-27,25217,case full,3,221.27
82151,Kevin Castaneda,"6037 Arthur Mountain, New Sarahburgh, AS 21530",77250,2023-11-11,52265,international watch,1,110.68
82151,Kevin Castaneda,"6037 Arthur Mountain, New Sarahburgh, AS 21530",77250,2023-11-11,57048,central finish,3,349.0
82151,Kevin Castaneda,"6037 Arthur Mountain, New Sarahburgh, AS 21530",77250,2023-11-11,66223,specific serious,3,763.48
82151,Kevin Castaneda,"6037 Arthur Mountain, New Sarahburgh, AS 21530",12233,2023-12-17,13433,positive after,4,154.64
54632,Sean Thomas,"447 Mcdaniel Mills, Hallberg, AL 68142",66998,2024-07-17,13433,positive after,2,154.64
54632,Sean Thomas,"447 Mcdaniel Mills, Hallberg, AL 68142",66998,2024-07-17,30630,share particularly,5,646.96
54632,Sean Thomas,"447 Mcdaniel Mills, Hallberg, AL 68142",66998,2024-07-17,4361,follow it,1,328.54
5781,Travis Cooke,"31672 Isaac Meadow, Williamsborough, SD 89195",21947,2024-06-24,38257,few trade,2,712.15
5781,Travis Cooke,"31672 Isaac Meadow, Williamsborough, SD 89195",21947,2024-06-24,89010,state since,5,773.88
5781,Travis Cooke,"31672 Isaac Meadow, Williamsborough, SD 89195",72808,2024-05-07,4080,reach physical,3,879.22
5781,Travis Cooke,"31672 Isaac Meadow, Williamsborough, SD 89195",65153,2023-12-16,79139,administration success,1,378.98
5781,Travis Cooke,"31672 Isaac Meadow, Williamsborough, SD 89195",65153,2023-12-16,68778,rule deal,2,111.08
5781,Travis Cooke,"31672 Isaac Meadow, Williamsborough, SD 89195",65153,2023-12-16,58821,yard identify,1,399.75
6697,Jeffrey Cooper,"USNV Hoffman, FPO AP 37602",64790,2024-09-03,38980,light together,5,757.42
6697,Jeffrey Cooper,"USNV Hoffman, FPO AP 37602",64790,2024-09-03,78574,pretty little,4,275.46
6697,Jeffrey Cooper,"USNV Hoffman, FPO AP 37602",64790,2024-09-03,93476,subject court,3,378.85
6697,Jeffrey Cooper,"USNV Hoffman, FPO AP 37602",53852,2024-09-10,24491,friend senior,4,785.53
6697,Jeffrey Cooper,"USNV Hoffman, FPO AP 37602",53852,2024-09-10,66984,car data,3,115.17
6697,Jeffrey Cooper,"USNV Hoffman, FPO AP 37602",53852,2024-09-10,41078,break of,3,395.12
98471,James Castro,"98277 Sandoval Mission, East Daniel, OK 66741",73411,2024-05-28,68778,rule deal,4,111.08
98471,James Castro,"98277 Sandoval Mission, East Daniel, OK 66741",73411,2024-05-28,79139,administration success,4,378.98
98471,James Castro,"98277 Sandoval Mission, East Daniel, OK 66741",73411,2024-05-28,73670,government leg,2,838.01
98471,James Castro,"98277 Sandoval Mission, East Daniel, OK 66741",75170,2024-05-10,24491,friend senior,3,785.53
98471,James Castro,"98277 Sandoval Mission, East Daniel, OK 66741",86583,2024-10-14,38257,few trade,3,712.15
98471,James Castro,"98277 Sandoval Mission, East Daniel, OK 66741",86583,2024-10-14,35618,now suddenly,3,725.87
98471,James Castro,"98277 Sandoval Mission, East Daniel, OK 66741",86583,2024-10-14,2235,senior work,3,871.17
16413,Thomas Brewer,"8164 John Ports, Mariaport, MT 93324",33462,2024-04-18,4459,admit measure,2,737.28
16413,Thomas Brewer,"8164 John Ports, Mariaport, MT 93324",33462,2024-04-18,59794,economic power,4,146.78
16413,Thomas Brewer,"8164 John Ports, Mariaport, MT 93324",91178,2023-11-25,39680,wait phone,4,390.08
21293,Lance Williams,"42028 Katrina Flat, Port Kevin, DC 76782",84833,2024-04-19,77235,low nor,2,31.54
21293,Lance Williams,"42028 Katrina Flat, Port Kevin, DC 76782",84833,2024-04-19,44518,build society,1,303.04
21293,Lance Williams,"42028 Katrina Flat, Port Kevin, DC 76782",84833,2024-04-19,70552,blood sister,5,901.46
76753,Candice Combs,"66133 Drake Road, New Michaelton, AZ 64251",42389,2024-07-06,95733,south interview,3,259.25
18909,Samuel Nelson,"631 Sharon Trail, Lake Amybury, ME 70431",92623,2024-04-27,4459,admit measure,5,737.28
18909,Samuel Nelson,"631 Sharon Trail, Lake Amybury, ME 70431",92623,2024-04-27,93476,subject court,4,378.85
18909,Samuel Nelson,"631 Sharon Trail, Lake Amybury, ME 70431",92623,2024-04-27,95733,south interview,2,259.25
11584,Ryan Rogers,"18533 Randy Squares Suite 594, East Susanfort, NJ 55541",69325,2024-10-12,98176,single similar,4,698.81
11584,Ryan Rogers,"18533 Randy Squares Suite 594, East Susanfort, NJ 55541",69325,2024-10-12,13433,positive after,3,154.64
11584,Ryan Rogers,"18533 Randy Squares Suite 594, East Susanfort, NJ 55541",69325,2024-10-12,91362,training force,1,640.29
11584,Ryan Rogers,"18533 Randy Squares Suite 594, East Susanfort, NJ 55541",6268,2024-08-06,35618,now suddenly,5,725.87
11584,Ryan Rogers,"18533 Randy Squares Suite 594, East Susanfort, NJ 55541",6268,2024-08-06,67406,threat mission,3,181.57
11584,Ryan Rogers,"18533 Randy Squares Suite 594, East Susanfort, NJ 55541",73815,2024-01-08,89010,state since,2,773.88
11584,Ryan Rogers,"18533 Randy Squares Suite 594, East Susanfort, NJ 55541",73815,2024-01-08,37534,dark few,1,290.77
5980,John Davis,"378 Nelson Row, South Tinahaven, NE 88559",27569,2024-09-29,91472,different state,5,513.47
5980,John Davis,"378 Nelson Row, South Tinahaven, NE 88559",27569,2024-09-29,9868,reduce first,3,882.4
5980,John Davis,"378 Nelson Row, South Tinahaven, NE 88559",21794,2024-04-21,62335,man series,4,619.45
5980,John Davis,"378 Nelson Row, South Tinahaven, NE 88559",21794,2024-04-21,98054,if top,4,973.01
5980,John Davis,"378 Nelson Row, South Tinahaven, NE 88559",21794,2024-04-21,22733,seat your,4,790.71
5980,John Davis,"378 Nelson Row, South Tinahaven, NE 88559",97694,2023-11-26,44518,build society,3,303.04
37221,Kevin Bishop,"6458 Tyler Spring, Suzannemouth, AZ 48871",30369,2024-02-14,98054,if top,4,973.01
37221,Kevin Bishop,"6458 Tyler Spring, Suzannemouth, AZ 48871",7581,2023-10-25,57048,central finish,1,349.0
37221,Kevin Bishop,"6458 Tyler Spring, Suzannemouth, AZ 48871",41111,2023-11-03,84855,fund account,5,216.8
37221,Kevin Bishop,"6458 Tyler Spring, Suzannemouth, AZ 48871",41111,2023-11-03,1025,against return,5,307.44
53149,Mr. Thomas Lane,"4235 Davis Walk Suite 270, Nicholaschester, ND 52800",88935,2024-03-10,20230,maintain finish,2,37.39
53149,Mr. Thomas Lane,"4235 Davis Walk Suite 270, Nicholaschester, ND 52800",20017,2024-06-01,85138,same impact,2,638.88
53149,Mr. Thomas Lane,"4235 Davis Walk Suite 270, Nicholaschester, ND 52800",72630,2024-06-20,30480,area world,5,919.25
53149,Mr. Thomas Lane,"4235 Davis Walk Suite 270, Nicholaschester, ND 52800",72630,2024-06-20,91241,Republican police,1,442.29
53149,Mr. Thomas Lane,"4235 Davis Walk Suite 270, Nicholaschester, ND 52800",72630,2024-06-20,62335,man series,2,619.45
54812,Crystal Strong,"56148 Christina Knoll Suite 600, Jonathanmouth, OK 46146",95212,2024-02-12,285,provide friend,5,162.6
54812,Crystal Strong,"56148 Christina Knoll Suite 600, Jonathanmouth, OK 46146",95212,2024-02-12,37001,draw beyond,2,478.75
54812,Crystal Strong,"56148 Christina Knoll Suite 600, Jonathanmouth, OK 46146",86666,2024-04-09,7458,could tell,3,311.26
14417,Samantha Mason,"606 Joseph Islands, Riosshire, MP 36069",37660,2023-10-25,39680,wait phone,3,390.08
14417,Samantha Mason,"606 Joseph Islands, Riosshire, MP 36069",81757,2024-05-25,285,provide friend,2,162.6
97218,Scott Wilson,"04559 Gomez Overpass Suite 286, Lake Karen, CO 93201",43057,2023-12-25,31737,pull idea,1,700.12
97218,Scott Wilson,"04559 Gomez Overpass Suite 286, Lake Karen, CO 93201",43057,2023-12-25,35618,now suddenly,2,725.87
97218,Scott Wilson,"04559 Gomez Overpass Suite 286, Lake Karen, CO 93201",43057,2023-12-25,91472,different state,5,513.47
72920,Mark Wilson,"16472 Julia Estates, Ellentown, MP 67396",89124,2023-11-11,35618,now suddenly,4,725.87
72920,Mark Wilson,"16472 Julia Estates, Ellentown, MP 67396",89126,2024-02-16,84927,team allow,2,332.14
72920,Mark Wilson,"16472 Julia Estates, Ellentown, MP 67396",89126,2024-02-16,70552,blood sister,4,901.46
72920,Mark Wilson,"16472 Julia Estates, Ellentown, MP 67396",49200,2023-11-14,27041,popular figure,1,483.9
72920,Mark Wilson,"16472 Julia Estates, Ellentown, MP 67396",49200,2023-11-14,39707,record give,5,271.2
4997,Brenda Cohen,"USS Brown, FPO AP 57665",29019,2023-11-10,91241,Republican police,3,442.29
4997,Brenda Cohen,"USS Brown, FPO AP 57665",29019,2023-11-10,29940,cause here,5,967.4
94036,Sara Henry,"82065 Keith Station, East Lisa, AK 58922",20399,2024-03-18,78574,pretty little,3,275.46
94036,Sara Henry,"82065 Keith Station, East Lisa, AK 58922",20399,2024-03-18,13189,store daughter,2,150.25
39331,Andre Lewis,"0776 Williams Road, South Paul, OK 21074",71956,2024-10-13,75590,fill condition,3,803.04
39331,Andre Lewis,"0776 Williams Road, South Paul, OK 21074",71956,2024-10-13,38980,light together,3,757.42
39331,Andre Lewis,"0776 Williams Road, South Paul, OK 21074",71956,2024-10-13,30630,share particularly,2,646.96
39331,Andre Lewis,"0776 Williams Road, South Paul, OK 21074",764,2024-05-23,4459,admit measure,4,737.28
95437,Haley Burton,"4208 Young Orchard, New Amybury, AR 94791",13446,2024-02-16,75590,fill condition,3,803.04
70216,Miguel Peck,"74630 Peterson Row Suite 448, Floresbury, MH 96561",75933,2024-04-24,49358,west build,5,812.37
70216,Miguel Peck,"74630 Peterson Row Suite 448, Floresbury, MH 96561",75933,2024-04-24,68778,rule deal,4,111.08
70216,Miguel Peck,"74630 Peterson Row Suite 448, Floresbury, MH 96561",75933,2024-04-24,92810,citizen dream,1,876.79
65361,Louis Clark DDS,"PSC 5156, Box 3246, APO AP 56292",89625,2024-04-14,48648,some onto,4,35.31
65361,Louis Clark DDS,"PSC 5156, Box 3246, APO AP 56292",89625,2024-04-14,70918,team clear,4,59.7
8390,Mary Smith,"88906 Jodi Springs, North Robertside, WY 34478",67265,2024-06-13,67406,threat mission,4,181.57
8390,Mary Smith,"88906 Jodi Springs, North Robertside, WY 34478",67265,2024-06-13,31737,pull idea,4,700.12
8390,Mary Smith,"88906 Jodi Springs, North Robertside, WY 34478",67265,2024-06-13,62170,choice compare,5,506.51
23696,Emily Steele,"60219 Gonzales Alley Suite 236, Michelestad, MP 59779",46268,2024-08-14,41230,church always,2,428.98
23696,Emily Steele,"60219 Gonzales Alley Suite 236, Michelestad, MP 59779",46268,2024-08-14,39680,wait phone,3,390.08
23696,Emily Steele,"60219 Gonzales Alley Suite 236, Michelestad, MP 59779",46268,2024-08-14,24491,friend senior,4,785.53
23696,Emily Steele,"60219 Gonzales Alley Suite 236, Michelestad, MP 59779",80408,2024-01-12,74698,activity both,5,912.19
23696,Emily Steele,"60219 Gonzales Alley Suite 236, Michelestad, MP 59779",80408,2024-01-12,23419,represent which,3,615.92
23696,Emily Steele,"60219 Gonzales Alley Suite 236, Michelestad, MP 59779",64804,2024-04-23,65859,however group,3,565.77
65867,Darlene Hamilton,"USS Hill, FPO AP 84612",14432,2024-08-15,37534,dark few,1,290.77
92836,Brandon Thomas,"9288 Brittney Walk, North Timothy, VT 54177",96687,2024-01-26,25025,mouth key,5,575.89
16026,Madison Spears,"49566 Paula Mill, Powersport, IN 43960",97916,2024-06-02,87329,worker organization,4,990.26
30934,Michael Moore,"6727 Warren Locks, Traceymouth, NH 48750",28078,2024-10-01,29940,cause here,5,967.4
30934,Michael Moore,"6727 Warren Locks, Traceymouth, NH 48750",7029,2024-05-28,70918,team clear,3,59.7
30934,Michael Moore,"6727 Warren Locks, Traceymouth, NH 48750",7029,2024-05-28,13892,son how,1,889.57
30934,Michael Moore,"6727 Warren Locks, Traceymouth, NH 48750",75890,2024-06-17,91241,Republican police,3,442.29
46312,Ashley Martin,"183 Christensen Points, Tonyachester, WV 48839",94484,2024-08-24,29940,cause here,4,967.4
46312,Ashley Martin,"183 Christensen Points, Tonyachester, WV 48839",94484,2024-08-24,3436,he pattern,4,504.18
46312,Ashley Martin,"183 Christensen Points, Tonyachester, WV 48839",43082,2024-02-24,4361,follow it,2,328.54
46312,Ashley Martin,"183 Christensen Points, Tonyachester, WV 48839",43082,2024-02-24,25025,mouth key,2,575.89
46312,Ashley Martin,"183 Christensen Points, Tonyachester, WV 48839",43082,2024-02-24,48648,some onto,4,35.31
46312,Ashley Martin,"183 Christensen Points, Tonyachester, WV 48839",38986,2024-02-09,57048,central finish,2,349.0
69814,Carrie Watts,"52609 Todd Overpass Apt. 161, West Kathystad, MT 89032",15217,2023-11-28,25025,mouth key,2,575.89
69814,Carrie Watts,"52609 Todd Overpass Apt. 161, West Kathystad, MT 89032",15217,2023-11-28,34209,new family,2,339.87
81484,Susan Thomas,"70077 James Square Apt. 268, Carpenterchester, IN 26477",27670,2023-10-24,27041,popular figure,1,483.9
81484,Susan Thomas,"70077 James Square Apt. 268, Carpenterchester, IN 26477",27670,2023-10-24,84855,fund account,4,216.8
78362,Abigail Reed,"209 Laurie Springs, Melissahaven, ME 01399",95252,2023-11-05,23504,may somebody,4,223.91
90107,Jon Hood,"47885 Bradshaw Groves, Wrightshire, DC 36424",79956,2024-08-27,7628,call thought,5,671.06
90107,Jon Hood,"47885 Bradshaw Groves, Wrightshire, DC 36424",97529,2024-05-09,77235,low nor,3,31.54
90107,Jon Hood,"47885 Bradshaw Groves, Wrightshire, DC 36424",97529,2024-05-09,85138,same impact,5,638.88
93226,Brian Phillips,"33940 Jones Shores Apt. 943, East Jessicafurt, NM 12819",46697,2024-07-06,75590,fill condition,3,803.04
93226,Brian Phillips,"33940 Jones Shores Apt. 943, East Jessicafurt, NM 12819",46697,2024-07-06,99677,game test,5,780.7
93226,Brian Phillips,"33940 Jones Shores Apt. 943, East Jessicafurt, NM 12819",7285,2023-11-07,99677,game test,3,780.7
93226,Brian Phillips,"33940 Jones Shores Apt. 943, East Jessicafurt, NM 12819",90216,2024-03-20,49358,west build,4,812.37
78646,Patricia Barber,"29165 Kerr Orchard, East Jose, NM 49785",21108,2024-04-11,23504,may somebody,5,223.91
17508,Tyler Brooks,"31221 Gary Locks Apt. 052, Melanieland, SD 95431",90773,2024-02-08,89010,state since,5,773.88
32240,John Patterson,"07863 Kim Rapids, Port Carolineburgh, NY 25148",69598,2024-10-14,38980,light together,1,757.42
67377,Jill Clark,"23769 Christina Crossing, East Sandra, SD 39804",98603,2024-09-06,66984,car data,4,115.17
67377,Jill Clark,"23769 Christina Crossing, East Sandra, SD 39804",98603,2024-09-06,70918,team clear,3,59.7
67377,Jill Clark,"23769 Christina Crossing, East Sandra, SD 39804",98603,2024-09-06,52265,international watch,3,110.68
67377,Jill Clark,"23769 Christina Crossing, East Sandra, SD 39804",83925,2023-11-18,34209,new family,3,339.87
67377,Jill Clark,"23769 Christina Crossing, East Sandra, SD 39804",83925,2023-11-18,41078,break of,5,395.12
67377,Jill Clark,"23769 Christina Crossing, East Sandra, SD 39804",43950,2024-04-14,7458,could tell,3,311.26
67377,Jill Clark,"23769 Christina Crossing, East Sandra, SD 39804",43950,2024-04-14,93476,subject court,2,378.85
67377,Jill Clark,"23769 Christina Crossing, East Sandra, SD 39804",43950,2024-04-14,58821,yard identify,5,399.75
34862,Grace Peterson,"4972 Fleming View Suite 906, Port Ericberg, KY 24327",88427,2024-03-18,3436,he pattern,4,504.18
34862,Grace Peterson,"4972 Fleming View Suite 906, Port Ericberg, KY 24327",23963,2023-12-25,9868,reduce first,1,882.4
34862,Grace Peterson,"4972 Fleming View Suite 906, Port Ericberg, KY 24327",85988,2023-12-13,4459,admit measure,5,737.28
34862,Grace Peterson,"4972 Fleming View Suite 906, Port Ericberg, KY 24327",85988,2023-12-13,64717,together system,3,136.24
34862,Grace Peterson,"4972 Fleming View Suite 906, Port Ericberg, KY 24327",85988,2023-12-13,4361,follow it,5,328.54
17037,Holly Taylor,"09835 Malone Key, West Tonyaland, NJ 83060",13316,2023-11-18,85138,same impact,2,638.88
36124,Dale Martinez,"867 Daniel Station Suite 197, West Nicholas, GU 55526",93934,2024-02-12,66986,stay away,2,171.66
36124,Dale Martinez,"867 Daniel Station Suite 197, West Nicholas, GU 55526",21129,2024-01-26,74698,activity both,3,912.19
36124,Dale Martinez,"867 Daniel Station Suite 197, West Nicholas, GU 55526",31467,2024-06-18,64717,together system,5,136.24
12683,Jasmin Shelton,"0874 Laura Gardens Apt. 621, West Davidberg, LA 82366",2856,2024-09-06,64717,together system,1,136.24
12683,Jasmin Shelton,"0874 Laura Gardens Apt. 621, West Davidberg, LA 82366",2856,2024-09-06,65859,however group,5,565.77
12683,Jasmin Shelton,"0874 Laura Gardens Apt. 621, West Davidberg, LA 82366",2856,2024-09-06,98054,if top,3,973.01
60693,Maria Taylor,"548 Jonathan Trail, North Eric, CO 01077",34675,2024-08-25,91241,Republican police,5,442.29
60693,Maria Taylor,"548 Jonathan Trail, North Eric, CO 01077",34675,2024-08-25,67406,threat mission,4,181.57
5527,Jeremy Kelly,"64619 Gregory Route Suite 972, Jeffreychester, AL 99775",24757,2024-06-16,10729,hotel degree,1,800.46
5527,Jeremy Kelly,"64619 Gregory Route Suite 972, Jeffreychester, AL 99775",24757,2024-06-16,77235,low nor,1,31.54
5527,Jeremy Kelly,"64619 Gregory Route Suite 972, Jeffreychester, AL 99775",30539,2024-05-01,41230,church always,2,428.98
5527,Jeremy Kelly,"64619 Gregory Route Suite 972, Jeffreychester, AL 99775",30539,2024-05-01,3436,he pattern,2,504.18
5527,Jeremy Kelly,"64619 Gregory Route Suite 972, Jeffreychester, AL 99775",30539,2024-05-01,64717,together system,3,136.24
79967,Tyler Palmer,"32267 Williams Mission Suite 630, Lauratown, MD 48077",7500,2024-09-13,66986,stay away,4,171.66
79967,Tyler Palmer,"32267 Williams Mission Suite 630, Lauratown, MD 48077",36909,2024-07-19,64717,together system,3,136.24
79967,Tyler Palmer,"32267 Williams Mission Suite 630, Lauratown, MD 48077",36909,2024-07-19,62070,firm it,5,709.83
79967,Tyler Palmer,"32267 Williams Mission Suite 630, Lauratown, MD 48077",36909,2024-07-19,46813,avoid loss,5,58.75
11124,William Thompson,"527 Madden Expressway, East Candice, OH 93260",978,2024-04-27,97994,remain discussion,5,534.48
11124,William Thompson,"527 Madden Expressway, East Candice, OH 93260",978,2024-04-27,39680,wait phone,1,390.08
50435,Donald Lee,"100 Brown Ridge Apt. 619, Morganhaven, NC 40894",956,2024-07-10,9868,reduce first,4,882.4
50435,Donald Lee,"100 Brown Ridge Apt. 619, Morganhaven, NC 40894",956,2024-07-10,31737,pull idea,2,700.12
50435,Donald Lee,"100 Brown Ridge Apt. 619, Morganhaven, NC 40894",956,2024-07-10,31238,church interest,3,54.88
50435,Donald Lee,"100 Brown Ridge Apt. 619, Morganhaven, NC 40894",48695,2024-09-14,2649,themselves person,3,382.08
50435,Donald Lee,"100 Brown Ridge Apt. 619, Morganhaven, NC 40894",48695,2024-09-14,84855,fund account,1,216.8
62971,Shelby Beasley,"7008 Summers Drive, Odonnellland, VI 32681",31713,2023-12-25,87329,worker organization,2,990.26
62971,Shelby Beasley,"7008 Summers Drive, Odonnellland, VI 32681",31713,2023-12-25,44214,himself world,1,597.5
62971,Shelby Beasley,"7008 Summers Drive, Odonnellland, VI 32681",31713,2023-12-25,58821,yard identify,1,399.75
62971,Shelby Beasley,"7008 Summers Drive, Odonnellland, VI 32681",55339,2023-12-01,74698,activity both,1,912.19
62971,Shelby Beasley,"7008 Summers Drive, Odonnellland, VI 32681",55339,2023-12-01,44518,build society,3,303.04
55191,John Miller,"92065 Patrick Cliffs Apt. 038, Lake Kara, LA 31071",3584,2023-12-02,25217,case full,1,221.27
55191,John Miller,"92065 Patrick Cliffs Apt. 038, Lake Kara, LA 31071",3584,2023-12-02,65859,however group,4,565.77
55191,John Miller,"92065 Patrick Cliffs Apt. 038, Lake Kara, LA 31071",3584,2023-12-02,14861,social ahead,3,118.94
55191,John Miller,"92065 Patrick Cliffs Apt. 038, Lake Kara, LA 31071",45870,2024-01-06,30480,area world,5,919.25
51189,Pamela Williams,"7847 Jennifer Mill, Sharpshire, TN 40594",10221,2024-06-21,77235,low nor,2,31.54
51189,Pamela Williams,"7847 Jennifer Mill, Sharpshire, TN 40594",10221,2024-06-21,37534,dark few,3,290.77
51189,Pamela Williams,"7847 Jennifer Mill, Sharpshire, TN 40594",54024,2024-09-16,70918,team clear,4,59.7
51189,Pamela Williams,"7847 Jennifer Mill, Sharpshire, TN 40594",54024,2024-09-16,23504,may somebody,2,223.91
51189,Pamela Williams,"7847 Jennifer Mill, Sharpshire, TN 40594",54024,2024-09-16,91472,different state,5,513.47
51189,Pamela Williams,"7847 Jennifer Mill, Sharpshire, TN 40594",78295,2024-10-20,97994,remain discussion,2,534.48
51189,Pamela Williams,"7847 Jennifer Mill, Sharpshire, TN 40594",78295,2024-10-20,41078,break of,3,395.12
51189,Pamela Williams,"7847 Jennifer Mill, Sharpshire, TN 40594",78295,2024-10-20,60205,probably character,3,828.78
10113,Alex Brown,"4847 Susan Stravenue, Port Kaitlynchester, MP 78615",10534,2024-01-05,46813,avoid loss,4,58.75
48702,Hunter Nelson,"5772 Sims Haven, Ryanburgh, PA 77679",25547,2023-11-24,99467,entire clear,3,168.62
48702,Hunter Nelson,"5772 Sims Haven, Ryanburgh, PA 77679",25547,2023-11-24,91362,training force,3,640.29
40923,Noah Taylor,"8777 Philip Square Apt. 287, South Donna, PW 48171",90429,2024-09-01,66986,stay away,1,171.66
40923,Noah Taylor,"8777 Philip Square Apt. 287, South Donna, PW 48171",90429,2024-09-01,85138,same impact,3,638.88
40923,Noah Taylor,"8777 Philip Square Apt. 287, South Donna, PW 48171",90429,2024-09-01,70918,team clear,2,59.7
40923,Noah Taylor,"8777 Philip Square Apt. 287, South Donna, PW 48171",61607,2024-04-23,66984,car data,4,115.17
40923,Noah Taylor,"8777 Philip Square Apt. 287, South Donna, PW 48171",61607,2024-04-23,62335,man series,4,619.45
40923,Noah Taylor,"8777 Philip Square Apt. 287, South Donna, PW 48171",61607,2024-04-23,34209,new family,5,339.87
40923,Noah Taylor,"8777 Philip Square Apt. 287, South Donna, PW 48171",91885,2024-02-04,35577,tough no,2,41.98
40923,Noah Taylor,"8777 Philip Square Apt. 287, South Donna, PW 48171",91885,2024-02-04,48648,some onto,3,35.31
40923,Noah Taylor,"8777 Philip Square Apt. 287, South Donna, PW 48171",91885,2024-02-04,13189,store daughter,5,150.25
67591,Audrey Glover,"9432 Haas Branch Suite 456, Samanthaview, MT 50626",66942,2024-08-01,31737,pull idea,2,700.12
67591,Audrey Glover,"9432 Haas Branch Suite 456, Samanthaview, MT 50626",66942,2024-08-01,14861,social ahead,1,118.94
67591,Audrey Glover,"9432 Haas Branch Suite 456, Samanthaview, MT 50626",91468,2024-03-03,35577,tough no,1,41.98
67591,Audrey Glover,"9432 Haas Branch Suite 456, Samanthaview, MT 50626",91468,2024-03-03,3588,collection child,2,52.62
67591,Audrey Glover,"9432 Haas Branch Suite 456, Samanthaview, MT 50626",96310,2023-10-27,78574,pretty little,3,275.46
67591,Audrey Glover,"9432 Haas Branch Suite 456, Samanthaview, MT 50626",96310,2023-10-27,38980,light together,1,757.42
38069,Brian James,"8798 Hernandez Trace Suite 889, Klineton, IA 57341",76694,2024-05-10,30630,share particularly,1,646.96
38069,Brian James,"8798 Hernandez Trace Suite 889, Klineton, IA 57341",62754,2024-04-03,91472,different state,4,513.47
38069,Brian James,"8798 Hernandez Trace Suite 889, Klineton, IA 57341",62754,2024-04-03,2649,themselves person,3,382.08
38069,Brian James,"8798 Hernandez Trace Suite 889, Klineton, IA 57341",62754,2024-04-03,12041,most easy,1,550.4
96668,Jeffrey Sims,"30915 Denise Tunnel, South Kimberlyville, TX 66572",6280,2023-12-01,53539,radio develop,3,458.26
5901,Glen Hinton,"4481 Beck Parks, Caseyshire, CO 74646",24279,2024-05-18,91241,Republican police,4,442.29
5901,Glen Hinton,"4481 Beck Parks, Caseyshire, CO 74646",24279,2024-05-18,59794,economic power,1,146.78
5901,Glen Hinton,"4481 Beck Parks, Caseyshire, CO 74646",24279,2024-05-18,13073,table after,3,92.97
5901,Glen Hinton,"4481 Beck Parks, Caseyshire, CO 74646",29504,2024-08-08,74698,activity both,5,912.19
46928,Thomas Monroe,"778 Dominguez Haven, Griffithmouth, TN 34988",31236,2024-05-27,24491,friend senior,4,785.53
46928,Thomas Monroe,"778 Dominguez Haven, Griffithmouth, TN 34988",31236,2024-05-27,9991,each edge,4,185.47
46928,Thomas Monroe,"778 Dominguez Haven, Griffithmouth, TN 34988",31236,2024-05-27,7628,call thought,3,671.06
46928,Thomas Monroe,"778 Dominguez Haven, Griffithmouth, TN 34988",7016,2024-05-10,89010,state since,2,773.88
46928,Thomas Monroe,"778 Dominguez Haven, Griffithmouth, TN 34988",7016,2024-05-10,9991,each edge,3,185.47
46928,Thomas Monroe,"778 Dominguez Haven, Griffithmouth, TN 34988",2319,2024-09-08,2235,senior work,3,871.17
46928,Thomas Monroe,"778 Dominguez Haven, Griffithmouth, TN 34988",2319,2024-09-08,2235,senior work,3,871.17
47337,Gloria Petersen,"0442 Kathleen Extensions Suite 398, Millerland, MN 46137",92065,2023-12-08,27041,popular figure,2,483.9
47337,Gloria Petersen,"0442 Kathleen Extensions Suite 398, Millerland, MN 46137",92065,2023-12-08,13073,table after,2,92.97
47337,Gloria Petersen,"0442 Kathleen Extensions Suite 398, Millerland, MN 46137",92065,2023-12-08,79139,administration success,1,378.98
47337,Gloria Petersen,"0442 Kathleen Extensions Suite 398, Millerland, MN 46137",36753,2024-05-18,41078,break of,3,395.12
15500,Elizabeth Aguirre,"USNV Castillo, FPO AE 70184",16957,2023-12-05,35577,tough no,3,41.98
15500,Elizabeth Aguirre,"USNV Castillo, FPO AE 70184",16957,2023-12-05,62070,firm it,1,709.83
15500,Elizabeth Aguirre,"USNV Castillo, FPO AE 70184",16957,2023-12-05,31238,church interest,2,54.88
53717,Felicia Lowe,"1408 Jackson Meadow, Andrewsside, PA 45667",13239,2024-02-25,70166,let candidate,2,337.72
53717,Felicia Lowe,"1408 Jackson Meadow, Andrewsside, PA 45667",95561,2024-01-31,70918,team clear,5,59.7
53717,Felicia Lowe,"1408 Jackson Meadow, Andrewsside, PA 45667",95561,2024-01-31,73670,government leg,2,838.01
62037,Lucas Hampton,"394 Charlene Gardens Apt. 196, Daviesborough, DC 62406",51797,2023-12-13,67406,threat mission,4,181.57
62037,Lucas Hampton,"394 Charlene Gardens Apt. 196, Daviesborough, DC 62406",51797,2023-12-13,60947,front letter,5,793.46
62037,Lucas Hampton,"394 Charlene Gardens Apt. 196, Daviesborough, DC 62406",16047,2024-06-26,35577,tough no,1,41.98
62037,Lucas Hampton,"394 Charlene Gardens Apt. 196, Daviesborough, DC 62406",16047,2024-06-26,3588,collection child,3,52.62
62037,Lucas Hampton,"394 Charlene Gardens Apt. 196, Daviesborough, DC 62406",72968,2024-04-17,13073,table after,3,92.97
62037,Lucas Hampton,"394 Charlene Gardens Apt. 196, Daviesborough, DC 62406",72968,2024-04-17,66829,indicate glass,2,655.22
62037,Lucas Hampton,"394 Charlene Gardens Apt. 196, Daviesborough, DC 62406",72968,2024-04-17,98054,if top,1,973.01
91790,Jack Wong,"PSC 6574, Box 2607, APO AA 10401",10625,2023-11-21,99677,game test,4,780.7
91790,Jack Wong,"PSC 6574, Box 2607, APO AA 10401",10625,2023-11-21,4361,follow it,5,328.54
91790,Jack Wong,"PSC 6574, Box 2607, APO AA 10401",10625,2023-11-21,4459,admit measure,2,737.28
51385,Lisa Moore,"90689 Houston Fort, Courtneyside, OR 05091",53669,2024-08-16,4361,follow it,5,328.54
51385,Lisa Moore,"90689 Houston Fort, Courtneyside, OR 05091",53669,2024-08-16,25025,mouth key,5,575.89
51385,Lisa Moore,"90689 Houston Fort, Courtneyside, OR 05091",53669,2024-08-16,66223,specific serious,4,763.48
51385,Lisa Moore,"90689 Houston Fort, Courtneyside, OR 05091",49133,2024-07-04,74698,activity both,2,912.19
51385,Lisa Moore,"90689 Houston Fort, Courtneyside, OR 05091",49133,2024-07-04,91472,different state,3,513.47
51385,Lisa Moore,"90689 Houston Fort, Courtneyside, OR 05091",49133,2024-07-04,4361,follow it,5,328.54
16451,Chad Stewart,"727 Thomas Fork Apt. 516, North Ashley, HI 02053",23094,2024-10-09,78574,pretty little,2,275.46
16451,Chad Stewart,"727 Thomas Fork Apt. 516, North Ashley, HI 02053",23094,2024-10-09,35577,tough no,1,41.98
16451,Chad Stewart,"727 Thomas Fork Apt. 516, North Ashley, HI 02053",23094,2024-10-09,74698,activity both,3,912.19
16451,Chad Stewart,"727 Thomas Fork Apt. 516, North Ashley, HI 02053",52653,2024-01-23,37001,draw beyond,5,478.75
16451,Chad Stewart,"727 Thomas Fork Apt. 516, North Ashley, HI 02053",52653,2024-01-23,58821,yard identify,5,399.75
16451,Chad Stewart,"727 Thomas Fork Apt. 516, North Ashley, HI 02053",52653,2024-01-23,22733,seat your,5,790.71
16451,Chad Stewart,"727 Thomas Fork Apt. 516, North Ashley, HI 02053",86287,2024-08-02,91472,different state,3,513.47
16451,Chad Stewart,"727 Thomas Fork Apt. 516, North Ashley, HI 02053",86287,2024-08-02,62170,choice compare,4,506.51
16451,Chad Stewart,"727 Thomas Fork Apt. 516, North Ashley, HI 02053",86287,2024-08-02,20230,maintain finish,2,37.39
63759,Alyssa Bates,"402 Marcus Island Suite 312, West David, MS 28557",60674,2024-07-10,98054,if top,5,973.01
63759,Alyssa Bates,"402 Marcus Island Suite 312, West David, MS 28557",60674,2024-07-10,13073,table after,1,92.97
63759,Alyssa Bates,"402 Marcus Island Suite 312, West David, MS 28557",38277,2023-12-07,7628,call thought,5,671.06
63759,Alyssa Bates,"402 Marcus Island Suite 312, West David, MS 28557",38277,2023-12-07,41078,break of,4,395.12
63759,Alyssa Bates,"402 Marcus Island Suite 312, West David, MS 28557",38277,2023-12-07,37534,dark few,1,290.77
63759,Alyssa Bates,"402 Marcus Island Suite 312, West David, MS 28557",6716,2024-09-16,97994,remain discussion,5,534.48
63759,Alyssa Bates,"402 Marcus Island Suite 312, West David, MS 28557",6716,2024-09-16,88584,law within,2,851.28
31152,Edward Howell,"7417 Rhonda Street Suite 790, Timothymouth, NJ 58190",70291,2023-11-22,62335,man series,4,619.45
31152,Edward Howell,"7417 Rhonda Street Suite 790, Timothymouth, NJ 58190",70291,2023-11-22,62762,amount seat,2,379.34
31152,Edward Howell,"7417 Rhonda Street Suite 790, Timothymouth, NJ 58190",65081,2023-11-10,46813,avoid loss,2,58.75
31152,Edward Howell,"7417 Rhonda Street Suite 790, Timothymouth, NJ 58190",65081,2023-11-10,41230,church always,3,428.98
31152,Edward Howell,"7417 Rhonda Street Suite 790, Timothymouth, NJ 58190",65081,2023-11-10,93476,subject court,3,378.85
31152,Edward Howell,"7417 Rhonda Street Suite 790, Timothymouth, NJ 58190",97634,2024-03-05,64717,together system,3,136.24
31152,Edward Howell,"7417 Rhonda Street Suite 790, Timothymouth, NJ 58190",97634,2024-03-05,285,provide friend,2,162.6
73049,Kristen Hoover,"35343 Ronnie Lodge Suite 490, Millerhaven, ND 83765",33180,2024-05-07,84855,fund account,3,216.8
73049,Kristen Hoover,"35343 Ronnie Lodge Suite 490, Millerhaven, ND 83765",33180,2024-05-07,62762,amount seat,2,379.34
73049,Kristen Hoover,"35343 Ronnie Lodge Suite 490, Millerhaven, ND 83765",33180,2024-05-07,13073,table after,5,92.97
73049,Kristen Hoover,"35343 Ronnie Lodge Suite 490, Millerhaven, ND 83765",15835,2024-07-18,62762,amount seat,2,379.34
73049,Kristen Hoover,"35343 Ronnie Lodge Suite 490, Millerhaven, ND 83765",15835,2024-07-18,2649,themselves person,2,382.08
73049,Kristen Hoover,"35343 Ronnie Lodge Suite 490, Millerhaven, ND 83765",40834,2024-02-23,285,provide friend,1,162.6
73049,Kristen Hoover,"35343 Ronnie Lodge Suite 490, Millerhaven, ND 83765",40834,2024-02-23,7458,could tell,2,311.26
99444,Ryan Schroeder,"34541 Washington Cape, North Samanthaberg, CO 21343",55001,2024-03-24,38257,few trade,2,712.15
99444,Ryan Schroeder,"34541 Washington Cape, North Samanthaberg, CO 21343",55001,2024-03-24,37001,draw beyond,1,478.75
99444,Ryan Schroeder,"34541 Washington Cape, North Samanthaberg, CO 21343",55001,2024-03-24,31238,church interest,4,54.88
32066,Destiny Davidson,"805 Rachel Highway, Amandaland, OH 62177",83283,2024-03-31,59794,economic power,3,146.78
32066,Destiny Davidson,"805 Rachel Highway, Amandaland, OH 62177",83283,2024-03-31,87329,worker organization,5,990.26
32066,Destiny Davidson,"805 Rachel Highway, Amandaland, OH 62177",87303,2024-05-25,13433,positive after,5,154.64
59171,Michelle Wood,"38034 Floyd Harbor Suite 226, Hughesberg, FL 05670",48082,2024-03-23,62170,choice compare,5,506.51
59171,Michelle Wood,"38034 Floyd Harbor Suite 226, Hughesberg, FL 05670",48082,2024-03-23,64717,together system,2,136.24
59171,Michelle Wood,"38034 Floyd Harbor Suite 226, Hughesberg, FL 05670",20090,2023-11-11,7458,could tell,3,311.26
59171,Michelle Wood,"38034 Floyd Harbor Suite 226, Hughesberg, FL 05670",64787,2024-09-25,62170,choice compare,1,506.51
59171,Michelle Wood,"38034 Floyd Harbor Suite 226, Hughesberg, FL 05670",64787,2024-09-25,70552,blood sister,4,901.46
59171,Michelle Wood,"38034 Floyd Harbor Suite 226, Hughesberg, FL 05670",64787,2024-09-25,57048,central finish,5,349.0
93927,James Cervantes,"523 John Meadow, Tiffanyberg, PA 75819",79720,2024-09-24,30480,area world,5,919.25
93927,James Cervantes,"523 John Meadow, Tiffanyberg, PA 75819",79720,2024-09-24,13073,table after,5,92.97
93927,James Cervantes,"523 John Meadow, Tiffanyberg, PA 75819",41024,2024-01-11,13189,store daughter,3,150.25
93927,James Cervantes,"523 John Meadow, Tiffanyberg, PA 75819",41024,2024-01-11,91241,Republican police,4,442.29
93927,James Cervantes,"523 John Meadow, Tiffanyberg, PA 75819",41024,2024-01-11,41230,church always,3,428.98
76514,Eric Bowers,"8456 Perez Road Suite 810, East Tanya, WY 99018",99372,2024-06-04,65859,however group,4,565.77
80574,Daniel Weiss,"362 Stark Wall, New Shawn, LA 19465",30470,2023-12-02,2235,senior work,3,871.17
80574,Daniel Weiss,"362 Stark Wall, New Shawn, LA 19465",30470,2023-12-02,66986,stay away,2,171.66
80574,Daniel Weiss,"362 Stark Wall, New Shawn, LA 19465",60965,2024-09-26,57048,central finish,2,349.0
80574,Daniel Weiss,"362 Stark Wall, New Shawn, LA 19465",60965,2024-09-26,93476,subject court,3,378.85
8980,Carlos Smith,"81880 Austin Skyway, Garyhaven, SC 47842",25691,2023-11-05,13189,store daughter,1,150.25
8980,Carlos Smith,"81880 Austin Skyway, Garyhaven, SC 47842",25691,2023-11-05,75590,fill condition,5,803.04
82562,William Boyer,"937 Savannah Village, Alexisfort, AL 46846",93252,2024-09-04,4459,admit measure,4,737.28
82562,William Boyer,"937 Savannah Village, Alexisfort, AL 46846",8165,2024-10-20,52265,international watch,5,110.68
82562,William Boyer,"937 Savannah Village, Alexisfort, AL 46846",21229,2023-12-23,37001,draw beyond,1,478.75
94783,Christopher Carr,"PSC 1539, Box 8294, APO AA 23520",64342,2024-04-17,99677,game test,1,780.7
94783,Christopher Carr,"PSC 1539, Box 8294, APO AA 23520",64342,2024-04-17,77235,low nor,4,31.54
94783,Christopher Carr,"PSC 1539, Box 8294, APO AA 23520",64342,2024-04-17,1025,against return,3,307.44
45311,Cynthia Tyler,"355 Mark Green Apt. 900, Mitchellport, LA 31349",19744,2024-02-25,39680,wait phone,3,390.08
45311,Cynthia Tyler,"355 Mark Green Apt. 900, Mitchellport, LA 31349",19744,2024-02-25,44518,build society,3,303.04
45311,Cynthia Tyler,"355 Mark Green Apt. 900, Mitchellport, LA 31349",76222,2024-06-07,95733,south interview,5,259.25
45311,Cynthia Tyler,"355 Mark Green Apt. 900, Mitchellport, LA 31349",76222,2024-06-07,91241,Republican police,5,442.29
45311,Cynthia Tyler,"355 Mark Green Apt. 900, Mitchellport, LA 31349",76222,2024-06-07,4080,reach physical,3,879.22
40805,Alyssa Clements,"544 Russell Crescent Suite 067, Aliland, MN 29201",94465,2023-11-03,44518,build society,3,303.04
40805,Alyssa Clements,"544 Russell Crescent Suite 067, Aliland, MN 29201",58339,2024-08-14,13073,table after,1,92.97
40805,Alyssa Clements,"544 Russell Crescent Suite 067, Aliland, MN 29201",69780,2024-09-11,35577,tough no,1,41.98
40805,Alyssa Clements,"544 Russell Crescent Suite 067, Aliland, MN 29201",69780,2024-09-11,46813,avoid loss,1,58.75
2813,Tyler Gamble Jr.,"573 Dana Groves Apt. 145, North Alexandra, HI 70157",78122,2024-06-14,62762,amount seat,2,379.34
2813,Tyler Gamble Jr.,"573 Dana Groves Apt. 145, North Alexandra, HI 70157",78122,2024-06-14,30630,share particularly,2,646.96
2813,Tyler Gamble Jr.,"573 Dana Groves Apt. 145, North Alexandra, HI 70157",78122,2024-06-14,31737,pull idea,1,700.12
2813,Tyler Gamble Jr.,"573 Dana Groves Apt. 145, North Alexandra, HI 70157",18799,2024-06-28,62762,amount seat,2,379.34
2813,Tyler Gamble Jr.,"573 Dana Groves Apt. 145, North Alexandra, HI 70157",18799,2024-06-28,99677,game test,3,780.7
2813,Tyler Gamble Jr.,"573 Dana Groves Apt. 145, North Alexandra, HI 70157",18799,2024-06-28,60947,front letter,1,793.46
2813,Tyler Gamble Jr.,"573 Dana Groves Apt. 145, North Alexandra, HI 70157",46377,2023-11-14,13433,positive after,1,154.64
2813,Tyler Gamble Jr.,"573 Dana Groves Apt. 145, North Alexandra, HI 70157",46377,2023-11-14,91362,training force,5,640.29
27251,David Williams,"056 Ronald Throughway, West Michele, NE 81859",82239,2024-03-27,89010,state since,5,773.88
27251,David Williams,"056 Ronald Throughway, West Michele, NE 81859",82239,2024-03-27,31238,church interest,2,54.88
27251,David Williams,"056 Ronald Throughway, West Michele, NE 81859",82239,2024-03-27,3436,he pattern,4,504.18
27251,David Williams,"056 Ronald Throughway, West Michele, NE 81859",21020,2024-04-12,73670,government leg,3,838.01
27251,David Williams,"056 Ronald Throughway, West Michele, NE 81859",20696,2023-10-30,38980,light together,1,757.42
27251,David Williams,"056 Ronald Throughway, West Michele, NE 81859",20696,2023-10-30,37001,draw beyond,3,478.75
27251,David Williams,"056 Ronald Throughway, West Michele, NE 81859",20696,2023-10-30,34209,new family,2,339.87
59032,Ashley Sanders,"2941 Johnson Circle Suite 895, Courtneyborough, WA 90357",46307,2023-10-23,13189,store daughter,2,150.25
59032,Ashley Sanders,"2941 Johnson Circle Suite 895, Courtneyborough, WA 90357",46307,2023-10-23,48648,some onto,4,35.31
59032,Ashley Sanders,"2941 Johnson Circle Suite 895, Courtneyborough, WA 90357",46307,2023-10-23,83277,west western,3,882.67
59032,Ashley Sanders,"2941 Johnson Circle Suite 895, Courtneyborough, WA 90357",6467,2024-05-08,83028,impact reach,3,880.32
24235,Mallory Torres,"USNV Guerrero, FPO AP 80894",72167,2024-10-04,48648,some onto,5,35.31
62737,Colin Romero,"17234 Nelson Expressway Apt. 021, Floresview, CA 47945",18264,2024-05-22,73670,government leg,5,838.01
62737,Colin Romero,"17234 Nelson Expressway Apt. 021, Floresview, CA 47945",18264,2024-05-22,98176,single similar,1,698.81
75457,Rhonda Smith,"PSC 4964, Box 9246, APO AA 36910",54005,2024-07-19,27975,make site,3,254.19
75457,Rhonda Smith,"PSC 4964, Box 9246, APO AA 36910",54005,2024-07-19,85138,same impact,4,638.88
75457,Rhonda Smith,"PSC 4964, Box 9246, APO AA 36910",71443,2024-10-16,97994,remain discussion,5,534.48
75457,Rhonda Smith,"PSC 4964, Box 9246, APO AA 36910",71443,2024-10-16,41230,church always,5,428.98
75457,Rhonda Smith,"PSC 4964, Box 9246, APO AA 36910",80112,2024-10-04,4361,follow it,3,328.54
75457,Rhonda Smith,"PSC 4964, Box 9246, APO AA 36910",80112,2024-10-04,13892,son how,3,889.57
75457,Rhonda Smith,"PSC 4964, Box 9246, APO AA 36910",80112,2024-10-04,35740,fly catch,4,408.16
88342,Steven Miles,"7248 Davis Square, Danielleburgh, PW 85959",10789,2024-03-11,79139,administration success,4,378.98
88342,Steven Miles,"7248 Davis Square, Danielleburgh, PW 85959",10789,2024-03-11,70552,blood sister,4,901.46
88342,Steven Miles,"7248 Davis Square, Danielleburgh, PW 85959",10789,2024-03-11,25025,mouth key,3,575.89
88342,Steven Miles,"7248 Davis Square, Danielleburgh, PW 85959",489,2023-12-08,23504,may somebody,2,223.91
88342,Steven Miles,"7248 Davis Square, Danielleburgh, PW 85959",489,2023-12-08,84927,team allow,4,332.14
88342,Steven Miles,"7248 Davis Square, Danielleburgh, PW 85959",77722,2024-07-04,84927,team allow,5,332.14
88342,Steven Miles,"7248 Davis Square, Danielleburgh, PW 85959",77722,2024-07-04,3436,he pattern,1,504.18
61429,Caitlyn Martinez,"416 Valdez Corners Suite 206, Tateshire, MH 23315",84741,2024-03-28,35740,fly catch,3,408.16
61429,Caitlyn Martinez,"416 Valdez Corners Suite 206, Tateshire, MH 23315",84741,2024-03-28,62170,choice compare,5,506.51
61429,Caitlyn Martinez,"416 Valdez Corners Suite 206, Tateshire, MH 23315",84741,2024-03-28,4459,admit measure,4,737.28
61429,Caitlyn Martinez,"416 Valdez Corners Suite 206, Tateshire, MH 23315",99904,2024-05-12,84927,team allow,5,332.14
16117,John Stevens,"6026 Nelson Parks Apt. 532, Mirandaview, NH 33742",50500,2023-10-31,23419,represent which,4,615.92
16117,John Stevens,"6026 Nelson Parks Apt. 532, Mirandaview, NH 33742",50500,2023-10-31,62070,firm it,3,709.83
16117,John Stevens,"6026 Nelson Parks Apt. 532, Mirandaview, NH 33742",50500,2023-10-31,27041,popular figure,2,483.9
16117,John Stevens,"6026 Nelson Parks Apt. 532, Mirandaview, NH 33742",72677,2024-07-07,13433,positive after,1,154.64
16117,John Stevens,"6026 Nelson Parks Apt. 532, Mirandaview, NH 33742",72677,2024-07-07,93476,subject court,1,378.85
16117,John Stevens,"6026 Nelson Parks Apt. 532, Mirandaview, NH 33742",72677,2024-07-07,62335,man series,1,619.45
22244,Beverly Marshall,"57258 Nicole Gateway Apt. 081, East Edwardfort, NM 70408",36194,2024-07-30,91362,training force,1,640.29
22244,Beverly Marshall,"57258 Nicole Gateway Apt. 081, East Edwardfort, NM 70408",36194,2024-07-30,53539,radio develop,5,458.26
22244,Beverly Marshall,"57258 Nicole Gateway Apt. 081, East Edwardfort, NM 70408",99119,2024-09-18,13073,table after,5,92.97
50860,Matthew Hunt,"Unit 7955 Box 9875, DPO AE 70484",4649,2024-03-02,2235,senior work,2,871.17
50860,Matthew Hunt,"Unit 7955 Box 9875, DPO AE 70484",4649,2024-03-02,53539,radio develop,3,458.26
50860,Matthew Hunt,"Unit 7955 Box 9875, DPO AE 70484",63231,2023-12-25,35740,fly catch,3,408.16
50860,Matthew Hunt,"Unit 7955 Box 9875, DPO AE 70484",63231,2023-12-25,31238,church interest,1,54.88
50860,Matthew Hunt,"Unit 7955 Box 9875, DPO AE 70484",63231,2023-12-25,75590,fill condition,2,803.04
42272,Colleen Black,"6634 Jordan Flats, West Nancyshire, AK 05352",79624,2024-07-19,62762,amount seat,2,379.34
42272,Colleen Black,"6634 Jordan Flats, West Nancyshire, AK 05352",79624,2024-07-19,29397,level visit,1,346.42
42272,Colleen Black,"6634 Jordan Flats, West Nancyshire, AK 05352",17209,2024-10-12,73670,government leg,1,838.01
42272,Colleen Black,"6634 Jordan Flats, West Nancyshire, AK 05352",17209,2024-10-12,35740,fly catch,3,408.16
42272,Colleen Black,"6634 Jordan Flats, West Nancyshire, AK 05352",17209,2024-10-12,34209,new family,4,339.87
42272,Colleen Black,"6634 Jordan Flats, West Nancyshire, AK 05352",88415,2024-03-28,12041,most easy,2,550.4
42272,Colleen Black,"6634 Jordan Flats, West Nancyshire, AK 05352",88415,2024-03-28,38257,few trade,4,712.15
42272,Colleen Black,"6634 Jordan Flats, West Nancyshire, AK 05352",88415,2024-03-28,59794,economic power,1,146.78
2309,Sylvia Whitney,"95460 Elijah Way, Kennethport, ME 00852",15440,2024-09-08,62170,choice compare,1,506.51
2309,Sylvia Whitney,"95460 Elijah Way, Kennethport, ME 00852",15440,2024-09-08,29397,level visit,2,346.42
2309,Sylvia Whitney,"95460 Elijah Way, Kennethport, ME 00852",15440,2024-09-08,31238,church interest,3,54.88
2309,Sylvia Whitney,"95460 Elijah Way, Kennethport, ME 00852",46375,2023-11-25,60947,front letter,4,793.46
31866,Jeff Wood,"334 Russell Run Suite 575, Port Jillland, VA 58006",42185,2024-04-24,24491,friend senior,4,785.53
84100,Emily Sampson,"0838 Tracie Path, Lake Amanda, GU 03961",77443,2024-06-16,2235,senior work,5,871.17
84100,Emily Sampson,"0838 Tracie Path, Lake Amanda, GU 03961",12134,2024-03-15,13892,son how,2,889.57
84100,Emily Sampson,"0838 Tracie Path, Lake Amanda, GU 03961",12134,2024-03-15,99677,game test,5,780.7
70211,Amanda Peterson,"20821 Berry Isle, Morganside, OR 40155",26232,2024-08-11,70918,team clear,2,59.7
70211,Amanda Peterson,"20821 Berry Isle, Morganside, OR 40155",44584,2023-12-09,35740,fly catch,3,408.16
70211,Amanda Peterson,"20821 Berry Isle, Morganside, OR 40155",44584,2023-12-09,35740,fly catch,1,408.16
70211,Amanda Peterson,"20821 Berry Isle, Morganside, OR 40155",44584,2023-12-09,66829,indicate glass,2,655.22
42829,Emily Salinas,"305 Baker Greens, East Jamesport, OH 30141",30258,2024-04-08,66984,car data,3,115.17
42829,Emily Salinas,"305 Baker Greens, East Jamesport, OH 30141",30258,2024-04-08,13433,positive after,3,154.64
42829,Emily Salinas,"305 Baker Greens, East Jamesport, OH 30141",15638,2024-10-16,73670,government leg,4,838.01
75164,Roger Nunez,"550 Donald Brook, North Daniel, KS 99155",55369,2024-09-01,48648,some onto,5,35.31
75164,Roger Nunez,"550 Donald Brook, North Daniel, KS 99155",55369,2024-09-01,88584,law within,3,851.28
75164,Roger Nunez,"550 Donald Brook, North Daniel, KS 99155",55369,2024-09-01,31737,pull idea,4,700.12
75164,Roger Nunez,"550 Donald Brook, North Daniel, KS 99155",97183,2024-04-18,83277,west western,2,882.67
75164,Roger Nunez,"550 Donald Brook, North Daniel, KS 99155",97183,2024-04-18,58821,yard identify,2,399.75
75164,Roger Nunez,"550 Donald Brook, North Daniel, KS 99155",97183,2024-04-18,2649,themselves person,4,382.08
70777,Vanessa Johnson,"2633 Luke Summit Apt. 312, East Sarahside, WI 15590",37121,2023-11-02,2649,themselves person,2,382.08
74361,Anthony Nelson,"836 Wong Turnpike, South Eric, OK 41551",80553,2024-07-17,14861,social ahead,4,118.94
74361,Anthony Nelson,"836 Wong Turnpike, South Eric, OK 41551",80553,2024-07-17,99467,entire clear,2,168.62
74361,Anthony Nelson,"836 Wong Turnpike, South Eric, OK 41551",97703,2023-12-22,99467,entire clear,4,168.62
74361,Anthony Nelson,"836 Wong Turnpike, South Eric, OK 41551",97703,2023-12-22,65859,however group,5,565.77
87225,Kimberly Kelley,"030 James Rue Suite 775, Hooverstad, VA 13853",42211,2024-04-15,30480,area world,4,919.25
87225,Kimberly Kelley,"030 James Rue Suite 775, Hooverstad, VA 13853",42211,2024-04-15,88584,law within,4,851.28
87225,Kimberly Kelley,"030 James Rue Suite 775, Hooverstad, VA 13853",21398,2024-02-07,5537,why day,2,432.56
87225,Kimberly Kelley,"030 James Rue Suite 775, Hooverstad, VA 13853",21398,2024-02-07,27041,popular figure,4,483.9
11648,Clinton Bridges,"79061 Jeffrey Harbors Apt. 208, North Peterport, NY 19146",40513,2024-01-25,44518,build society,3,303.04
11648,Clinton Bridges,"79061 Jeffrey Harbors Apt. 208, North Peterport, NY 19146",40513,2024-01-25,57048,central finish,4,349.0
11648,Clinton Bridges,"79061 Jeffrey Harbors Apt. 208, North Peterport, NY 19146",40513,2024-01-25,37534,dark few,4,290.77
5475,Anthony Velez,"022 Haley Orchard, Erinburgh, ME 86092",9920,2024-07-04,30480,area world,3,919.25
5475,Anthony Velez,"022 Haley Orchard, Erinburgh, ME 86092",9920,2024-07-04,285,provide friend,3,162.6
63650,Tammie Berry,"8487 Mckinney Meadows, Mccormickmouth, MD 95709",62673,2024-06-26,4080,reach physical,5,879.22
63650,Tammie Berry,"8487 Mckinney Meadows, Mccormickmouth, MD 95709",73212,2024-09-26,13433,positive after,1,154.64
63650,Tammie Berry,"8487 Mckinney Meadows, Mccormickmouth, MD 95709",73212,2024-09-26,29397,level visit,3,346.42
63650,Tammie Berry,"8487 Mckinney Meadows, Mccormickmouth, MD 95709",73212,2024-09-26,3436,he pattern,2,504.18
81092,Julie Yates,"074 Elizabeth Inlet Suite 000, Port Julian, AL 42571",55812,2024-02-23,23504,may somebody,3,223.91
81092,Julie Yates,"074 Elizabeth Inlet Suite 000, Port Julian, AL 42571",3947,2024-10-17,53539,radio develop,1,458.26
81092,Julie Yates,"074 Elizabeth Inlet Suite 000, Port Julian, AL 42571",10512,2024-08-14,44214,himself world,2,597.5
85450,Bradley Bates,"0231 Betty Roads Apt. 537, Millershire, DC 08793",75330,2024-05-15,31238,church interest,4,54.88
85450,Bradley Bates,"0231 Betty Roads Apt. 537, Millershire, DC 08793",75330,2024-05-15,4459,admit measure,3,737.28
85450,Bradley Bates,"0231 Betty Roads Apt. 537, Millershire, DC 08793",75330,2024-05-15,66984,car data,2,115.17
85450,Bradley Bates,"0231 Betty Roads Apt. 537, Millershire, DC 08793",11125,2024-10-10,58821,yard identify,4,399.75
85450,Bradley Bates,"0231 Betty Roads Apt. 537, Millershire, DC 08793",11125,2024-10-10,75590,fill condition,2,803.04
85450,Bradley Bates,"0231 Betty Roads Apt. 537, Millershire, DC 08793",11125,2024-10-10,44214,himself world,4,597.5
85450,Bradley Bates,"0231 Betty Roads Apt. 537, Millershire, DC 08793",76096,2024-02-16,70166,let candidate,3,337.72
85450,Bradley Bates,"0231 Betty Roads Apt. 537, Millershire, DC 08793",76096,2024-02-16,91472,different state,5,513.47
85450,Bradley Bates,"0231 Betty Roads Apt. 537, Millershire, DC 08793",76096,2024-02-16,60947,front letter,4,793.46
60648,Wanda Johnson,"68186 Watkins Land Apt. 465, New Arielside, TN 84345",68362,2024-05-21,53539,radio develop,2,458.26
60648,Wanda Johnson,"68186 Watkins Land Apt. 465, New Arielside, TN 84345",68362,2024-05-21,1025,against return,2,307.44
60648,Wanda Johnson,"68186 Watkins Land Apt. 465, New Arielside, TN 84345",95854,2024-03-13,83277,west western,1,882.67
60648,Wanda Johnson,"68186 Watkins Land Apt. 465, New Arielside, TN 84345",95854,2024-03-13,3436,he pattern,3,504.18
60648,Wanda Johnson,"68186 Watkins Land Apt. 465, New Arielside, TN 84345",95854,2024-03-13,29940,cause here,1,967.4
55590,Kristen Marsh,"6703 Mark Greens Apt. 641, Port Gregory, MD 31363",73939,2024-07-22,30480,area world,5,919.25
55590,Kristen Marsh,"6703 Mark Greens Apt. 641, Port Gregory, MD 31363",73939,2024-07-22,64717,together system,4,136.24
4684,Betty Cherry,"525 Ashley Islands Apt. 226, North Robertshire, AL 93027",46907,2023-11-18,97994,remain discussion,4,534.48
4684,Betty Cherry,"525 Ashley Islands Apt. 226, North Robertshire, AL 93027",46907,2023-11-18,66223,specific serious,3,763.48
4684,Betty Cherry,"525 Ashley Islands Apt. 226, North Robertshire, AL 93027",9346,2024-09-02,14861,social ahead,1,118.94
4684,Betty Cherry,"525 Ashley Islands Apt. 226, North Robertshire, AL 93027",74156,2024-04-06,4459,admit measure,3,737.28
92221,Todd Castillo MD,"53308 Travis Mount, South Kimberly, PA 37093",52141,2024-06-21,91362,training force,1,640.29
92221,Todd Castillo MD,"53308 Travis Mount, South Kimberly, PA 37093",52141,2024-06-21,73670,government leg,5,838.01
92221,Todd Castillo MD,"53308 Travis Mount, South Kimberly, PA 37093",52141,2024-06-21,59794,economic power,1,146.78
13887,Joseph Henry,"0435 James Overpass Apt. 805, Murphyfurt, OR 42548",32189,2024-07-20,53539,radio develop,3,458.26
13887,Joseph Henry,"0435 James Overpass Apt. 805, Murphyfurt, OR 42548",32189,2024-07-20,70166,let candidate,4,337.72
13887,Joseph Henry,"0435 James Overpass Apt. 805, Murphyfurt, OR 42548",32189,2024-07-20,30630,share particularly,4,646.96
13887,Joseph Henry,"0435 James Overpass Apt. 805, Murphyfurt, OR 42548",19822,2024-04-27,70552,blood sister,1,901.46
19529,Amy Wise,"9801 Reed Summit, Chandlerburgh, WY 86968",34812,2024-09-28,22733,seat your,2,790.71
19529,Amy Wise,"9801 Reed Summit, Chandlerburgh, WY 86968",34812,2024-09-28,79139,administration success,5,378.98
45732,Cassandra Rodriguez,"48232 Diana Underpass, Loriside, PA 88766",95406,2023-11-16,25025,mouth key,1,575.89
45732,Cassandra Rodriguez,"48232 Diana Underpass, Loriside, PA 88766",95406,2023-11-16,99677,game test,2,780.7
45732,Cassandra Rodriguez,"48232 Diana Underpass, Loriside, PA 88766",95406,2023-11-16,4459,admit measure,5,737.28
97022,Joshua Smith,"553 Yang Centers, Lake Diana, FM 80479",37832,2024-03-04,4459,admit measure,4,737.28
97022,Joshua Smith,"553 Yang Centers, Lake Diana, FM 80479",39184,2023-12-24,29397,level visit,1,346.42
97022,Joshua Smith,"553 Yang Centers, Lake Diana, FM 80479",39184,2023-12-24,65859,however group,5,565.77
97022,Joshua Smith,"553 Yang Centers, Lake Diana, FM 80479",45358,2024-06-11,70918,team clear,3,59.7
97022,Joshua Smith,"553 Yang Centers, Lake Diana, FM 80479",45358,2024-06-11,75590,fill condition,3,803.04
97022,Joshua Smith,"553 Yang Centers, Lake Diana, FM 80479",45358,2024-06-11,64717,together system,1,136.24
90827,David Bell,"2972 Jennings Villages Apt. 645, Skinnerfort, TN 42043",83145,2024-09-04,66223,specific serious,1,763.48
90827,David Bell,"2972 Jennings Villages Apt. 645, Skinnerfort, TN 42043",83145,2024-09-04,10729,hotel degree,5,800.46
90827,David Bell,"2972 Jennings Villages Apt. 645, Skinnerfort, TN 42043",77251,2023-11-30,99677,game test,5,780.7
61619,Alyssa Smith,"7962 Lindsey Pass Suite 914, Kellyshire, IA 14294",24455,2023-12-06,27041,popular figure,1,483.9
61619,Alyssa Smith,"7962 Lindsey Pass Suite 914, Kellyshire, IA 14294",24455,2023-12-06,30480,area world,2,919.25
25607,Cathy Anderson PhD,"400 Erin Shoals Suite 091, Carolynville, NC 47841",51186,2023-11-04,79139,administration success,1,378.98
25607,Cathy Anderson PhD,"400 Erin Shoals Suite 091, Carolynville, NC 47841",51186,2023-11-04,27041,popular figure,1,483.9
25607,Cathy Anderson PhD,"400 Erin Shoals Suite 091, Carolynville, NC 47841",41197,2024-05-29,34209,new family,2,339.87
25607,Cathy Anderson PhD,"400 Erin Shoals Suite 091, Carolynville, NC 47841",41197,2024-05-29,10729,hotel degree,5,800.46
25607,Cathy Anderson PhD,"400 Erin Shoals Suite 091, Carolynville, NC 47841",41197,2024-05-29,12041,most easy,2,550.4
25607,Cathy Anderson PhD,"400 Erin Shoals Suite 091, Carolynville, NC 47841",98233,2024-09-13,87329,worker organization,5,990.26
25607,Cathy Anderson PhD,"400 Erin Shoals Suite 091, Carolynville, NC 47841",98233,2024-09-13,35577,tough no,4,41.98
44052,Amy Hansen,"006 Taylor Heights Apt. 419, Robertsonstad, PW 03619",20931,2024-02-28,57048,central finish,4,349.0
44052,Amy Hansen,"006 Taylor Heights Apt. 419, Robertsonstad, PW 03619",20931,2024-02-28,9868,reduce first,4,882.4
44052,Amy Hansen,"006 Taylor Heights Apt. 419, Robertsonstad, PW 03619",20931,2024-02-28,62170,choice compare,5,506.51
84569,Kurt Johnson,"1615 Jones Knoll Suite 970, North Lindsayhaven, PR 69136",83950,2024-01-10,29940,cause here,5,967.4
84569,Kurt Johnson,"1615 Jones Knoll Suite 970, North Lindsayhaven, PR 69136",60798,2024-06-30,3436,he pattern,5,504.18
84569,Kurt Johnson,"1615 Jones Knoll Suite 970, North Lindsayhaven, PR 69136",60798,2024-06-30,4459,admit measure,5,737.28
84569,Kurt Johnson,"1615 Jones Knoll Suite 970, North Lindsayhaven, PR 69136",60798,2024-06-30,22733,seat your,4,790.71
75732,Cheryl Green,"75723 Mckenzie Well, North Samuel, AZ 40044",20248,2024-07-06,2649,themselves person,4,382.08
75732,Cheryl Green,"75723 Mckenzie Well, North Samuel, AZ 40044",20248,2024-07-06,12041,most easy,5,550.4
75732,Cheryl Green,"75723 Mckenzie Well, North Samuel, AZ 40044",23750,2024-04-28,91241,Republican police,1,442.29
75732,Cheryl Green,"75723 Mckenzie Well, North Samuel, AZ 40044",23750,2024-04-28,62762,amount seat,3,379.34
34445,Sharon Combs,"895 Kelly Loaf Suite 716, East Andrew, ID 88586",21405,2024-03-04,83028,impact reach,1,880.32
34445,Sharon Combs,"895 Kelly Loaf Suite 716, East Andrew, ID 88586",21405,2024-03-04,62335,man series,5,619.45
34445,Sharon Combs,"895 Kelly Loaf Suite 716, East Andrew, ID 88586",21405,2024-03-04,70918,team clear,1,59.7
1034,Alec Nguyen DVM,"75507 Dakota Rapid Apt. 237, New Jamesburgh, WY 37271",67285,2023-12-30,3436,he pattern,2,504.18
1034,Alec Nguyen DVM,"75507 Dakota Rapid Apt. 237, New Jamesburgh, WY 37271",67285,2023-12-30,77235,low nor,4,31.54
1034,Alec Nguyen DVM,"75507 Dakota Rapid Apt. 237, New Jamesburgh, WY 37271",67285,2023-12-30,83277,west western,5,882.67
1034,Alec Nguyen DVM,"75507 Dakota Rapid Apt. 237, New Jamesburgh, WY 37271",39186,2023-10-23,13892,son how,1,889.57
1034,Alec Nguyen DVM,"75507 Dakota Rapid Apt. 237, New Jamesburgh, WY 37271",99216,2024-01-20,64717,together system,1,136.24
1034,Alec Nguyen DVM,"75507 Dakota Rapid Apt. 237, New Jamesburgh, WY 37271",99216,2024-01-20,37001,draw beyond,5,478.75
1034,Alec Nguyen DVM,"75507 Dakota Rapid Apt. 237, New Jamesburgh, WY 37271",99216,2024-01-20,13073,table after,5,92.97
923,Victoria Castro,"3745 Sean Hill Suite 663, East Justinside, ND 15027",92362,2023-10-28,70918,team clear,5,59.7
923,Victoria Castro,"3745 Sean Hill Suite 663, East Justinside, ND 15027",92362,2023-10-28,39680,wait phone,4,390.08
923,Victoria Castro,"3745 Sean Hill Suite 663, East Justinside, ND 15027",92362,2023-10-28,53539,radio develop,2,458.26
923,Victoria Castro,"3745 Sean Hill Suite 663, East Justinside, ND 15027",54096,2024-03-09,73670,government leg,4,838.01
923,Victoria Castro,"3745 Sean Hill Suite 663, East Justinside, ND 15027",54096,2024-03-09,44518,build society,3,303.04
72203,William Neal,"97356 Brian Stream, Wrightbury, NJ 95963",47140,2023-12-15,98176,single similar,1,698.81
72203,William Neal,"97356 Brian Stream, Wrightbury, NJ 95963",47140,2023-12-15,74698,activity both,2,912.19
72203,William Neal,"97356 Brian Stream, Wrightbury, NJ 95963",47140,2023-12-15,83028,impact reach,3,880.32
72203,William Neal,"97356 Brian Stream, Wrightbury, NJ 95963",37862,2024-06-16,65859,however group,4,565.77
72203,William Neal,"97356 Brian Stream, Wrightbury, NJ 95963",37862,2024-06-16,14861,social ahead,1,118.94
13480,Tiffany Sanchez,"467 Medina Junction Apt. 506, Stewartborough, MA 08912",95074,2024-04-03,77235,low nor,1,31.54
13480,Tiffany Sanchez,"467 Medina Junction Apt. 506, Stewartborough, MA 08912",95074,2024-04-03,53539,radio develop,1,458.26
13480,Tiffany Sanchez,"467 Medina Junction Apt. 506, Stewartborough, MA 08912",38672,2023-11-22,78574,pretty little,4,275.46
13480,Tiffany Sanchez,"467 Medina Junction Apt. 506, Stewartborough, MA 08912",38672,2023-11-22,46813,avoid loss,5,58.75
99269,Noah Caldwell,"0984 Keith Alley, Youngchester, KS 62449",3609,2024-09-06,23419,represent which,2,615.92
99269,Noah Caldwell,"0984 Keith Alley, Youngchester, KS 62449",4349,2024-09-09,9991,each edge,4,185.47
99269,Noah Caldwell,"0984 Keith Alley, Youngchester, KS 62449",4349,2024-09-09,70918,team clear,1,59.7
99269,Noah Caldwell,"0984 Keith Alley, Youngchester, KS 62449",4349,2024-09-09,9868,reduce first,1,882.4
18621,Andrew Weeks,"4189 Garcia Light, Lake Christopher, GU 92152",70534,2024-01-28,62762,amount seat,2,379.34
18621,Andrew Weeks,"4189 Garcia Light, Lake Christopher, GU 92152",70534,2024-01-28,13433,positive after,5,154.64
18621,Andrew Weeks,"4189 Garcia Light, Lake Christopher, GU 92152",70534,2024-01-28,9868,reduce first,3,882.4
54677,Emily Love,"1298 Stewart Island Apt. 048, Williamville, MI 57931",31856,2024-02-12,64717,together system,4,136.24
54677,Emily Love,"1298 Stewart Island Apt. 048, Williamville, MI 57931",40014,2024-08-21,91241,Republican police,3,442.29
54677,Emily Love,"1298 Stewart Island Apt. 048, Williamville, MI 57931",40014,2024-08-21,3588,collection child,4,52.62
54677,Emily Love,"1298 Stewart Island Apt. 048, Williamville, MI 57931",40014,2024-08-21,44518,build society,5,303.04
54677,Emily Love,"1298 Stewart Island Apt. 048, Williamville, MI 57931",77757,2024-08-24,62170,choice compare,2,506.51
54677,Emily Love,"1298 Stewart Island Apt. 048, Williamville, MI 57931",77757,2024-08-24,66984,car data,4,115.17
54677,Emily Love,"1298 Stewart Island Apt. 048, Williamville, MI 57931",77757,2024-08-24,60205,probably character,5,828.78
28102,Mike Fowler,"01890 Davis Greens Apt. 315, New Brittneyview, OH 38441",99330,2023-12-04,22733,seat your,1,790.71
28102,Mike Fowler,"01890 Davis Greens Apt. 315, New Brittneyview, OH 38441",70278,2024-04-22,78574,pretty little,3,275.46
99823,Jonathan Jones,"4890 Karina Stream, Pattersonburgh, NM 26811",36608,2023-11-02,99467,entire clear,4,168.62
99823,Jonathan Jones,"4890 Karina Stream, Pattersonburgh, NM 26811",36608,2023-11-02,57048,central finish,2,349.0
99823,Jonathan Jones,"4890 Karina Stream, Pattersonburgh, NM 26811",45531,2023-11-15,95733,south interview,1,259.25
99823,Jonathan Jones,"4890 Karina Stream, Pattersonburgh, NM 26811",45531,2023-11-15,64717,together system,5,136.24
99823,Jonathan Jones,"4890 Karina Stream, Pattersonburgh, NM 26811",17791,2024-08-03,93476,subject court,4,378.85
62092,Frank Harris,"33720 Stevens Spurs Apt. 000, Dominguezborough, DC 88345",14913,2024-04-27,35577,tough no,2,41.98
62092,Frank Harris,"33720 Stevens Spurs Apt. 000, Dominguezborough, DC 88345",183,2024-07-19,2235,senior work,3,871.17
62092,Frank Harris,"33720 Stevens Spurs Apt. 000, Dominguezborough, DC 88345",183,2024-07-19,78574,pretty little,5,275.46
62092,Frank Harris,"33720 Stevens Spurs Apt. 000, Dominguezborough, DC 88345",183,2024-07-19,7628,call thought,1,671.06
14178,Kathleen Torres,"5647 Franklin Villages Apt. 905, Harrishaven, WV 71169",47552,2024-01-25,87329,worker organization,1,990.26
14178,Kathleen Torres,"5647 Franklin Villages Apt. 905, Harrishaven, WV 71169",47552,2024-01-25,70552,blood sister,4,901.46
14178,Kathleen Torres,"5647 Franklin Villages Apt. 905, Harrishaven, WV 71169",47552,2024-01-25,29940,cause here,1,967.4
14178,Kathleen Torres,"5647 Franklin Villages Apt. 905, Harrishaven, WV 71169",68419,2024-04-03,9991,each edge,1,185.47
14178,Kathleen Torres,"5647 Franklin Villages Apt. 905, Harrishaven, WV 71169",68419,2024-04-03,2649,themselves person,3,382.08
14178,Kathleen Torres,"5647 Franklin Villages Apt. 905, Harrishaven, WV 71169",68419,2024-04-03,89010,state since,3,773.88
18803,Jennifer Lawrence,"157 Harper Crossing, Cassandraville, CA 56600",57454,2023-11-05,9991,each edge,3,185.47
18803,Jennifer Lawrence,"157 Harper Crossing, Cassandraville, CA 56600",57454,2023-11-05,98054,if top,3,973.01
18803,Jennifer Lawrence,"157 Harper Crossing, Cassandraville, CA 56600",57454,2023-11-05,35618,now suddenly,1,725.87
18803,Jennifer Lawrence,"157 Harper Crossing, Cassandraville, CA 56600",67774,2024-09-05,2649,themselves person,2,382.08
18803,Jennifer Lawrence,"157 Harper Crossing, Cassandraville, CA 56600",67774,2024-09-05,91241,Republican police,3,442.29
18803,Jennifer Lawrence,"157 Harper Crossing, Cassandraville, CA 56600",67774,2024-09-05,30480,area world,4,919.25
99949,Kara Wilson,"1946 Matthew Trace, Lake Peter, MT 42558",21886,2024-04-14,91362,training force,4,640.29
99949,Kara Wilson,"1946 Matthew Trace, Lake Peter, MT 42558",21886,2024-04-14,35740,fly catch,5,408.16
22267,Mark Parker,"8507 Brian Fort, Jonestown, CT 01188",33715,2024-09-17,2235,senior work,5,871.17
22267,Mark Parker,"8507 Brian Fort, Jonestown, CT 01188",33715,2024-09-17,93476,subject court,3,378.85
22267,Mark Parker,"8507 Brian Fort, Jonestown, CT 01188",33715,2024-09-17,99677,game test,2,780.7
91201,Michael Clark,"Unit 3704 Box 7176, DPO AE 66517",45259,2024-07-26,34209,new family,1,339.87
87390,Kara Rogers,"PSC 7091, Box 0193, APO AP 52813",61418,2023-11-08,93476,subject court,4,378.85
87390,Kara Rogers,"PSC 7091, Box 0193, APO AP 52813",61418,2023-11-08,92810,citizen dream,5,876.79
38813,Anthony Perez,"60130 Young Crest, Martinezstad, MI 65261",6586,2023-12-06,66223,specific serious,4,763.48
38813,Anthony Perez,"60130 Young Crest, Martinezstad, MI 65261",6586,2023-12-06,24491,friend senior,2,785.53
38813,Anthony Perez,"60130 Young Crest, Martinezstad, MI 65261",6586,2023-12-06,84927,team allow,3,332.14
38813,Anthony Perez,"60130 Young Crest, Martinezstad, MI 65261",18491,2024-01-04,62762,amount seat,4,379.34
38813,Anthony Perez,"60130 Young Crest, Martinezstad, MI 65261",18491,2024-01-04,91362,training force,3,640.29
38813,Anthony Perez,"60130 Young Crest, Martinezstad, MI 65261",83564,2024-04-28,93476,subject court,2,378.85
97211,Joshua Collins,"2836 Newman Coves, West Lauraton, RI 67020",4836,2024-01-25,4361,follow it,2,328.54
97211,Joshua Collins,"2836 Newman Coves, West Lauraton, RI 67020",71706,2024-03-26,25025,mouth key,5,575.89
97211,Joshua Collins,"2836 Newman Coves, West Lauraton, RI 67020",71706,2024-03-26,27041,popular figure,2,483.9
97211,Joshua Collins,"2836 Newman Coves, West Lauraton, RI 67020",71706,2024-03-26,9868,reduce first,5,882.4
98307,Sarah Bennett,"2217 Hunter Fords, New Caitlin, GA 07159",519,2024-02-29,87329,worker organization,3,990.26
76645,Joshua Rojas,"779 Miguel Avenue Suite 697, Ramirezborough, HI 62273",22237,2024-06-20,52265,international watch,5,110.68
76645,Joshua Rojas,"779 Miguel Avenue Suite 697, Ramirezborough, HI 62273",56918,2024-05-08,44518,build society,4,303.04
76645,Joshua Rojas,"779 Miguel Avenue Suite 697, Ramirezborough, HI 62273",56918,2024-05-08,37534,dark few,1,290.77
76645,Joshua Rojas,"779 Miguel Avenue Suite 697, Ramirezborough, HI 62273",56918,2024-05-08,2649,themselves person,5,382.08
63403,Edward Pierce,"5246 Hall Lights Suite 926, Weberbury, LA 88832",24605,2024-01-05,44518,build society,2,303.04
63403,Edward Pierce,"5246 Hall Lights Suite 926, Weberbury, LA 88832",24605,2024-01-05,64717,together system,1,136.24
63403,Edward Pierce,"5246 Hall Lights Suite 926, Weberbury, LA 88832",24605,2024-01-05,99467,entire clear,5,168.62
63403,Edward Pierce,"5246 Hall Lights Suite 926, Weberbury, LA 88832",88086,2024-09-15,3588,collection child,5,52.62
63403,Edward Pierce,"5246 Hall Lights Suite 926, Weberbury, LA 88832",88086,2024-09-15,92810,citizen dream,1,876.79
76524,Stephanie Hamilton,"7520 George Ramp Suite 932, Mayomouth, VI 86166",9246,2023-12-03,13073,table after,1,92.97
78034,Susan Hughes,"321 Rose Shoal Apt. 095, Justinhaven, AZ 10080",25375,2024-03-30,5537,why day,2,432.56
78034,Susan Hughes,"321 Rose Shoal Apt. 095, Justinhaven, AZ 10080",25375,2024-03-30,2235,senior work,5,871.17
78034,Susan Hughes,"321 Rose Shoal Apt. 095, Justinhaven, AZ 10080",25375,2024-03-30,20230,maintain finish,4,37.39
78034,Susan Hughes,"321 Rose Shoal Apt. 095, Justinhaven, AZ 10080",29863,2024-10-01,64717,together system,5,136.24
78034,Susan Hughes,"321 Rose Shoal Apt. 095, Justinhaven, AZ 10080",29863,2024-10-01,64717,together system,3,136.24
78034,Susan Hughes,"321 Rose Shoal Apt. 095, Justinhaven, AZ 10080",29863,2024-10-01,75590,fill condition,5,803.04
60122,Sergio Sutton,"04545 Anthony Squares, Lake Johnberg, AS 39472",18099,2024-07-14,27975,make site,5,254.19
60122,Sergio Sutton,"04545 Anthony Squares, Lake Johnberg, AS 39472",18099,2024-07-14,57048,central finish,5,349.0
60122,Sergio Sutton,"04545 Anthony Squares, Lake Johnberg, AS 39472",18099,2024-07-14,3436,he pattern,3,504.18
33679,Timothy Jones,"83279 Gonzalez Wall, South Garymouth, ND 23599",11026,2024-09-03,7458,could tell,5,311.26
33679,Timothy Jones,"83279 Gonzalez Wall, South Garymouth, ND 23599",11026,2024-09-03,23504,may somebody,1,223.91
33679,Timothy Jones,"83279 Gonzalez Wall, South Garymouth, ND 23599",11026,2024-09-03,38980,light together,2,757.42
22592,Alyssa Johnson,"191 Miles Summit, West Robertbury, PW 02436",63545,2024-08-21,98176,single similar,1,698.81
22592,Alyssa Johnson,"191 Miles Summit, West Robertbury, PW 02436",15702,2023-12-16,24491,friend senior,2,785.53
7747,Tommy Torres,"54525 Sara Points, Brittanyburgh, MA 07171",30749,2024-02-26,34209,new family,1,339.87
7747,Tommy Torres,"54525 Sara Points, Brittanyburgh, MA 07171",30749,2024-02-26,60947,front letter,1,793.46
7747,Tommy Torres,"54525 Sara Points, Brittanyburgh, MA 07171",73113,2024-08-24,89010,state since,5,773.88
7747,Tommy Torres,"54525 Sara Points, Brittanyburgh, MA 07171",73113,2024-08-24,35740,fly catch,1,408.16
84751,Monica Garcia,"56339 Matthew Point, Penatown, IA 04325",57971,2024-09-20,7628,call thought,4,671.06
84751,Monica Garcia,"56339 Matthew Point, Penatown, IA 04325",57971,2024-09-20,91472,different state,3,513.47
84751,Monica Garcia,"56339 Matthew Point, Penatown, IA 04325",28043,2024-08-02,39680,wait phone,2,390.08
73998,Rebecca Archer,"249 Jackson Club, East Kimberly, WY 37204",40150,2024-07-05,38980,light together,4,757.42
73998,Rebecca Archer,"249 Jackson Club, East Kimberly, WY 37204",40150,2024-07-05,91472,different state,3,513.47
73998,Rebecca Archer,"249 Jackson Club, East Kimberly, WY 37204",44387,2024-09-20,91362,training force,5,640.29
73998,Rebecca Archer,"249 Jackson Club, East Kimberly, WY 37204",44387,2024-09-20,35740,fly catch,3,408.16
73998,Rebecca Archer,"249 Jackson Club, East Kimberly, WY 37204",44387,2024-09-20,3588,collection child,5,52.62
90237,Christopher Weaver,"984 King Throughway, New Michael, DC 38800",1860,2024-09-30,70552,blood sister,4,901.46
90237,Christopher Weaver,"984 King Throughway, New Michael, DC 38800",1860,2024-09-30,35740,fly catch,2,408.16
75060,James Reynolds,"270 Kyle Fort, Lake Kaylaside, WV 76296",13574,2024-03-10,62335,man series,2,619.45
75060,James Reynolds,"270 Kyle Fort, Lake Kaylaside, WV 76296",13574,2024-03-10,35577,tough no,3,41.98
75060,James Reynolds,"270 Kyle Fort, Lake Kaylaside, WV 76296",10287,2024-09-14,7628,call thought,4,671.06
75060,James Reynolds,"270 Kyle Fort, Lake Kaylaside, WV 76296",10287,2024-09-14,5537,why day,4,432.56
71860,Jeffery Jackson,"297 Rhonda Wall Suite 914, North Nataliemouth, MI 16935",7312,2024-09-14,97994,remain discussion,3,534.48
71860,Jeffery Jackson,"297 Rhonda Wall Suite 914, North Nataliemouth, MI 16935",29205,2024-03-02,31737,pull idea,5,700.12
71860,Jeffery Jackson,"297 Rhonda Wall Suite 914, North Nataliemouth, MI 16935",33983,2024-04-19,9868,reduce first,2,882.4
71860,Jeffery Jackson,"297 Rhonda Wall Suite 914, North Nataliemouth, MI 16935",33983,2024-04-19,97994,remain discussion,5,534.48
71860,Jeffery Jackson,"297 Rhonda Wall Suite 914, North Nataliemouth, MI 16935",33983,2024-04-19,7458,could tell,2,311.26
4729,Timothy Cannon,"08352 Stacy Trail Suite 920, Hartmouth, NM 05762",95382,2024-10-14,12041,most easy,2,550.4
4729,Timothy Cannon,"08352 Stacy Trail Suite 920, Hartmouth, NM 05762",92688,2024-09-12,3588,collection child,4,52.62
4729,Timothy Cannon,"08352 Stacy Trail Suite 920, Hartmouth, NM 05762",92688,2024-09-12,91362,training force,2,640.29
4729,Timothy Cannon,"08352 Stacy Trail Suite 920, Hartmouth, NM 05762",92688,2024-09-12,3588,collection child,3,52.62
4729,Timothy Cannon,"08352 Stacy Trail Suite 920, Hartmouth, NM 05762",83621,2024-08-31,37534,dark few,2,290.77
19874,Michael Dixon,"0592 Sanchez Square, Meganland, FL 33662",72027,2023-12-30,35577,tough no,2,41.98
19874,Michael Dixon,"0592 Sanchez Square, Meganland, FL 33662",72027,2023-12-30,29397,level visit,2,346.42
19874,Michael Dixon,"0592 Sanchez Square, Meganland, FL 33662",72027,2023-12-30,4361,follow it,1,328.54
19874,Michael Dixon,"0592 Sanchez Square, Meganland, FL 33662",63477,2024-03-26,25217,case full,5,221.27
19874,Michael Dixon,"0592 Sanchez Square, Meganland, FL 33662",63477,2024-03-26,52265,international watch,1,110.68
19874,Michael Dixon,"0592 Sanchez Square, Meganland, FL 33662",46286,2024-06-03,35618,now suddenly,1,725.87
99519,Jennifer Hines,"23947 Whitney Throughway Apt. 457, Rebeccatown, IA 93272",79060,2024-06-24,41078,break of,4,395.12
99519,Jennifer Hines,"23947 Whitney Throughway Apt. 457, Rebeccatown, IA 93272",79060,2024-06-24,74698,activity both,4,912.19
31251,Paul Thompson,"80919 Reed Oval Suite 410, West Lonniechester, TX 29668",26496,2024-04-05,84927,team allow,5,332.14
31251,Paul Thompson,"80919 Reed Oval Suite 410, West Lonniechester, TX 29668",26496,2024-04-05,3588,collection child,5,52.62
31251,Paul Thompson,"80919 Reed Oval Suite 410, West Lonniechester, TX 29668",26496,2024-04-05,48648,some onto,5,35.31
31251,Paul Thompson,"80919 Reed Oval Suite 410, West Lonniechester, TX 29668",61670,2024-06-16,7458,could tell,1,311.26
31251,Paul Thompson,"80919 Reed Oval Suite 410, West Lonniechester, TX 29668",61670,2024-06-16,34209,new family,3,339.87
31251,Paul Thompson,"80919 Reed Oval Suite 410, West Lonniechester, TX 29668",55487,2023-11-01,39680,wait phone,5,390.08
31251,Paul Thompson,"80919 Reed Oval Suite 410, West Lonniechester, TX 29668",55487,2023-11-01,20230,maintain finish,4,37.39
78448,Alexander Soto,"39095 Robert Creek Apt. 422, Lake Matthew, WV 32523",20495,2024-07-06,98176,single similar,3,698.81
78448,Alexander Soto,"39095 Robert Creek Apt. 422, Lake Matthew, WV 32523",20495,2024-07-06,58821,yard identify,1,399.75
78448,Alexander Soto,"39095 Robert Creek Apt. 422, Lake Matthew, WV 32523",20495,2024-07-06,7628,call thought,3,671.06
78448,Alexander Soto,"39095 Robert Creek Apt. 422, Lake Matthew, WV 32523",99024,2023-12-08,85138,same impact,4,638.88
78448,Alexander Soto,"39095 Robert Creek Apt. 422, Lake Matthew, WV 32523",99024,2023-12-08,91472,different state,2,513.47
78448,Alexander Soto,"39095 Robert Creek Apt. 422, Lake Matthew, WV 32523",99024,2023-12-08,62170,choice compare,2,506.51
78448,Alexander Soto,"39095 Robert Creek Apt. 422, Lake Matthew, WV 32523",511,2023-11-25,3436,he pattern,3,504.18
78448,Alexander Soto,"39095 Robert Creek Apt. 422, Lake Matthew, WV 32523",511,2023-11-25,62170,choice compare,5,506.51
63028,Kerry Roman,"40906 Bailey Skyway Suite 832, North Linda, MN 48978",5359,2024-01-12,13189,store daughter,3,150.25
15947,Linda Pittman,"3235 Colon Ville, Robinsonberg, KS 94402",27219,2024-05-16,65859,however group,4,565.77
15947,Linda Pittman,"3235 Colon Ville, Robinsonberg, KS 94402",27219,2024-05-16,98176,single similar,4,698.81
38775,Courtney Garcia,"2968 Smith Mews, Lake David, ND 10964",73868,2024-07-17,20230,maintain finish,4,37.39
38775,Courtney Garcia,"2968 Smith Mews, Lake David, ND 10964",73868,2024-07-17,99467,entire clear,1,168.62
38775,Courtney Garcia,"2968 Smith Mews, Lake David, ND 10964",73868,2024-07-17,66829,indicate glass,1,655.22
64417,Michelle Powell,"847 Johnson Rapids, North Cynthialand, MD 69562",47513,2024-04-16,39680,wait phone,3,390.08
64417,Michelle Powell,"847 Johnson Rapids, North Cynthialand, MD 69562",47513,2024-04-16,67406,threat mission,4,181.57
64417,Michelle Powell,"847 Johnson Rapids, North Cynthialand, MD 69562",47513,2024-04-16,13073,table after,1,92.97
64417,Michelle Powell,"847 Johnson Rapids, North Cynthialand, MD 69562",76485,2023-10-25,285,provide friend,3,162.6
365,James Coffey,"8970 Martinez Cliffs Suite 963, New Nicholasberg, FM 17306",2301,2024-08-13,7458,could tell,4,311.26
365,James Coffey,"8970 Martinez Cliffs Suite 963, New Nicholasberg, FM 17306",2301,2024-08-13,4080,reach physical,1,879.22
365,James Coffey,"8970 Martinez Cliffs Suite 963, New Nicholasberg, FM 17306",2301,2024-08-13,66223,specific serious,4,763.48
365,James Coffey,"8970 Martinez Cliffs Suite 963, New Nicholasberg, FM 17306",59895,2024-09-13,13433,positive after,4,154.64
49063,Kevin Allen,"4491 Vargas Cape, Port Mirandabury, NH 50877",87096,2024-03-20,70918,team clear,3,59.7
14598,Ernest Hamilton,"48059 Michael Mountains, Lake Haydentown, UT 56717",24813,2024-08-22,62170,choice compare,5,506.51
14598,Ernest Hamilton,"48059 Michael Mountains, Lake Haydentown, UT 56717",24813,2024-08-22,70552,blood sister,3,901.46
14598,Ernest Hamilton,"48059 Michael Mountains, Lake Haydentown, UT 56717",4061,2023-12-17,37001,draw beyond,5,478.75
14598,Ernest Hamilton,"48059 Michael Mountains, Lake Haydentown, UT 56717",4061,2023-12-17,14861,social ahead,2,118.94
14598,Ernest Hamilton,"48059 Michael Mountains, Lake Haydentown, UT 56717",4061,2023-12-17,95733,south interview,3,259.25
14598,Ernest Hamilton,"48059 Michael Mountains, Lake Haydentown, UT 56717",55445,2023-12-02,91362,training force,4,640.29
24596,Jason Choi,"5020 Bennett Village Apt. 890, Port Daniellefurt, AK 56660",1667,2023-12-27,285,provide friend,1,162.6
13868,Matthew Jones,"USS Mitchell, FPO AP 04406",50360,2024-04-17,39707,record give,3,271.2
13868,Matthew Jones,"USS Mitchell, FPO AP 04406",19580,2024-06-03,91472,different state,1,513.47
13868,Matthew Jones,"USS Mitchell, FPO AP 04406",19580,2024-06-03,35618,now suddenly,3,725.87
13868,Matthew Jones,"USS Mitchell, FPO AP 04406",36951,2023-12-15,4459,admit measure,3,737.28
13868,Matthew Jones,"USS Mitchell, FPO AP 04406",36951,2023-12-15,89010,state since,1,773.88
45519,Debra Douglas,"450 Strickland Pine Apt. 381, Port Lauren, MN 26464",77330,2023-11-16,57048,central finish,3,349.0
45519,Debra Douglas,"450 Strickland Pine Apt. 381, Port Lauren, MN 26464",77330,2023-11-16,57048,central finish,5,349.0
45519,Debra Douglas,"450 Strickland Pine Apt. 381, Port Lauren, MN 26464",94843,2023-11-15,35618,now suddenly,3,725.87
18496,Angela Newton,"952 Hopkins Forges Suite 325, Burtonberg, ME 12542",35439,2023-12-13,29397,level visit,4,346.42
18496,Angela Newton,"952 Hopkins Forges Suite 325, Burtonberg, ME 12542",35439,2023-12-13,87329,worker organization,3,990.26
18496,Angela Newton,"952 Hopkins Forges Suite 325, Burtonberg, ME 12542",59413,2023-11-09,83028,impact reach,4,880.32
18496,Angela Newton,"952 Hopkins Forges Suite 325, Burtonberg, ME 12542",59413,2023-11-09,84855,fund account,2,216.8
18496,Angela Newton,"952 Hopkins Forges Suite 325, Burtonberg, ME 12542",59413,2023-11-09,66984,car data,5,115.17
11044,Michael Wilson,"USS Brown, FPO AE 37708",54788,2023-11-20,14861,social ahead,1,118.94
23141,Megan Martinez,"7350 Jackson Oval Apt. 830, Taylortown, NY 54101",80484,2024-03-25,60205,probably character,4,828.78
23141,Megan Martinez,"7350 Jackson Oval Apt. 830, Taylortown, NY 54101",80484,2024-03-25,3588,collection child,4,52.62
23141,Megan Martinez,"7350 Jackson Oval Apt. 830, Taylortown, NY 54101",14403,2024-04-08,35740,fly catch,5,408.16
13622,Monica Guzman,"9832 Brooke Court Suite 326, Brandymouth, MO 24184",28578,2023-12-08,7628,call thought,5,671.06
13622,Monica Guzman,"9832 Brooke Court Suite 326, Brandymouth, MO 24184",28578,2023-12-08,2235,senior work,3,871.17
13622,Monica Guzman,"9832 Brooke Court Suite 326, Brandymouth, MO 24184",85937,2024-09-09,85138,same impact,4,638.88
83593,Laura Foley,"32282 Jackson Plains Suite 830, Davidborough, AK 19811",5836,2024-08-17,46813,avoid loss,5,58.75
13672,Michele Hernandez,"09079 Marshall Shoals Suite 640, Matthewville, VT 06739",70969,2024-05-09,35618,now suddenly,1,725.87
13672,Michele Hernandez,"09079 Marshall Shoals Suite 640, Matthewville, VT 06739",70969,2024-05-09,93476,subject court,5,378.85
13672,Michele Hernandez,"09079 Marshall Shoals Suite 640, Matthewville, VT 06739",65748,2024-09-02,29397,level visit,2,346.42
13672,Michele Hernandez,"09079 Marshall Shoals Suite 640, Matthewville, VT 06739",65748,2024-09-02,5537,why day,2,432.56
97286,Andrea Woodard,"5519 Johnson Locks Suite 049, Alexatown, LA 01266",72303,2024-06-02,99677,game test,2,780.7
97286,Andrea Woodard,"5519 Johnson Locks Suite 049, Alexatown, LA 01266",72303,2024-06-02,79139,administration success,5,378.98
97286,Andrea Woodard,"5519 Johnson Locks Suite 049, Alexatown, LA 01266",72303,2024-06-02,58821,yard identify,3,399.75
20652,Holly Randolph,"576 Elizabeth Rapid, New Brandonside, VT 59229",45740,2023-10-23,24491,friend senior,2,785.53
20652,Holly Randolph,"576 Elizabeth Rapid, New Brandonside, VT 59229",45740,2023-10-23,91472,different state,1,513.47
20652,Holly Randolph,"576 Elizabeth Rapid, New Brandonside, VT 59229",17715,2024-05-01,65859,however group,5,565.77
47823,Elizabeth Mills,"7403 Tran Harbor Suite 194, Andrewmouth, MS 63498",67168,2024-08-19,35740,fly catch,1,408.16
47823,Elizabeth Mills,"7403 Tran Harbor Suite 194, Andrewmouth, MS 63498",67168,2024-08-19,89010,state since,1,773.88
47823,Elizabeth Mills,"7403 Tran Harbor Suite 194, Andrewmouth, MS 63498",49193,2023-11-03,39680,wait phone,2,390.08
47823,Elizabeth Mills,"7403 Tran Harbor Suite 194, Andrewmouth, MS 63498",49193,2023-11-03,37534,dark few,5,290.77
47823,Elizabeth Mills,"7403 Tran Harbor Suite 194, Andrewmouth, MS 63498",53690,2024-03-11,38257,few trade,5,712.15
47823,Elizabeth Mills,"7403 Tran Harbor Suite 194, Andrewmouth, MS 63498",53690,2024-03-11,79139,administration success,1,378.98
85240,Debra Proctor,"6661 White Expressway Suite 959, Holmesstad, PW 36033",97763,2024-02-14,84855,fund account,3,216.8
85240,Debra Proctor,"6661 White Expressway Suite 959, Holmesstad, PW 36033",97763,2024-02-14,46813,avoid loss,1,58.75
85240,Debra Proctor,"6661 White Expressway Suite 959, Holmesstad, PW 36033",97763,2024-02-14,37001,draw beyond,5,478.75
39001,Joshua Vang,"329 Andersen Harbor Suite 416, Port Georgemouth, GU 31297",45958,2024-01-26,64717,together system,2,136.24
39001,Joshua Vang,"329 Andersen Harbor Suite 416, Port Georgemouth, GU 31297",45958,2024-01-26,89010,state since,4,773.88
39001,Joshua Vang,"329 Andersen Harbor Suite 416, Port Georgemouth, GU 31297",45958,2024-01-26,2649,themselves person,2,382.08
39001,Joshua Vang,"329 Andersen Harbor Suite 416, Port Georgemouth, GU 31297",86044,2024-04-06,4459,admit measure,3,737.28
39001,Joshua Vang,"329 Andersen Harbor Suite 416, Port Georgemouth, GU 31297",86044,2024-04-06,22733,seat your,1,790.71
12860,Melissa Morris,"095 Hill Pines Suite 571, Loribury, CT 84908",6481,2024-05-17,24491,friend senior,4,785.53
12860,Melissa Morris,"095 Hill Pines Suite 571, Loribury, CT 84908",6481,2024-05-17,31238,church interest,4,54.88
12860,Melissa Morris,"095 Hill Pines Suite 571, Loribury, CT 84908",18731,2024-09-11,49358,west build,3,812.37
12860,Melissa Morris,"095 Hill Pines Suite 571, Loribury, CT 84908",18731,2024-09-11,10729,hotel degree,1,800.46
12860,Melissa Morris,"095 Hill Pines Suite 571, Loribury, CT 84908",18731,2024-09-11,41078,break of,2,395.12
12860,Melissa Morris,"095 Hill Pines Suite 571, Loribury, CT 84908",2437,2024-07-04,91241,Republican police,4,442.29
12860,Melissa Morris,"095 Hill Pines Suite 571, Loribury, CT 84908",2437,2024-07-04,31737,pull idea,4,700.12
12860,Melissa Morris,"095 Hill Pines Suite 571, Loribury, CT 84908",2437,2024-07-04,9868,reduce first,4,882.4
32036,Daniel Armstrong,"144 Ochoa Bypass, Reevesmouth, MD 13053",28463,2024-09-03,83028,impact reach,1,880.32
32036,Daniel Armstrong,"144 Ochoa Bypass, Reevesmouth, MD 13053",28463,2024-09-03,35740,fly catch,5,408.16
32036,Daniel Armstrong,"144 Ochoa Bypass, Reevesmouth, MD 13053",28463,2024-09-03,62762,amount seat,2,379.34
32036,Daniel Armstrong,"144 Ochoa Bypass, Reevesmouth, MD 13053",60047,2024-03-16,13892,son how,2,889.57
32036,Daniel Armstrong,"144 Ochoa Bypass, Reevesmouth, MD 13053",60047,2024-03-16,88584,law within,4,851.28
32036,Daniel Armstrong,"144 Ochoa Bypass, Reevesmouth, MD 13053",26982,2023-11-19,37534,dark few,2,290.77
15567,Joshua Jordan,"Unit 6920 Box 3040, DPO AA 09975",23353,2024-03-09,38980,light together,5,757.42
15567,Joshua Jordan,"Unit 6920 Box 3040, DPO AA 09975",23353,2024-03-09,58821,yard identify,3,399.75
15567,Joshua Jordan,"Unit 6920 Box 3040, DPO AA 09975",23353,2024-03-09,38980,light together,4,757.42
39724,Dr. Cynthia Donaldson,"871 James Squares Apt. 586, Taylorstad, GA 55539",13338,2024-04-24,58821,yard identify,1,399.75
39724,Dr. Cynthia Donaldson,"871 James Squares Apt. 586, Taylorstad, GA 55539",23578,2024-02-07,30630,share particularly,5,646.96
39724,Dr. Cynthia Donaldson,"871 James Squares Apt. 586, Taylorstad, GA 55539",23578,2024-02-07,3588,collection child,5,52.62
39724,Dr. Cynthia Donaldson,"871 James Squares Apt. 586, Taylorstad, GA 55539",37983,2024-05-10,31238,church interest,2,54.88
39724,Dr. Cynthia Donaldson,"871 James Squares Apt. 586, Taylorstad, GA 55539",37983,2024-05-10,9991,each edge,5,185.47
39724,Dr. Cynthia Donaldson,"871 James Squares Apt. 586, Taylorstad, GA 55539",37983,2024-05-10,52265,international watch,5,110.68
58449,Dustin Anderson,"1274 Hudson Road, Lake Nathan, DE 39875",75967,2024-04-24,91362,training force,4,640.29
58449,Dustin Anderson,"1274 Hudson Road, Lake Nathan, DE 39875",75967,2024-04-24,285,provide friend,1,162.6
58449,Dustin Anderson,"1274 Hudson Road, Lake Nathan, DE 39875",75967,2024-04-24,10729,hotel degree,5,800.46
58449,Dustin Anderson,"1274 Hudson Road, Lake Nathan, DE 39875",74951,2023-12-03,4080,reach physical,2,879.22
58449,Dustin Anderson,"1274 Hudson Road, Lake Nathan, DE 39875",74951,2023-12-03,30480,area world,5,919.25
58449,Dustin Anderson,"1274 Hudson Road, Lake Nathan, DE 39875",74951,2023-12-03,38980,light together,1,757.42
58449,Dustin Anderson,"1274 Hudson Road, Lake Nathan, DE 39875",40864,2023-12-02,4080,reach physical,4,879.22
58449,Dustin Anderson,"1274 Hudson Road, Lake Nathan, DE 39875",40864,2023-12-02,41230,church always,4,428.98
13558,Angela Vega,"127 Wright Locks Suite 680, Suttonmouth, VA 69729",48232,2024-03-22,89010,state since,2,773.88
13558,Angela Vega,"127 Wright Locks Suite 680, Suttonmouth, VA 69729",48232,2024-03-22,37001,draw beyond,1,478.75
13558,Angela Vega,"127 Wright Locks Suite 680, Suttonmouth, VA 69729",48232,2024-03-22,4080,reach physical,2,879.22
13558,Angela Vega,"127 Wright Locks Suite 680, Suttonmouth, VA 69729",46716,2024-04-02,13892,son how,3,889.57
13558,Angela Vega,"127 Wright Locks Suite 680, Suttonmouth, VA 69729",46716,2024-04-02,4080,reach physical,1,879.22
13558,Angela Vega,"127 Wright Locks Suite 680, Suttonmouth, VA 69729",56925,2024-06-06,97994,remain discussion,2,534.48
13558,Angela Vega,"127 Wright Locks Suite 680, Suttonmouth, VA 69729",56925,2024-06-06,12041,most easy,2,550.4
13558,Angela Vega,"127 Wright Locks Suite 680, Suttonmouth, VA 69729",56925,2024-06-06,89010,state since,5,773.88
11742,John Garcia,"51621 Todd Springs Suite 387, Schwartzchester, MI 26918",62456,2024-03-01,25217,case full,3,221.27
11742,John Garcia,"51621 Todd Springs Suite 387, Schwartzchester, MI 26918",62456,2024-03-01,285,provide friend,1,162.6
99411,Mrs. Erin Gordon DDS,"USS Webster, FPO AE 43377",15898,2024-04-27,23504,may somebody,4,223.91
99411,Mrs. Erin Gordon DDS,"USS Webster, FPO AE 43377",13855,2024-05-20,4459,admit measure,4,737.28
37648,Derek Castaneda,"805 Miller Brook Suite 389, Lake Peter, CO 32338",11131,2024-03-02,3588,collection child,3,52.62
37648,Derek Castaneda,"805 Miller Brook Suite 389, Lake Peter, CO 32338",11131,2024-03-02,91241,Republican police,1,442.29
37648,Derek Castaneda,"805 Miller Brook Suite 389, Lake Peter, CO 32338",11131,2024-03-02,3436,he pattern,5,504.18
37648,Derek Castaneda,"805 Miller Brook Suite 389, Lake Peter, CO 32338",50057,2024-02-06,70166,let candidate,2,337.72
17032,Jordan Obrien,"4356 Kevin Corners Suite 472, West Andrea, WV 02820",79579,2024-03-27,95733,south interview,4,259.25
17032,Jordan Obrien,"4356 Kevin Corners Suite 472, West Andrea, WV 02820",79579,2024-03-27,38980,light together,1,757.42
17032,Jordan Obrien,"4356 Kevin Corners Suite 472, West Andrea, WV 02820",96077,2024-04-23,79139,administration success,2,378.98
17032,Jordan Obrien,"4356 Kevin Corners Suite 472, West Andrea, WV 02820",96077,2024-04-23,7628,call thought,5,671.06
17032,Jordan Obrien,"4356 Kevin Corners Suite 472, West Andrea, WV 02820",2504,2024-03-01,75590,fill condition,5,803.04
17032,Jordan Obrien,"4356 Kevin Corners Suite 472, West Andrea, WV 02820",2504,2024-03-01,20230,maintain finish,1,37.39
17032,Jordan Obrien,"4356 Kevin Corners Suite 472, West Andrea, WV 02820",2504,2024-03-01,88584,law within,4,851.28
87089,Marie Flores,"790 Wagner Walk, Bradleyhaven, PR 23620",774,2023-12-19,77235,low nor,1,31.54
87089,Marie Flores,"790 Wagner Walk, Bradleyhaven, PR 23620",774,2023-12-19,285,provide friend,3,162.6
87089,Marie Flores,"790 Wagner Walk, Bradleyhaven, PR 23620",774,2023-12-19,93476,subject court,4,378.85
87089,Marie Flores,"790 Wagner Walk, Bradleyhaven, PR 23620",74860,2024-04-21,64717,together system,1,136.24
87089,Marie Flores,"790 Wagner Walk, Bradleyhaven, PR 23620",83375,2024-05-13,24491,friend senior,4,785.53
13259,Robert Rhodes,"USNS Davis, FPO AA 91797",84157,2024-03-25,31238,church interest,3,54.88
13259,Robert Rhodes,"USNS Davis, FPO AA 91797",69729,2024-01-07,60205,probably character,1,828.78
13259,Robert Rhodes,"USNS Davis, FPO AA 91797",69729,2024-01-07,37534,dark few,1,290.77
13259,Robert Rhodes,"USNS Davis, FPO AA 91797",69729,2024-01-07,5537,why day,2,432.56
13259,Robert Rhodes,"USNS Davis, FPO AA 91797",17903,2024-05-20,285,provide friend,4,162.6
13259,Robert Rhodes,"USNS Davis, FPO AA 91797",17903,2024-05-20,75590,fill condition,3,803.04
43697,Caitlin Eaton,"5379 Bass Burgs Apt. 854, Morganberg, MP 74118",67524,2024-02-20,84855,fund account,3,216.8
43697,Caitlin Eaton,"5379 Bass Burgs Apt. 854, Morganberg, MP 74118",67524,2024-02-20,92810,citizen dream,3,876.79
43697,Caitlin Eaton,"5379 Bass Burgs Apt. 854, Morganberg, MP 74118",67524,2024-02-20,99677,game test,4,780.7
44075,Matthew Ho,"6600 Hanson Orchard Suite 875, North Cody, AK 74956",199,2024-02-18,2649,themselves person,3,382.08
44075,Matthew Ho,"6600 Hanson Orchard Suite 875, North Cody, AK 74956",94504,2024-04-21,59794,economic power,2,146.78
44075,Matthew Ho,"6600 Hanson Orchard Suite 875, North Cody, AK 74956",51787,2023-12-29,39707,record give,5,271.2
44075,Matthew Ho,"6600 Hanson Orchard Suite 875, North Cody, AK 74956",51787,2023-12-29,66223,specific serious,1,763.48
44075,Matthew Ho,"6600 Hanson Orchard Suite 875, North Cody, AK 74956",51787,2023-12-29,38980,light together,4,757.42
90587,Karen Roth,"9641 Collier Valleys, Juanborough, DC 25221",78149,2024-07-19,4459,admit measure,2,737.28
90587,Karen Roth,"9641 Collier Valleys, Juanborough, DC 25221",78149,2024-07-19,37001,draw beyond,2,478.75
90587,Karen Roth,"9641 Collier Valleys, Juanborough, DC 25221",78149,2024-07-19,60205,probably character,5,828.78
90587,Karen Roth,"9641 Collier Valleys, Juanborough, DC 25221",39178,2024-04-07,70918,team clear,3,59.7
90587,Karen Roth,"9641 Collier Valleys, Juanborough, DC 25221",39178,2024-04-07,48648,some onto,1,35.31
90587,Karen Roth,"9641 Collier Valleys, Juanborough, DC 25221",48171,2024-06-19,70552,blood sister,1,901.46
90587,Karen Roth,"9641 Collier Valleys, Juanborough, DC 25221",48171,2024-06-19,88584,law within,1,851.28
25367,Jeffrey Patel,"21919 Michelle Ville Suite 992, South Amberborough, HI 93261",22936,2024-02-27,66223,specific serious,4,763.48
25367,Jeffrey Patel,"21919 Michelle Ville Suite 992, South Amberborough, HI 93261",22936,2024-02-27,35740,fly catch,3,408.16
25367,Jeffrey Patel,"21919 Michelle Ville Suite 992, South Amberborough, HI 93261",89083,2024-10-13,30630,share particularly,4,646.96
25367,Jeffrey Patel,"21919 Michelle Ville Suite 992, South Amberborough, HI 93261",89083,2024-10-13,73670,government leg,5,838.01
25367,Jeffrey Patel,"21919 Michelle Ville Suite 992, South Amberborough, HI 93261",70047,2024-08-28,29940,cause here,5,967.4
55968,William Lynch,"8178 Richards Ferry, Christianview, TN 00945",55186,2024-01-08,65859,however group,5,565.77
55968,William Lynch,"8178 Richards Ferry, Christianview, TN 00945",55186,2024-01-08,84855,fund account,1,216.8
55968,William Lynch,"8178 Richards Ferry, Christianview, TN 00945",35819,2024-08-04,84927,team allow,2,332.14
55968,William Lynch,"8178 Richards Ferry, Christianview, TN 00945",35819,2024-08-04,85138,same impact,1,638.88
55968,William Lynch,"8178 Richards Ferry, Christianview, TN 00945",35819,2024-08-04,68778,rule deal,3,111.08
55968,William Lynch,"8178 Richards Ferry, Christianview, TN 00945",57793,2024-02-16,78574,pretty little,5,275.46
41775,Kyle Hernandez,"57763 Jones Camp Apt. 208, Antoniofurt, KS 33997",19204,2024-03-06,7458,could tell,4,311.26
41775,Kyle Hernandez,"57763 Jones Camp Apt. 208, Antoniofurt, KS 33997",19204,2024-03-06,73670,government leg,4,838.01
41775,Kyle Hernandez,"57763 Jones Camp Apt. 208, Antoniofurt, KS 33997",19204,2024-03-06,4080,reach physical,4,879.22
58799,Katelyn Harris,"73425 Erickson Forge, Lawrenceburgh, SD 11989",42099,2024-03-29,89010,state since,2,773.88
58799,Katelyn Harris,"73425 Erickson Forge, Lawrenceburgh, SD 11989",42099,2024-03-29,39707,record give,3,271.2
58799,Katelyn Harris,"73425 Erickson Forge, Lawrenceburgh, SD 11989",42099,2024-03-29,70918,team clear,1,59.7
58799,Katelyn Harris,"73425 Erickson Forge, Lawrenceburgh, SD 11989",86420,2023-11-22,27975,make site,4,254.19
58799,Katelyn Harris,"73425 Erickson Forge, Lawrenceburgh, SD 11989",86420,2023-11-22,78574,pretty little,3,275.46
54081,Ryan Kelley,"5165 Paula Plains Apt. 621, Stephensville, AZ 10868",55746,2024-02-19,29940,cause here,1,967.4
54081,Ryan Kelley,"5165 Paula Plains Apt. 621, Stephensville, AZ 10868",55746,2024-02-19,62762,amount seat,1,379.34
90991,Heather Carrillo,"PSC 0175, Box 0472, APO AE 06264",4797,2024-03-06,74698,activity both,3,912.19
90991,Heather Carrillo,"PSC 0175, Box 0472, APO AE 06264",4797,2024-03-06,57048,central finish,5,349.0
90991,Heather Carrillo,"PSC 0175, Box 0472, APO AE 06264",4797,2024-03-06,70166,let candidate,1,337.72
90991,Heather Carrillo,"PSC 0175, Box 0472, APO AE 06264",78557,2024-05-10,99467,entire clear,4,168.62
90991,Heather Carrillo,"PSC 0175, Box 0472, APO AE 06264",78557,2024-05-10,13189,store daughter,2,150.25
90991,Heather Carrillo,"PSC 0175, Box 0472, APO AE 06264",78557,2024-05-10,3588,collection child,3,52.62
16298,Kelli Harmon,"486 Stephanie Mall, Kellyburgh, CT 59937",35864,2024-07-26,5537,why day,3,432.56
16298,Kelli Harmon,"486 Stephanie Mall, Kellyburgh, CT 59937",35864,2024-07-26,95733,south interview,4,259.25
16298,Kelli Harmon,"486 Stephanie Mall, Kellyburgh, CT 59937",35864,2024-07-26,3588,collection child,1,52.62
16298,Kelli Harmon,"486 Stephanie Mall, Kellyburgh, CT 59937",62214,2023-12-06,98176,single similar,5,698.81
16298,Kelli Harmon,"486 Stephanie Mall, Kellyburgh, CT 59937",62214,2023-12-06,30630,share particularly,5,646.96
16298,Kelli Harmon,"486 Stephanie Mall, Kellyburgh, CT 59937",62214,2023-12-06,5537,why day,3,432.56
16298,Kelli Harmon,"486 Stephanie Mall, Kellyburgh, CT 59937",6244,2023-11-25,62762,amount seat,4,379.34
16298,Kelli Harmon,"486 Stephanie Mall, Kellyburgh, CT 59937",6244,2023-11-25,25025,mouth key,4,575.89
43769,Madeline Newton,"2249 Cruz Curve, Rodriguezchester, RI 57940",84113,2023-12-19,66829,indicate glass,3,655.22
43769,Madeline Newton,"2249 Cruz Curve, Rodriguezchester, RI 57940",84113,2023-12-19,70918,team clear,5,59.7
82891,Michelle Meyer,"15211 Cunningham Pike, Curtismouth, NM 63728",39024,2024-08-16,59794,economic power,3,146.78
82891,Michelle Meyer,"15211 Cunningham Pike, Curtismouth, NM 63728",39024,2024-08-16,83277,west western,2,882.67
82891,Michelle Meyer,"15211 Cunningham Pike, Curtismouth, NM 63728",71777,2023-12-16,285,provide friend,1,162.6
82891,Michelle Meyer,"15211 Cunningham Pike, Curtismouth, NM 63728",71777,2023-12-16,62070,firm it,1,709.83
55786,Erika Hall,"0469 Maureen Islands, East Sharonchester, IN 58938",1443,2024-07-06,23419,represent which,3,615.92
55786,Erika Hall,"0469 Maureen Islands, East Sharonchester, IN 58938",1443,2024-07-06,64717,together system,5,136.24
55786,Erika Hall,"0469 Maureen Islands, East Sharonchester, IN 58938",1443,2024-07-06,87329,worker organization,4,990.26
55786,Erika Hall,"0469 Maureen Islands, East Sharonchester, IN 58938",21628,2024-07-01,95733,south interview,3,259.25
42238,Annette Greene,"USCGC Jefferson, FPO AP 53380",9952,2024-09-26,58821,yard identify,4,399.75
42238,Annette Greene,"USCGC Jefferson, FPO AP 53380",9952,2024-09-26,14861,social ahead,1,118.94
13686,Adrian Rosario,"45519 Hughes Island Apt. 093, Baileymouth, CA 84867",82582,2024-02-15,13433,positive after,3,154.64
13686,Adrian Rosario,"45519 Hughes Island Apt. 093, Baileymouth, CA 84867",82582,2024-02-15,74698,activity both,2,912.19
13686,Adrian Rosario,"45519 Hughes Island Apt. 093, Baileymouth, CA 84867",94139,2024-10-07,9868,reduce first,5,882.4
13686,Adrian Rosario,"45519 Hughes Island Apt. 093, Baileymouth, CA 84867",94139,2024-10-07,58821,yard identify,5,399.75
13686,Adrian Rosario,"45519 Hughes Island Apt. 093, Baileymouth, CA 84867",94139,2024-10-07,13433,positive after,4,154.64
13686,Adrian Rosario,"45519 Hughes Island Apt. 093, Baileymouth, CA 84867",29939,2023-10-23,97994,remain discussion,2,534.48
46032,Martha West,"511 Danielle Inlet, West Kathrynside, CA 88720",13630,2024-10-08,60947,front letter,2,793.46
46032,Martha West,"511 Danielle Inlet, West Kathrynside, CA 88720",13630,2024-10-08,13892,son how,4,889.57
46032,Martha West,"511 Danielle Inlet, West Kathrynside, CA 88720",13630,2024-10-08,38257,few trade,3,712.15
45275,Samuel Perez,"263 Tracy Drive, West Debra, IL 73771",371,2024-06-19,25217,case full,3,221.27
45275,Samuel Perez,"263 Tracy Drive, West Debra, IL 73771",17963,2024-02-06,60205,probably character,4,828.78
45275,Samuel Perez,"263 Tracy Drive, West Debra, IL 73771",17963,2024-02-06,59794,economic power,3,146.78
45275,Samuel Perez,"263 Tracy Drive, West Debra, IL 73771",73855,2024-07-20,39680,wait phone,3,390.08
17584,Christopher Molina,"835 Joseph Wells Apt. 768, Dannyfort, NH 33774",88313,2024-05-10,74698,activity both,3,912.19
17584,Christopher Molina,"835 Joseph Wells Apt. 768, Dannyfort, NH 33774",88313,2024-05-10,66223,specific serious,4,763.48
54552,Melinda Todd,"47886 Ware Crossroad Apt. 375, Lindseystad, GU 45159",14276,2024-03-05,78574,pretty little,5,275.46
54552,Melinda Todd,"47886 Ware Crossroad Apt. 375, Lindseystad, GU 45159",14276,2024-03-05,49358,west build,3,812.37
54552,Melinda Todd,"47886 Ware Crossroad Apt. 375, Lindseystad, GU 45159",14276,2024-03-05,62335,man series,2,619.45
54552,Melinda Todd,"47886 Ware Crossroad Apt. 375, Lindseystad, GU 45159",58006,2023-11-26,2649,themselves person,5,382.08
85444,Michael Joseph,"USS Stone, FPO AE 91757",12943,2024-02-21,2235,senior work,3,871.17
85444,Michael Joseph,"USS Stone, FPO AE 91757",12943,2024-02-21,23419,represent which,1,615.92
85444,Michael Joseph,"USS Stone, FPO AE 91757",63951,2024-08-11,20230,maintain finish,1,37.39
85444,Michael Joseph,"USS Stone, FPO AE 91757",63951,2024-08-11,13189,store daughter,4,150.25
85444,Michael Joseph,"USS Stone, FPO AE 91757",63951,2024-08-11,67406,threat mission,4,181.57
85444,Michael Joseph,"USS Stone, FPO AE 91757",77027,2024-09-14,31737,pull idea,2,700.12
85444,Michael Joseph,"USS Stone, FPO AE 91757",77027,2024-09-14,1025,against return,2,307.44
85444,Michael Joseph,"USS Stone, FPO AE 91757",77027,2024-09-14,27975,make site,5,254.19
18349,Margaret Ayala,"082 Reed Corners Apt. 620, Connerburgh, UT 35257",54941,2024-09-30,44518,build society,5,303.04
18349,Margaret Ayala,"082 Reed Corners Apt. 620, Connerburgh, UT 35257",54941,2024-09-30,9868,reduce first,1,882.4
18349,Margaret Ayala,"082 Reed Corners Apt. 620, Connerburgh, UT 35257",54941,2024-09-30,70552,blood sister,3,901.46
18349,Margaret Ayala,"082 Reed Corners Apt. 620, Connerburgh, UT 35257",40479,2024-01-11,35618,now suddenly,3,725.87
18349,Margaret Ayala,"082 Reed Corners Apt. 620, Connerburgh, UT 35257",40479,2024-01-11,77235,low nor,1,31.54
18349,Margaret Ayala,"082 Reed Corners Apt. 620, Connerburgh, UT 35257",40479,2024-01-11,35740,fly catch,4,408.16
33388,Tara Bradford,"USNS Brown, FPO AE 69783",67315,2024-09-17,67406,threat mission,3,181.57
33388,Tara Bradford,"USNS Brown, FPO AE 69783",67315,2024-09-17,79139,administration success,2,378.98
33388,Tara Bradford,"USNS Brown, FPO AE 69783",67315,2024-09-17,35618,now suddenly,1,725.87
59535,Deborah Humphrey,"89337 Duncan Plains Apt. 601, Thomasport, IN 79398",83900,2024-07-19,66223,specific serious,5,763.48
59535,Deborah Humphrey,"89337 Duncan Plains Apt. 601, Thomasport, IN 79398",83900,2024-07-19,70166,let candidate,1,337.72
4158,Christopher Flores,"Unit 4452 Box 0665, DPO AE 55743",5045,2024-09-26,87329,worker organization,2,990.26
4158,Christopher Flores,"Unit 4452 Box 0665, DPO AE 55743",5045,2024-09-26,91362,training force,1,640.29
4158,Christopher Flores,"Unit 4452 Box 0665, DPO AE 55743",22668,2024-03-05,7628,call thought,5,671.06
4158,Christopher Flores,"Unit 4452 Box 0665, DPO AE 55743",22668,2024-03-05,62070,firm it,1,709.83
74902,Beth Adams,"119 Davis Port, West Josephborough, NV 74539",82946,2024-01-05,41078,break of,5,395.12
74902,Beth Adams,"119 Davis Port, West Josephborough, NV 74539",82946,2024-01-05,35740,fly catch,4,408.16
74902,Beth Adams,"119 Davis Port, West Josephborough, NV 74539",82946,2024-01-05,62070,firm it,4,709.83
83875,Stacy Smith,"46269 Brenda Views Apt. 702, Margaretburgh, GU 69365",58295,2024-07-29,95733,south interview,1,259.25
83875,Stacy Smith,"46269 Brenda Views Apt. 702, Margaretburgh, GU 69365",58295,2024-07-29,285,provide friend,4,162.6
12086,Dr. Jennifer Bray DDS,"4681 Heidi Light Apt. 147, Keithberg, NM 32092",38094,2024-09-10,24491,friend senior,4,785.53
12086,Dr. Jennifer Bray DDS,"4681 Heidi Light Apt. 147, Keithberg, NM 32092",86916,2023-11-11,88584,law within,2,851.28
12086,Dr. Jennifer Bray DDS,"4681 Heidi Light Apt. 147, Keithberg, NM 32092",86916,2023-11-11,70552,blood sister,5,901.46
12086,Dr. Jennifer Bray DDS,"4681 Heidi Light Apt. 147, Keithberg, NM 32092",86916,2023-11-11,12041,most easy,3,550.4
10395,Michelle Stephens MD,"853 Melissa Cape, Millerville, MD 20720",91864,2024-03-11,35577,tough no,1,41.98
10395,Michelle Stephens MD,"853 Melissa Cape, Millerville, MD 20720",75095,2024-04-25,78574,pretty little,4,275.46
10395,Michelle Stephens MD,"853 Melissa Cape, Millerville, MD 20720",34580,2024-09-06,29397,level visit,4,346.42
10395,Michelle Stephens MD,"853 Melissa Cape, Millerville, MD 20720",34580,2024-09-06,3436,he pattern,5,504.18
10395,Michelle Stephens MD,"853 Melissa Cape, Millerville, MD 20720",34580,2024-09-06,91362,training force,5,640.29
63990,Patrick Meyer,"87603 Lane Underpass Suite 098, Craigshire, WY 56360",37493,2023-12-06,37001,draw beyond,4,478.75
63990,Patrick Meyer,"87603 Lane Underpass Suite 098, Craigshire, WY 56360",77564,2023-11-15,30630,share particularly,4,646.96
63990,Patrick Meyer,"87603 Lane Underpass Suite 098, Craigshire, WY 56360",90433,2024-03-10,14861,social ahead,1,118.94
63990,Patrick Meyer,"87603 Lane Underpass Suite 098, Craigshire, WY 56360",90433,2024-03-10,92810,citizen dream,4,876.79
94076,Laurie Henry,"48976 Steven Mission, Damonside, GU 07363",2684,2024-09-19,62170,choice compare,3,506.51
94076,Laurie Henry,"48976 Steven Mission, Damonside, GU 07363",1478,2023-11-30,70166,let candidate,4,337.72
94076,Laurie Henry,"48976 Steven Mission, Damonside, GU 07363",1478,2023-11-30,91241,Republican police,5,442.29
94076,Laurie Henry,"48976 Steven Mission, Damonside, GU 07363",39753,2024-07-23,98176,single similar,1,698.81
74941,Sara Welch,"147 Bailey Cove Suite 672, Williammouth, MA 39435",12143,2024-10-02,22733,seat your,5,790.71
90499,Misty Jenkins,"4544 Mcintosh Estates Apt. 874, New Brandonville, NY 33545",28448,2024-04-08,66984,car data,5,115.17
90499,Misty Jenkins,"4544 Mcintosh Estates Apt. 874, New Brandonville, NY 33545",28448,2024-04-08,87329,worker organization,5,990.26
90499,Misty Jenkins,"4544 Mcintosh Estates Apt. 874, New Brandonville, NY 33545",28448,2024-04-08,35577,tough no,2,41.98
90499,Misty Jenkins,"4544 Mcintosh Estates Apt. 874, New Brandonville, NY 33545",35946,2024-02-17,62335,man series,4,619.45
90499,Misty Jenkins,"4544 Mcintosh Estates Apt. 874, New Brandonville, NY 33545",35946,2024-02-17,74698,activity both,4,912.19
90499,Misty Jenkins,"4544 Mcintosh Estates Apt. 874, New Brandonville, NY 33545",35946,2024-02-17,91362,training force,3,640.29
90499,Misty Jenkins,"4544 Mcintosh Estates Apt. 874, New Brandonville, NY 33545",52852,2024-02-03,25025,mouth key,4,575.89
90499,Misty Jenkins,"4544 Mcintosh Estates Apt. 874, New Brandonville, NY 33545",52852,2024-02-03,39707,record give,3,271.2
10196,Dustin Horton,"456 Davis Fort, Rachelview, IA 76220",40976,2024-08-17,31238,church interest,5,54.88
10196,Dustin Horton,"456 Davis Fort, Rachelview, IA 76220",40976,2024-08-17,31238,church interest,5,54.88
10196,Dustin Horton,"456 Davis Fort, Rachelview, IA 76220",40976,2024-08-17,75590,fill condition,2,803.04
8078,Kristen Oneal,"3366 Matthew Junctions Suite 224, Tarafort, AR 22404",20183,2024-07-22,62170,choice compare,5,506.51
8078,Kristen Oneal,"3366 Matthew Junctions Suite 224, Tarafort, AR 22404",2088,2024-05-12,41078,break of,2,395.12
8078,Kristen Oneal,"3366 Matthew Junctions Suite 224, Tarafort, AR 22404",2088,2024-05-12,27041,popular figure,2,483.9
8078,Kristen Oneal,"3366 Matthew Junctions Suite 224, Tarafort, AR 22404",41389,2024-03-27,27975,make site,5,254.19
8078,Kristen Oneal,"3366 Matthew Junctions Suite 224, Tarafort, AR 22404",41389,2024-03-27,29397,level visit,3,346.42
71121,Alejandra Gilbert,"12302 Chandler Shore Suite 488, Jacksonstad, IL 09808",93825,2024-04-26,62070,firm it,3,709.83
71121,Alejandra Gilbert,"12302 Chandler Shore Suite 488, Jacksonstad, IL 09808",93825,2024-04-26,77235,low nor,1,31.54
71121,Alejandra Gilbert,"12302 Chandler Shore Suite 488, Jacksonstad, IL 09808",5939,2024-02-29,57048,central finish,3,349.0
71121,Alejandra Gilbert,"12302 Chandler Shore Suite 488, Jacksonstad, IL 09808",5939,2024-02-29,83028,impact reach,2,880.32
71121,Alejandra Gilbert,"12302 Chandler Shore Suite 488, Jacksonstad, IL 09808",5939,2024-02-29,75590,fill condition,1,803.04
71121,Alejandra Gilbert,"12302 Chandler Shore Suite 488, Jacksonstad, IL 09808",7434,2024-01-11,66986,stay away,1,171.66
71121,Alejandra Gilbert,"12302 Chandler Shore Suite 488, Jacksonstad, IL 09808",7434,2024-01-11,84927,team allow,2,332.14
93815,Eric Cox,"385 Osborne Pike, Lake Amanda, NV 33526",4263,2024-06-14,89010,state since,4,773.88
93815,Eric Cox,"385 Osborne Pike, Lake Amanda, NV 33526",74205,2023-12-24,29940,cause here,5,967.4
93815,Eric Cox,"385 Osborne Pike, Lake Amanda, NV 33526",74205,2023-12-24,9868,reduce first,3,882.4
93815,Eric Cox,"385 Osborne Pike, Lake Amanda, NV 33526",74205,2023-12-24,62762,amount seat,1,379.34
93815,Eric Cox,"385 Osborne Pike, Lake Amanda, NV 33526",66755,2024-05-07,58821,yard identify,2,399.75
93815,Eric Cox,"385 Osborne Pike, Lake Amanda, NV 33526",66755,2024-05-07,41078,break of,1,395.12
17062,William Rice,"267 David Court, Savagechester, ND 36139",83989,2024-06-18,99467,entire clear,3,168.62
17062,William Rice,"267 David Court, Savagechester, ND 36139",30173,2024-10-14,30630,share particularly,4,646.96
17062,William Rice,"267 David Court, Savagechester, ND 36139",30173,2024-10-14,38257,few trade,4,712.15
17062,William Rice,"267 David Court, Savagechester, ND 36139",30173,2024-10-14,83028,impact reach,5,880.32
94760,Kaitlyn Thompson,"Unit 3447 Box 8277, DPO AE 07819",61116,2024-01-14,39680,wait phone,2,390.08
94760,Kaitlyn Thompson,"Unit 3447 Box 8277, DPO AE 07819",61116,2024-01-14,9991,each edge,2,185.47
94760,Kaitlyn Thompson,"Unit 3447 Box 8277, DPO AE 07819",61116,2024-01-14,13433,positive after,4,154.64
94760,Kaitlyn Thompson,"Unit 3447 Box 8277, DPO AE 07819",70778,2024-09-14,60947,front letter,2,793.46
62407,Mrs. Gina King,"217 Owens Crescent, Claudiashire, SC 30105",91568,2024-06-30,46813,avoid loss,5,58.75
55166,Cindy Hawkins,"272 Heather Forest Suite 299, Reyesland, KS 92883",93721,2024-04-30,39680,wait phone,1,390.08
55166,Cindy Hawkins,"272 Heather Forest Suite 299, Reyesland, KS 92883",39132,2024-03-01,23504,may somebody,1,223.91
55166,Cindy Hawkins,"272 Heather Forest Suite 299, Reyesland, KS 92883",39132,2024-03-01,62070,firm it,5,709.83
55166,Cindy Hawkins,"272 Heather Forest Suite 299, Reyesland, KS 92883",39132,2024-03-01,66986,stay away,1,171.66
55166,Cindy Hawkins,"272 Heather Forest Suite 299, Reyesland, KS 92883",38266,2024-08-05,4080,reach physical,4,879.22
55166,Cindy Hawkins,"272 Heather Forest Suite 299, Reyesland, KS 92883",38266,2024-08-05,84927,team allow,1,332.14
55166,Cindy Hawkins,"272 Heather Forest Suite 299, Reyesland, KS 92883",38266,2024-08-05,35577,tough no,5,41.98
47536,William Carter,"97991 White Mountains, Lambfort, MN 18137",25515,2024-06-25,95733,south interview,5,259.25
47536,William Carter,"97991 White Mountains, Lambfort, MN 18137",25515,2024-06-25,78574,pretty little,4,275.46
34574,Harold Diaz,"442 Brent Hill Suite 198, East Carrie, TX 46268",52295,2024-09-12,4361,follow it,3,328.54
42405,David Meyer,"96241 Dawn Lane, Smithmouth, NC 09730",20520,2024-05-06,31238,church interest,1,54.88
42405,David Meyer,"96241 Dawn Lane, Smithmouth, NC 09730",63318,2024-01-29,13073,table after,2,92.97
42405,David Meyer,"96241 Dawn Lane, Smithmouth, NC 09730",63318,2024-01-29,38257,few trade,3,712.15
42405,David Meyer,"96241 Dawn Lane, Smithmouth, NC 09730",63318,2024-01-29,78574,pretty little,2,275.46
42405,David Meyer,"96241 Dawn Lane, Smithmouth, NC 09730",47977,2023-11-06,48648,some onto,5,35.31
42405,David Meyer,"96241 Dawn Lane, Smithmouth, NC 09730",47977,2023-11-06,9868,reduce first,4,882.4
42405,David Meyer,"96241 Dawn Lane, Smithmouth, NC 09730",47977,2023-11-06,10729,hotel degree,4,800.46
48166,Brittney Saunders,"994 Samuel Valley, North Rachelview, ID 27046",31749,2023-10-27,29940,cause here,2,967.4
48166,Brittney Saunders,"994 Samuel Valley, North Rachelview, ID 27046",31749,2023-10-27,41230,church always,4,428.98
48166,Brittney Saunders,"994 Samuel Valley, North Rachelview, ID 27046",31749,2023-10-27,64717,together system,4,136.24
48166,Brittney Saunders,"994 Samuel Valley, North Rachelview, ID 27046",28798,2024-05-05,92810,citizen dream,4,876.79
48166,Brittney Saunders,"994 Samuel Valley, North Rachelview, ID 27046",28798,2024-05-05,79139,administration success,1,378.98
48166,Brittney Saunders,"994 Samuel Valley, North Rachelview, ID 27046",28798,2024-05-05,3588,collection child,4,52.62
48166,Brittney Saunders,"994 Samuel Valley, North Rachelview, ID 27046",64641,2024-10-11,30480,area world,4,919.25
87065,Sharon Daugherty,"78199 Thomas Lodge Apt. 805, North Katherinetown, OH 34044",16222,2024-07-06,89010,state since,5,773.88
87065,Sharon Daugherty,"78199 Thomas Lodge Apt. 805, North Katherinetown, OH 34044",16222,2024-07-06,84855,fund account,4,216.8
87065,Sharon Daugherty,"78199 Thomas Lodge Apt. 805, North Katherinetown, OH 34044",16222,2024-07-06,99467,entire clear,3,168.62
87065,Sharon Daugherty,"78199 Thomas Lodge Apt. 805, North Katherinetown, OH 34044",26709,2023-11-27,65859,however group,4,565.77
87065,Sharon Daugherty,"78199 Thomas Lodge Apt. 805, North Katherinetown, OH 34044",28096,2024-07-25,25025,mouth key,3,575.89
49505,Shaun Jimenez,"6149 Brown Gardens Apt. 061, Rodriguezstad, RI 87065",43083,2024-02-05,62070,firm it,3,709.83
49505,Shaun Jimenez,"6149 Brown Gardens Apt. 061, Rodriguezstad, RI 87065",70832,2024-09-02,91241,Republican police,4,442.29
49505,Shaun Jimenez,"6149 Brown Gardens Apt. 061, Rodriguezstad, RI 87065",70832,2024-09-02,23504,may somebody,3,223.91
49505,Shaun Jimenez,"6149 Brown Gardens Apt. 061, Rodriguezstad, RI 87065",70832,2024-09-02,38980,light together,4,757.42
49505,Shaun Jimenez,"6149 Brown Gardens Apt. 061, Rodriguezstad, RI 87065",31046,2023-12-17,46813,avoid loss,4,58.75
66113,Phillip Austin,"0362 Kevin Trafficway, Erikachester, KY 63180",39239,2024-04-27,35740,fly catch,4,408.16
66113,Phillip Austin,"0362 Kevin Trafficway, Erikachester, KY 63180",39239,2024-04-27,60947,front letter,5,793.46
66113,Phillip Austin,"0362 Kevin Trafficway, Erikachester, KY 63180",39239,2024-04-27,67406,threat mission,1,181.57
40739,Jeremy Martin,"2251 Edwin Squares Suite 068, Freemanton, NY 04289",71697,2024-08-24,35618,now suddenly,4,725.87
40739,Jeremy Martin,"2251 Edwin Squares Suite 068, Freemanton, NY 04289",71697,2024-08-24,70552,blood sister,3,901.46
40739,Jeremy Martin,"2251 Edwin Squares Suite 068, Freemanton, NY 04289",71697,2024-08-24,27041,popular figure,4,483.9
40739,Jeremy Martin,"2251 Edwin Squares Suite 068, Freemanton, NY 04289",1268,2023-11-30,83028,impact reach,2,880.32
40739,Jeremy Martin,"2251 Edwin Squares Suite 068, Freemanton, NY 04289",1268,2023-11-30,25217,case full,3,221.27
40739,Jeremy Martin,"2251 Edwin Squares Suite 068, Freemanton, NY 04289",28854,2024-08-23,65859,however group,2,565.77
40739,Jeremy Martin,"2251 Edwin Squares Suite 068, Freemanton, NY 04289",28854,2024-08-23,3588,collection child,4,52.62
93746,Brenda Roberts,"182 Frank Plains, Leeland, NE 57801",97090,2024-08-25,93476,subject court,1,378.85
93746,Brenda Roberts,"182 Frank Plains, Leeland, NE 57801",11156,2024-04-20,2649,themselves person,2,382.08
49083,Lindsay Boyd,"7049 Boone Forks Suite 450, Peterberg, NJ 77709",312,2024-02-23,27041,popular figure,5,483.9
49083,Lindsay Boyd,"7049 Boone Forks Suite 450, Peterberg, NJ 77709",312,2024-02-23,5537,why day,2,432.56
65238,Kathleen Stephens,"Unit 7043 Box 0331, DPO AA 49199",80072,2024-05-03,2649,themselves person,4,382.08
65238,Kathleen Stephens,"Unit 7043 Box 0331, DPO AA 49199",80072,2024-05-03,70918,team clear,1,59.7
65238,Kathleen Stephens,"Unit 7043 Box 0331, DPO AA 49199",80072,2024-05-03,35577,tough no,1,41.98
65238,Kathleen Stephens,"Unit 7043 Box 0331, DPO AA 49199",23179,2024-07-01,58821,yard identify,4,399.75
65238,Kathleen Stephens,"Unit 7043 Box 0331, DPO AA 49199",23179,2024-07-01,23504,may somebody,4,223.91
3359,Lisa Douglas,"64416 Erika Motorway Suite 399, North Brandonborough, GA 39360",71252,2024-02-24,53539,radio develop,1,458.26
3359,Lisa Douglas,"64416 Erika Motorway Suite 399, North Brandonborough, GA 39360",71252,2024-02-24,31238,church interest,3,54.88
73774,Aaron Decker,"2187 Shelby Creek, New Charleston, AS 51790",3117,2024-06-19,23419,represent which,4,615.92
73774,Aaron Decker,"2187 Shelby Creek, New Charleston, AS 51790",3117,2024-06-19,59794,economic power,1,146.78
73774,Aaron Decker,"2187 Shelby Creek, New Charleston, AS 51790",15090,2023-12-10,23419,represent which,2,615.92
73774,Aaron Decker,"2187 Shelby Creek, New Charleston, AS 51790",15090,2023-12-10,35740,fly catch,1,408.16
721,Jennifer Atkins,"56000 Terry Road, Wallaceton, UT 92320",35561,2023-11-02,35740,fly catch,1,408.16
721,Jennifer Atkins,"56000 Terry Road, Wallaceton, UT 92320",35561,2023-11-02,37534,dark few,2,290.77
721,Jennifer Atkins,"56000 Terry Road, Wallaceton, UT 92320",89072,2024-02-06,7458,could tell,5,311.26
721,Jennifer Atkins,"56000 Terry Road, Wallaceton, UT 92320",89072,2024-02-06,7458,could tell,5,311.26
721,Jennifer Atkins,"56000 Terry Road, Wallaceton, UT 92320",89072,2024-02-06,52265,international watch,1,110.68
22969,Matthew Carr,"PSC 8673, Box 3619, APO AA 57992",37271,2024-04-12,77235,low nor,5,31.54
22969,Matthew Carr,"PSC 8673, Box 3619, APO AA 57992",37271,2024-04-12,27041,popular figure,5,483.9
80132,Seth Mendez,"USCGC Gould, FPO AP 63804",63315,2024-06-27,39680,wait phone,2,390.08
80132,Seth Mendez,"USCGC Gould, FPO AP 63804",63315,2024-06-27,60947,front letter,4,793.46
63439,Heidi Aguilar,"26618 Rebecca Square Suite 906, Joshuaview, VI 22365",93133,2024-07-22,98054,if top,5,973.01
63439,Heidi Aguilar,"26618 Rebecca Square Suite 906, Joshuaview, VI 22365",93133,2024-07-22,58821,yard identify,4,399.75
63439,Heidi Aguilar,"26618 Rebecca Square Suite 906, Joshuaview, VI 22365",93133,2024-07-22,31737,pull idea,5,700.12
63439,Heidi Aguilar,"26618 Rebecca Square Suite 906, Joshuaview, VI 22365",80378,2024-01-22,27041,popular figure,4,483.9
63439,Heidi Aguilar,"26618 Rebecca Square Suite 906, Joshuaview, VI 22365",80378,2024-01-22,79139,administration success,1,378.98
63439,Heidi Aguilar,"26618 Rebecca Square Suite 906, Joshuaview, VI 22365",80378,2024-01-22,9991,each edge,5,185.47
33181,Jeremy Perkins,"2074 Bennett Alley, Yvettemouth, SC 88822",68660,2024-08-16,31737,pull idea,4,700.12
33181,Jeremy Perkins,"2074 Bennett Alley, Yvettemouth, SC 88822",68660,2024-08-16,5537,why day,5,432.56
22601,Brittany Walton,"286 Smith Overpass, West Anthony, AL 51912",67062,2024-07-24,74698,activity both,4,912.19
1617,Amy Shaw,"759 Vanessa Grove, West Dawn, UT 14455",69473,2023-11-17,84855,fund account,2,216.8
1617,Amy Shaw,"759 Vanessa Grove, West Dawn, UT 14455",69473,2023-11-17,59794,economic power,1,146.78
1617,Amy Shaw,"759 Vanessa Grove, West Dawn, UT 14455",69473,2023-11-17,66986,stay away,1,171.66
1617,Amy Shaw,"759 Vanessa Grove, West Dawn, UT 14455",82772,2023-11-28,92810,citizen dream,2,876.79
1617,Amy Shaw,"759 Vanessa Grove, West Dawn, UT 14455",82772,2023-11-28,35618,now suddenly,1,725.87
1617,Amy Shaw,"759 Vanessa Grove, West Dawn, UT 14455",21779,2024-06-19,13892,son how,5,889.57
1617,Amy Shaw,"759 Vanessa Grove, West Dawn, UT 14455",21779,2024-06-19,29940,cause here,1,967.4
67703,Brian Reyes,"232 Amanda Shores Suite 205, Cardenasland, OH 84309",17051,2024-05-30,83028,impact reach,1,880.32
67703,Brian Reyes,"232 Amanda Shores Suite 205, Cardenasland, OH 84309",17051,2024-05-30,91241,Republican police,4,442.29
67703,Brian Reyes,"232 Amanda Shores Suite 205, Cardenasland, OH 84309",19889,2024-05-23,10729,hotel degree,4,800.46
78385,Kimberly Nguyen,"966 Antonio Cove, West Heather, NV 78714",31582,2024-08-16,14861,social ahead,5,118.94
80721,Devon Perez,"459 Keith Place, South Jacqueline, FM 31564",27750,2024-07-07,20230,maintain finish,4,37.39
80721,Devon Perez,"459 Keith Place, South Jacqueline, FM 31564",27750,2024-07-07,87329,worker organization,3,990.26
31562,Mary Harris,"2770 Dawn Islands Apt. 475, New Stevenmouth, NY 37440",16577,2023-12-25,23419,represent which,1,615.92
31562,Mary Harris,"2770 Dawn Islands Apt. 475, New Stevenmouth, NY 37440",38249,2024-09-11,62335,man series,4,619.45
68256,Jacob Oconnor,"86797 Walter Burgs, Thompsonton, NY 97616",84054,2023-12-07,68778,rule deal,2,111.08
12962,Karen Perez,"6066 Margaret Street Suite 971, West Eric, WA 10236",6339,2024-03-25,9868,reduce first,1,882.4
83880,Mr. Andrew Parker,"4698 Michael Glens Apt. 407, West Jennifermouth, AR 00667",94827,2024-09-28,62335,man series,3,619.45
83880,Mr. Andrew Parker,"4698 Michael Glens Apt. 407, West Jennifermouth, AR 00667",94827,2024-09-28,37534,dark few,5,290.77
83880,Mr. Andrew Parker,"4698 Michael Glens Apt. 407, West Jennifermouth, AR 00667",94827,2024-09-28,25025,mouth key,5,575.89
86251,Larry Hodges,"9932 Yates Glens Suite 211, Derrickside, VI 37475",94395,2024-10-07,99467,entire clear,4,168.62
86251,Larry Hodges,"9932 Yates Glens Suite 211, Derrickside, VI 37475",94395,2024-10-07,97994,remain discussion,4,534.48
86251,Larry Hodges,"9932 Yates Glens Suite 211, Derrickside, VI 37475",94395,2024-10-07,99467,entire clear,1,168.62
86251,Larry Hodges,"9932 Yates Glens Suite 211, Derrickside, VI 37475",14215,2024-05-30,93476,subject court,1,378.85
3115,Shirley Bates,"3063 Cheryl Square Apt. 838, South Philliptown, NV 04470",67322,2024-05-29,14861,social ahead,2,118.94
3115,Shirley Bates,"3063 Cheryl Square Apt. 838, South Philliptown, NV 04470",7975,2023-10-28,62070,firm it,1,709.83
24342,Maria Howard,"330 Garcia Mission Apt. 994, Sarahfort, VI 05030",46069,2023-11-28,49358,west build,5,812.37
73762,Brett Thompson,"6736 Proctor Fort, Rebeccaville, WI 35548",76308,2023-11-06,88584,law within,2,851.28
73762,Brett Thompson,"6736 Proctor Fort, Rebeccaville, WI 35548",76308,2023-11-06,99677,game test,5,780.7
73762,Brett Thompson,"6736 Proctor Fort, Rebeccaville, WI 35548",17241,2023-12-02,84927,team allow,3,332.14
73762,Brett Thompson,"6736 Proctor Fort, Rebeccaville, WI 35548",17241,2023-12-02,24491,friend senior,3,785.53
73762,Brett Thompson,"6736 Proctor Fort, Rebeccaville, WI 35548",17241,2023-12-02,24491,friend senior,4,785.53
43099,Morgan Jordan,"443 Douglas Point Apt. 582, Lake Jasonfurt, MT 54223",26189,2024-05-07,4361,follow it,1,328.54
43099,Morgan Jordan,"443 Douglas Point Apt. 582, Lake Jasonfurt, MT 54223",72231,2024-06-12,87329,worker organization,1,990.26
43099,Morgan Jordan,"443 Douglas Point Apt. 582, Lake Jasonfurt, MT 54223",72231,2024-06-12,29940,cause here,3,967.4
43099,Morgan Jordan,"443 Douglas Point Apt. 582, Lake Jasonfurt, MT 54223",93508,2024-04-14,27041,popular figure,1,483.9
43099,Morgan Jordan,"443 Douglas Point Apt. 582, Lake Jasonfurt, MT 54223",93508,2024-04-14,62762,amount seat,2,379.34
43099,Morgan Jordan,"443 Douglas Point Apt. 582, Lake Jasonfurt, MT 54223",93508,2024-04-14,25025,mouth key,1,575.89
43340,Jennifer Jackson,"92602 Brenda Harbors Suite 500, North Christinaberg, FL 95797",42083,2023-11-14,38257,few trade,2,712.15
43340,Jennifer Jackson,"92602 Brenda Harbors Suite 500, North Christinaberg, FL 95797",53233,2023-12-09,88584,law within,5,851.28
43340,Jennifer Jackson,"92602 Brenda Harbors Suite 500, North Christinaberg, FL 95797",53233,2023-12-09,2235,senior work,5,871.17
43340,Jennifer Jackson,"92602 Brenda Harbors Suite 500, North Christinaberg, FL 95797",53233,2023-12-09,98054,if top,4,973.01
2365,Jason Clark,"28423 Shannon Mills, Alexandrahaven, NE 44074",61038,2024-01-23,4459,admit measure,5,737.28
2365,Jason Clark,"28423 Shannon Mills, Alexandrahaven, NE 44074",61038,2024-01-23,37534,dark few,1,290.77
2365,Jason Clark,"28423 Shannon Mills, Alexandrahaven, NE 44074",83780,2024-02-02,44214,himself world,4,597.5
2365,Jason Clark,"28423 Shannon Mills, Alexandrahaven, NE 44074",5571,2024-08-26,92810,citizen dream,5,876.79
2365,Jason Clark,"28423 Shannon Mills, Alexandrahaven, NE 44074",5571,2024-08-26,35618,now suddenly,4,725.87
35062,Michael Lam,"99356 Miller Knolls Apt. 568, Lambertside, WY 77132",74080,2024-08-20,9991,each edge,3,185.47
35062,Michael Lam,"99356 Miller Knolls Apt. 568, Lambertside, WY 77132",74080,2024-08-20,38257,few trade,5,712.15
78143,James Carter,"698 Ryan Mountain, Harperside, LA 34941",22921,2024-02-09,49358,west build,4,812.37
78143,James Carter,"698 Ryan Mountain, Harperside, LA 34941",71116,2023-12-13,44214,himself world,5,597.5
78143,James Carter,"698 Ryan Mountain, Harperside, LA 34941",71116,2023-12-13,60947,front letter,3,793.46
78143,James Carter,"698 Ryan Mountain, Harperside, LA 34941",71116,2023-12-13,91362,training force,5,640.29
78143,James Carter,"698 Ryan Mountain, Harperside, LA 34941",85208,2024-08-19,60947,front letter,2,793.46
78143,James Carter,"698 Ryan Mountain, Harperside, LA 34941",85208,2024-08-19,83277,west western,4,882.67
78143,James Carter,"698 Ryan Mountain, Harperside, LA 34941",85208,2024-08-19,22733,seat your,2,790.71
18910,Sarah Myers,"9412 Gilbert Parks, New Melvin, MN 14161",20333,2024-02-15,73670,government leg,5,838.01
18910,Sarah Myers,"9412 Gilbert Parks, New Melvin, MN 14161",6643,2023-11-05,5537,why day,3,432.56
61830,Dr. Jack Diaz PhD,"8398 Gonzalez View Apt. 344, Clarkshire, ND 92602",21374,2024-02-27,27975,make site,3,254.19
61830,Dr. Jack Diaz PhD,"8398 Gonzalez View Apt. 344, Clarkshire, ND 92602",21374,2024-02-27,20230,maintain finish,3,37.39
61830,Dr. Jack Diaz PhD,"8398 Gonzalez View Apt. 344, Clarkshire, ND 92602",21374,2024-02-27,44518,build society,3,303.04
61830,Dr. Jack Diaz PhD,"8398 Gonzalez View Apt. 344, Clarkshire, ND 92602",62894,2023-12-24,49358,west build,3,812.37
61830,Dr. Jack Diaz PhD,"8398 Gonzalez View Apt. 344, Clarkshire, ND 92602",62894,2023-12-24,70552,blood sister,4,901.46
61830,Dr. Jack Diaz PhD,"8398 Gonzalez View Apt. 344, Clarkshire, ND 92602",62894,2023-12-24,27975,make site,5,254.19
61830,Dr. Jack Diaz PhD,"8398 Gonzalez View Apt. 344, Clarkshire, ND 92602",67473,2024-09-24,23504,may somebody,2,223.91
61830,Dr. Jack Diaz PhD,"8398 Gonzalez View Apt. 344, Clarkshire, ND 92602",67473,2024-09-24,13892,son how,5,889.57
61830,Dr. Jack Diaz PhD,"8398 Gonzalez View Apt. 344, Clarkshire, ND 92602",67473,2024-09-24,66984,car data,4,115.17
84959,Curtis Barnes,"363 Ballard Streets, Collinsmouth, ME 93999",54855,2024-04-06,70552,blood sister,3,901.46
84959,Curtis Barnes,"363 Ballard Streets, Collinsmouth, ME 93999",54855,2024-04-06,25025,mouth key,1,575.89
84959,Curtis Barnes,"363 Ballard Streets, Collinsmouth, ME 93999",54855,2024-04-06,84855,fund account,3,216.8
84959,Curtis Barnes,"363 Ballard Streets, Collinsmouth, ME 93999",1540,2024-09-13,99467,entire clear,1,168.62
96076,Julia Berg,"48955 Fields Light, Williamburgh, CT 07199",24887,2024-04-19,2235,senior work,5,871.17
96076,Julia Berg,"48955 Fields Light, Williamburgh, CT 07199",24887,2024-04-19,37001,draw beyond,2,478.75
96076,Julia Berg,"48955 Fields Light, Williamburgh, CT 07199",59150,2024-08-15,70552,blood sister,1,901.46
96076,Julia Berg,"48955 Fields Light, Williamburgh, CT 07199",59150,2024-08-15,13892,son how,5,889.57
96076,Julia Berg,"48955 Fields Light, Williamburgh, CT 07199",59150,2024-08-15,91241,Republican police,5,442.29
53200,Bryce King,"USS Cruz, FPO AE 02853",8035,2024-03-29,1025,against return,4,307.44
53200,Bryce King,"USS Cruz, FPO AE 02853",8035,2024-03-29,20230,maintain finish,1,37.39
53200,Bryce King,"USS Cruz, FPO AE 02853",8035,2024-03-29,13892,son how,2,889.57
21478,James Mays,"5247 Johnson Station, Lake Aliciamouth, VI 65219",71585,2024-02-12,77235,low nor,4,31.54
21478,James Mays,"5247 Johnson Station, Lake Aliciamouth, VI 65219",71585,2024-02-12,75590,fill condition,3,803.04
21478,James Mays,"5247 Johnson Station, Lake Aliciamouth, VI 65219",71585,2024-02-12,89010,state since,5,773.88
92993,Thomas Ferguson,"6796 Ronald Glen, Andersonberg, NM 86108",91170,2024-06-28,7628,call thought,2,671.06
92993,Thomas Ferguson,"6796 Ronald Glen, Andersonberg, NM 86108",91170,2024-06-28,75590,fill condition,2,803.04
92993,Thomas Ferguson,"6796 Ronald Glen, Andersonberg, NM 86108",91170,2024-06-28,67406,threat mission,3,181.57
12251,Timothy Carney,"676 Quinn Park Apt. 693, Port Oscar, MD 11881",21211,2024-01-09,31238,church interest,5,54.88
12251,Timothy Carney,"676 Quinn Park Apt. 693, Port Oscar, MD 11881",21211,2024-01-09,84855,fund account,3,216.8
9169,Darren Castro,"045 Victoria Circles, West Davidtown, MO 88211",59724,2023-12-19,23419,represent which,5,615.92
9169,Darren Castro,"045 Victoria Circles, West Davidtown, MO 88211",59724,2023-12-19,79139,administration success,3,378.98
9169,Darren Castro,"045 Victoria Circles, West Davidtown, MO 88211",34386,2024-08-21,34209,new family,5,339.87
13164,Jacob Baker,"45790 Harris Trace Apt. 584, Johnfort, VA 42979",51612,2024-07-04,83277,west western,5,882.67
13164,Jacob Baker,"45790 Harris Trace Apt. 584, Johnfort, VA 42979",51612,2024-07-04,14861,social ahead,4,118.94
13164,Jacob Baker,"45790 Harris Trace Apt. 584, Johnfort, VA 42979",5008,2024-02-28,58821,yard identify,1,399.75
13164,Jacob Baker,"45790 Harris Trace Apt. 584, Johnfort, VA 42979",5008,2024-02-28,52265,international watch,5,110.68
13164,Jacob Baker,"45790 Harris Trace Apt. 584, Johnfort, VA 42979",5008,2024-02-28,24491,friend senior,3,785.53
13164,Jacob Baker,"45790 Harris Trace Apt. 584, Johnfort, VA 42979",29349,2024-06-21,64717,together system,2,136.24
13164,Jacob Baker,"45790 Harris Trace Apt. 584, Johnfort, VA 42979",29349,2024-06-21,85138,same impact,4,638.88
13164,Jacob Baker,"45790 Harris Trace Apt. 584, Johnfort, VA 42979",29349,2024-06-21,75590,fill condition,1,803.04
35719,Sarah Fitzgerald,"450 Carlson Cove Suite 002, Ericview, MD 45584",39473,2024-03-18,4459,admit measure,4,737.28
35719,Sarah Fitzgerald,"450 Carlson Cove Suite 002, Ericview, MD 45584",39473,2024-03-18,34209,new family,3,339.87
35719,Sarah Fitzgerald,"450 Carlson Cove Suite 002, Ericview, MD 45584",94743,2024-08-20,22733,seat your,1,790.71
35719,Sarah Fitzgerald,"450 Carlson Cove Suite 002, Ericview, MD 45584",94743,2024-08-20,29940,cause here,3,967.4
1341,Joseph Weaver,"Unit 9842 Box 3360, DPO AP 14452",91611,2024-07-25,29397,level visit,4,346.42
1341,Joseph Weaver,"Unit 9842 Box 3360, DPO AP 14452",91611,2024-07-25,66986,stay away,4,171.66
1341,Joseph Weaver,"Unit 9842 Box 3360, DPO AP 14452",91611,2024-07-25,99467,entire clear,2,168.62
27408,Veronica Haas,"1039 Rocha Branch, Port Jessicachester, AR 64714",94979,2024-07-28,91241,Republican police,3,442.29
27408,Veronica Haas,"1039 Rocha Branch, Port Jessicachester, AR 64714",94979,2024-07-28,13073,table after,4,92.97
27408,Veronica Haas,"1039 Rocha Branch, Port Jessicachester, AR 64714",80311,2023-12-28,27041,popular figure,2,483.9
27408,Veronica Haas,"1039 Rocha Branch, Port Jessicachester, AR 64714",80311,2023-12-28,58821,yard identify,2,399.75
75394,Mr. Paul French Jr.,"737 Thomas Extensions Apt. 912, Morrisborough, NC 59841",47361,2024-06-25,25217,case full,2,221.27
75394,Mr. Paul French Jr.,"737 Thomas Extensions Apt. 912, Morrisborough, NC 59841",47361,2024-06-25,23419,represent which,2,615.92
75394,Mr. Paul French Jr.,"737 Thomas Extensions Apt. 912, Morrisborough, NC 59841",47361,2024-06-25,98176,single similar,5,698.81
72815,Kathryn Ellis,"Unit 7862 Box 7215, DPO AP 24047",4671,2024-05-21,84927,team allow,2,332.14
72815,Kathryn Ellis,"Unit 7862 Box 7215, DPO AP 24047",4671,2024-05-21,30630,share particularly,1,646.96
72815,Kathryn Ellis,"Unit 7862 Box 7215, DPO AP 24047",26681,2023-11-19,41078,break of,2,395.12
72815,Kathryn Ellis,"Unit 7862 Box 7215, DPO AP 24047",26681,2023-11-19,34209,new family,2,339.87
72815,Kathryn Ellis,"Unit 7862 Box 7215, DPO AP 24047",94291,2024-05-14,12041,most easy,1,550.4
72815,Kathryn Ellis,"Unit 7862 Box 7215, DPO AP 24047",94291,2024-05-14,20230,maintain finish,2,37.39
99003,Ashley Hughes,"427 Ariana Springs, West Emilyview, PA 25234",83553,2024-04-11,35618,now suddenly,4,725.87
99003,Ashley Hughes,"427 Ariana Springs, West Emilyview, PA 25234",83553,2024-04-11,84855,fund account,3,216.8
99003,Ashley Hughes,"427 Ariana Springs, West Emilyview, PA 25234",83553,2024-04-11,68778,rule deal,3,111.08
99003,Ashley Hughes,"427 Ariana Springs, West Emilyview, PA 25234",84158,2024-07-12,62762,amount seat,2,379.34
99003,Ashley Hughes,"427 Ariana Springs, West Emilyview, PA 25234",69370,2024-07-21,66984,car data,2,115.17
99003,Ashley Hughes,"427 Ariana Springs, West Emilyview, PA 25234",69370,2024-07-21,13189,store daughter,1,150.25
8898,Mrs. Laura Richardson,"79844 Stephanie Pass Apt. 486, Port Williamton, CO 08168",66423,2024-07-06,85138,same impact,1,638.88
8898,Mrs. Laura Richardson,"79844 Stephanie Pass Apt. 486, Port Williamton, CO 08168",66423,2024-07-06,48648,some onto,3,35.31
8898,Mrs. Laura Richardson,"79844 Stephanie Pass Apt. 486, Port Williamton, CO 08168",66423,2024-07-06,29940,cause here,2,967.4
8898,Mrs. Laura Richardson,"79844 Stephanie Pass Apt. 486, Port Williamton, CO 08168",78471,2024-02-17,35618,now suddenly,1,725.87
8898,Mrs. Laura Richardson,"79844 Stephanie Pass Apt. 486, Port Williamton, CO 08168",78471,2024-02-17,9868,reduce first,1,882.4
8898,Mrs. Laura Richardson,"79844 Stephanie Pass Apt. 486, Port Williamton, CO 08168",78471,2024-02-17,30480,area world,3,919.25
8898,Mrs. Laura Richardson,"79844 Stephanie Pass Apt. 486, Port Williamton, CO 08168",45286,2024-02-27,41078,break of,5,395.12
8898,Mrs. Laura Richardson,"79844 Stephanie Pass Apt. 486, Port Williamton, CO 08168",45286,2024-02-27,62762,amount seat,4,379.34
91580,Mrs. Karen Frost,"077 Jones Views Suite 667, Stevenstown, MP 40756",71597,2024-10-09,37001,draw beyond,4,478.75
91580,Mrs. Karen Frost,"077 Jones Views Suite 667, Stevenstown, MP 40756",71597,2024-10-09,58821,yard identify,2,399.75
91580,Mrs. Karen Frost,"077 Jones Views Suite 667, Stevenstown, MP 40756",71597,2024-10-09,13892,son how,4,889.57
77063,Katrina Molina,"1903 Long Summit, Lake James, PA 05246",34634,2024-07-23,7628,call thought,4,671.06
77063,Katrina Molina,"1903 Long Summit, Lake James, PA 05246",19053,2024-10-16,88584,law within,3,851.28
77063,Katrina Molina,"1903 Long Summit, Lake James, PA 05246",4465,2024-03-31,3436,he pattern,2,504.18
77063,Katrina Molina,"1903 Long Summit, Lake James, PA 05246",4465,2024-03-31,53539,radio develop,5,458.26
83954,Sandra Jefferson,"676 Smith Street Apt. 716, Robertsburgh, MA 65662",7263,2024-08-16,29940,cause here,4,967.4
83954,Sandra Jefferson,"676 Smith Street Apt. 716, Robertsburgh, MA 65662",7263,2024-08-16,57048,central finish,4,349.0
83954,Sandra Jefferson,"676 Smith Street Apt. 716, Robertsburgh, MA 65662",7263,2024-08-16,24491,friend senior,2,785.53
64893,Brandon Gallegos,"9210 Bowen Shore, South Paula, MP 58240",56141,2024-01-22,24491,friend senior,2,785.53
64893,Brandon Gallegos,"9210 Bowen Shore, South Paula, MP 58240",56141,2024-01-22,41078,break of,3,395.12
24053,Danielle Peterson,"135 Elliott Ranch Apt. 012, Rosariomouth, ND 97826",32350,2024-08-04,29940,cause here,1,967.4
24053,Danielle Peterson,"135 Elliott Ranch Apt. 012, Rosariomouth, ND 97826",26752,2023-12-26,7628,call thought,4,671.06
24053,Danielle Peterson,"135 Elliott Ranch Apt. 012, Rosariomouth, ND 97826",26752,2023-12-26,62170,choice compare,4,506.51
24053,Danielle Peterson,"135 Elliott Ranch Apt. 012, Rosariomouth, ND 97826",26752,2023-12-26,9991,each edge,5,185.47
48463,Brandon Mcfarland,"PSC 7735, Box 7256, APO AA 90101",57149,2023-11-23,98176,single similar,1,698.81
19393,John Russell,"00872 Tammy Overpass, Lukeborough, DE 57165",50410,2024-01-09,25217,case full,4,221.27
19393,John Russell,"00872 Tammy Overpass, Lukeborough, DE 57165",50410,2024-01-09,30630,share particularly,4,646.96
19393,John Russell,"00872 Tammy Overpass, Lukeborough, DE 57165",37727,2023-11-02,38980,light together,2,757.42
8520,Alexander Phillips,"574 Elizabeth Ville, Lake Pattyton, VT 12258",30592,2024-02-27,31737,pull idea,4,700.12
8520,Alexander Phillips,"574 Elizabeth Ville, Lake Pattyton, VT 12258",74710,2024-02-17,70918,team clear,1,59.7
8520,Alexander Phillips,"574 Elizabeth Ville, Lake Pattyton, VT 12258",31939,2024-01-15,24491,friend senior,2,785.53
8520,Alexander Phillips,"574 Elizabeth Ville, Lake Pattyton, VT 12258",31939,2024-01-15,83028,impact reach,3,880.32
8520,Alexander Phillips,"574 Elizabeth Ville, Lake Pattyton, VT 12258",31939,2024-01-15,91241,Republican police,5,442.29
75987,Rebecca West,"4451 Peterson Haven, Bakerport, CA 62318",2304,2024-02-12,70166,let candidate,5,337.72
75987,Rebecca West,"4451 Peterson Haven, Bakerport, CA 62318",2304,2024-02-12,59794,economic power,3,146.78
75987,Rebecca West,"4451 Peterson Haven, Bakerport, CA 62318",2304,2024-02-12,48648,some onto,2,35.31
75987,Rebecca West,"4451 Peterson Haven, Bakerport, CA 62318",99430,2024-03-29,13189,store daughter,2,150.25
75987,Rebecca West,"4451 Peterson Haven, Bakerport, CA 62318",99430,2024-03-29,83028,impact reach,2,880.32
75987,Rebecca West,"4451 Peterson Haven, Bakerport, CA 62318",84322,2024-05-01,74698,activity both,3,912.19
75987,Rebecca West,"4451 Peterson Haven, Bakerport, CA 62318",84322,2024-05-01,29397,level visit,4,346.42
63236,Peter Young,"010 Payne Hollow Apt. 373, Corteztown, FM 64667",30706,2024-09-12,57048,central finish,5,349.0
63236,Peter Young,"010 Payne Hollow Apt. 373, Corteztown, FM 64667",30706,2024-09-12,4459,admit measure,3,737.28
63236,Peter Young,"010 Payne Hollow Apt. 373, Corteztown, FM 64667",30706,2024-09-12,25217,case full,4,221.27
63236,Peter Young,"010 Payne Hollow Apt. 373, Corteztown, FM 64667",86096,2024-01-30,83277,west western,2,882.67
86973,Cody Mullen,"252 Lowe Fords, Francisstad, OK 92158",8174,2024-06-02,68778,rule deal,1,111.08
86973,Cody Mullen,"252 Lowe Fords, Francisstad, OK 92158",21027,2024-01-22,23504,may somebody,3,223.91
66276,John Freeman,"3777 Clark Station, Morganhaven, PR 72330",36599,2024-09-24,98176,single similar,2,698.81
66276,John Freeman,"3777 Clark Station, Morganhaven, PR 72330",36599,2024-09-24,14861,social ahead,5,118.94
66276,John Freeman,"3777 Clark Station, Morganhaven, PR 72330",16310,2024-04-06,37001,draw beyond,4,478.75
66276,John Freeman,"3777 Clark Station, Morganhaven, PR 72330",16310,2024-04-06,62335,man series,4,619.45
66276,John Freeman,"3777 Clark Station, Morganhaven, PR 72330",18680,2024-04-30,68778,rule deal,1,111.08
60856,Justin Boyer,"Unit 2094 Box 2477, DPO AA 99858",29684,2024-06-26,7458,could tell,4,311.26
60856,Justin Boyer,"Unit 2094 Box 2477, DPO AA 99858",29684,2024-06-26,99467,entire clear,2,168.62
60856,Justin Boyer,"Unit 2094 Box 2477, DPO AA 99858",24459,2023-11-13,62170,choice compare,3,506.51
60856,Justin Boyer,"Unit 2094 Box 2477, DPO AA 99858",24459,2023-11-13,84855,fund account,1,216.8
60856,Justin Boyer,"Unit 2094 Box 2477, DPO AA 99858",24459,2023-11-13,91362,training force,1,640.29
60856,Justin Boyer,"Unit 2094 Box 2477, DPO AA 99858",81939,2023-12-30,92810,citizen dream,3,876.79
60856,Justin Boyer,"Unit 2094 Box 2477, DPO AA 99858",81939,2023-12-30,85138,same impact,4,638.88
60856,Justin Boyer,"Unit 2094 Box 2477, DPO AA 99858",81939,2023-12-30,79139,administration success,4,378.98
3412,Rebecca Ortega,"8292 Carter Pike, Port Anthony, MP 62376",4022,2023-11-29,98054,if top,1,973.01
3412,Rebecca Ortega,"8292 Carter Pike, Port Anthony, MP 62376",36892,2024-05-23,41230,church always,1,428.98
3412,Rebecca Ortega,"8292 Carter Pike, Port Anthony, MP 62376",36892,2024-05-23,23419,represent which,5,615.92
3412,Rebecca Ortega,"8292 Carter Pike, Port Anthony, MP 62376",57428,2024-07-07,70166,let candidate,1,337.72
3412,Rebecca Ortega,"8292 Carter Pike, Port Anthony, MP 62376",57428,2024-07-07,4459,admit measure,4,737.28
3412,Rebecca Ortega,"8292 Carter Pike, Port Anthony, MP 62376",57428,2024-07-07,3588,collection child,1,52.62
59079,Tommy Ryan,"461 Wright Point Suite 236, North Amanda, ND 67051",36906,2024-03-20,23419,represent which,4,615.92
59079,Tommy Ryan,"461 Wright Point Suite 236, North Amanda, ND 67051",36906,2024-03-20,4459,admit measure,5,737.28
59079,Tommy Ryan,"461 Wright Point Suite 236, North Amanda, ND 67051",78570,2024-02-09,2649,themselves person,3,382.08
8434,Mary Sullivan,"06804 Yates Knoll Suite 931, Ericaton, GA 88089",30756,2024-05-08,70166,let candidate,1,337.72
8434,Mary Sullivan,"06804 Yates Knoll Suite 931, Ericaton, GA 88089",30756,2024-05-08,29397,level visit,5,346.42
8434,Mary Sullivan,"06804 Yates Knoll Suite 931, Ericaton, GA 88089",99142,2024-09-06,14861,social ahead,2,118.94
8434,Mary Sullivan,"06804 Yates Knoll Suite 931, Ericaton, GA 88089",19954,2023-11-15,39680,wait phone,2,390.08
11675,Kelly Miller,"Unit 9619 Box 3322, DPO AE 88998",52648,2024-05-14,57048,central finish,5,349.0
11675,Kelly Miller,"Unit 9619 Box 3322, DPO AE 88998",52648,2024-05-14,25025,mouth key,4,575.89
11675,Kelly Miller,"Unit 9619 Box 3322, DPO AE 88998",68466,2024-02-13,37534,dark few,5,290.77
11675,Kelly Miller,"Unit 9619 Box 3322, DPO AE 88998",68466,2024-02-13,2649,themselves person,4,382.08
81196,Angela Green,"PSC 2108, Box 8763, APO AE 86523",78227,2024-03-17,285,provide friend,3,162.6
81196,Angela Green,"PSC 2108, Box 8763, APO AE 86523",78227,2024-03-17,62070,firm it,2,709.83
81196,Angela Green,"PSC 2108, Box 8763, APO AE 86523",78227,2024-03-17,66984,car data,1,115.17
90191,Patricia Montgomery,"3010 Ann Shores Apt. 344, Lake Jeffreychester, OK 01043",2452,2024-07-15,27041,popular figure,5,483.9
90191,Patricia Montgomery,"3010 Ann Shores Apt. 344, Lake Jeffreychester, OK 01043",2452,2024-07-15,9991,each edge,2,185.47
90191,Patricia Montgomery,"3010 Ann Shores Apt. 344, Lake Jeffreychester, OK 01043",2452,2024-07-15,38257,few trade,3,712.15
90191,Patricia Montgomery,"3010 Ann Shores Apt. 344, Lake Jeffreychester, OK 01043",15357,2024-04-24,78574,pretty little,4,275.46
59786,Brooke Miller,"49668 Vega Locks, Laurafurt, FL 88709",53258,2024-01-15,60947,front letter,4,793.46
59786,Brooke Miller,"49668 Vega Locks, Laurafurt, FL 88709",53258,2024-01-15,285,provide friend,2,162.6
59786,Brooke Miller,"49668 Vega Locks, Laurafurt, FL 88709",53258,2024-01-15,9991,each edge,4,185.47
59786,Brooke Miller,"49668 Vega Locks, Laurafurt, FL 88709",11948,2024-07-25,13892,son how,3,889.57
59786,Brooke Miller,"49668 Vega Locks, Laurafurt, FL 88709",11948,2024-07-25,13189,store daughter,4,150.25
59786,Brooke Miller,"49668 Vega Locks, Laurafurt, FL 88709",84643,2024-05-07,4459,admit measure,2,737.28
59786,Brooke Miller,"49668 Vega Locks, Laurafurt, FL 88709",84643,2024-05-07,34209,new family,2,339.87
99751,Carol Edwards,"USS Montgomery, FPO AP 44325",93126,2024-07-12,97994,remain discussion,4,534.48
47557,Elizabeth Dean,"433 Watkins Circles Suite 515, West Joshuaburgh, OR 90607",68544,2024-07-03,58821,yard identify,5,399.75
47557,Elizabeth Dean,"433 Watkins Circles Suite 515, West Joshuaburgh, OR 90607",68544,2024-07-03,4361,follow it,5,328.54
47557,Elizabeth Dean,"433 Watkins Circles Suite 515, West Joshuaburgh, OR 90607",68544,2024-07-03,62170,choice compare,2,506.51
47557,Elizabeth Dean,"433 Watkins Circles Suite 515, West Joshuaburgh, OR 90607",16436,2024-07-29,66829,indicate glass,1,655.22
47557,Elizabeth Dean,"433 Watkins Circles Suite 515, West Joshuaburgh, OR 90607",16436,2024-07-29,39707,record give,2,271.2
47557,Elizabeth Dean,"433 Watkins Circles Suite 515, West Joshuaburgh, OR 90607",55988,2024-05-19,91362,training force,2,640.29
47557,Elizabeth Dean,"433 Watkins Circles Suite 515, West Joshuaburgh, OR 90607",55988,2024-05-19,35740,fly catch,3,408.16
47557,Elizabeth Dean,"433 Watkins Circles Suite 515, West Joshuaburgh, OR 90607",55988,2024-05-19,77235,low nor,2,31.54
61947,Steven Bruce,"96420 Madison Rapid Apt. 640, Fernandofurt, NY 65294",43457,2023-10-24,2649,themselves person,2,382.08
61947,Steven Bruce,"96420 Madison Rapid Apt. 640, Fernandofurt, NY 65294",43457,2023-10-24,62762,amount seat,5,379.34
61947,Steven Bruce,"96420 Madison Rapid Apt. 640, Fernandofurt, NY 65294",81107,2024-06-06,93476,subject court,1,378.85
61947,Steven Bruce,"96420 Madison Rapid Apt. 640, Fernandofurt, NY 65294",40268,2024-08-07,38257,few trade,4,712.15
61947,Steven Bruce,"96420 Madison Rapid Apt. 640, Fernandofurt, NY 65294",40268,2024-08-07,7628,call thought,3,671.06
61947,Steven Bruce,"96420 Madison Rapid Apt. 640, Fernandofurt, NY 65294",40268,2024-08-07,66984,car data,4,115.17
12991,Jennifer Kelly,"USNV Walters, FPO AE 67839",69151,2024-02-24,4459,admit measure,3,737.28
12991,Jennifer Kelly,"USNV Walters, FPO AE 67839",69151,2024-02-24,62762,amount seat,5,379.34
12991,Jennifer Kelly,"USNV Walters, FPO AE 67839",6847,2024-01-07,64717,together system,3,136.24
30529,Mary Bradley,"USNS Arias, FPO AP 96657",10782,2024-02-17,74698,activity both,2,912.19
30529,Mary Bradley,"USNS Arias, FPO AP 96657",10782,2024-02-17,62335,man series,2,619.45
30529,Mary Bradley,"USNS Arias, FPO AP 96657",93735,2024-04-07,62070,firm it,1,709.83
30529,Mary Bradley,"USNS Arias, FPO AP 96657",93735,2024-04-07,13433,positive after,5,154.64
30529,Mary Bradley,"USNS Arias, FPO AP 96657",93735,2024-04-07,83277,west western,5,882.67
69265,Christina Simmons,"819 Amy Alley, New Rhonda, NV 49801",17175,2024-03-04,64717,together system,2,136.24
69265,Christina Simmons,"819 Amy Alley, New Rhonda, NV 49801",17175,2024-03-04,93476,subject court,5,378.85
69265,Christina Simmons,"819 Amy Alley, New Rhonda, NV 49801",45639,2024-03-18,29940,cause here,2,967.4
69265,Christina Simmons,"819 Amy Alley, New Rhonda, NV 49801",45639,2024-03-18,22733,seat your,3,790.71
69265,Christina Simmons,"819 Amy Alley, New Rhonda, NV 49801",45639,2024-03-18,84855,fund account,4,216.8
75214,Ryan Duran,"9637 Thornton Well, Kaylamouth, NH 39648",18876,2023-11-25,30480,area world,3,919.25
75214,Ryan Duran,"9637 Thornton Well, Kaylamouth, NH 39648",49107,2024-04-23,35577,tough no,2,41.98
75214,Ryan Duran,"9637 Thornton Well, Kaylamouth, NH 39648",82276,2024-10-03,60947,front letter,1,793.46
75214,Ryan Duran,"9637 Thornton Well, Kaylamouth, NH 39648",82276,2024-10-03,2649,themselves person,2,382.08
93115,Emily Todd,"1849 Anderson Streets Suite 379, Jessicaport, AS 98855",54528,2023-10-24,99677,game test,2,780.7
97803,Catherine Davenport,"PSC 5280, Box 4164, APO AE 40357",19222,2024-01-13,39707,record give,5,271.2
97803,Catherine Davenport,"PSC 5280, Box 4164, APO AE 40357",19222,2024-01-13,53539,radio develop,1,458.26
97803,Catherine Davenport,"PSC 5280, Box 4164, APO AE 40357",19222,2024-01-13,285,provide friend,4,162.6
49452,Leah Hansen,"731 Bell Glen Suite 285, East Omarburgh, ME 01179",7383,2024-08-22,37001,draw beyond,1,478.75
49452,Leah Hansen,"731 Bell Glen Suite 285, East Omarburgh, ME 01179",7383,2024-08-22,91472,different state,5,513.47
49452,Leah Hansen,"731 Bell Glen Suite 285, East Omarburgh, ME 01179",7383,2024-08-22,34209,new family,2,339.87
49452,Leah Hansen,"731 Bell Glen Suite 285, East Omarburgh, ME 01179",21003,2024-10-21,30480,area world,4,919.25
49452,Leah Hansen,"731 Bell Glen Suite 285, East Omarburgh, ME 01179",21003,2024-10-21,20230,maintain finish,1,37.39
49452,Leah Hansen,"731 Bell Glen Suite 285, East Omarburgh, ME 01179",21003,2024-10-21,49358,west build,2,812.37
49452,Leah Hansen,"731 Bell Glen Suite 285, East Omarburgh, ME 01179",81549,2024-04-13,78574,pretty little,3,275.46
49452,Leah Hansen,"731 Bell Glen Suite 285, East Omarburgh, ME 01179",81549,2024-04-13,64717,together system,4,136.24
49452,Leah Hansen,"731 Bell Glen Suite 285, East Omarburgh, ME 01179",81549,2024-04-13,64717,together system,5,136.24
50618,Michael Davis,"181 Vincent Passage Suite 107, South Jenniferland, LA 61767",86694,2024-01-26,35740,fly catch,2,408.16
50618,Michael Davis,"181 Vincent Passage Suite 107, South Jenniferland, LA 61767",86694,2024-01-26,25217,case full,4,221.27
50618,Michael Davis,"181 Vincent Passage Suite 107, South Jenniferland, LA 61767",86694,2024-01-26,30630,share particularly,5,646.96
50618,Michael Davis,"181 Vincent Passage Suite 107, South Jenniferland, LA 61767",57378,2024-05-04,70166,let candidate,5,337.72
50618,Michael Davis,"181 Vincent Passage Suite 107, South Jenniferland, LA 61767",57378,2024-05-04,65859,however group,1,565.77
50618,Michael Davis,"181 Vincent Passage Suite 107, South Jenniferland, LA 61767",57378,2024-05-04,29397,level visit,2,346.42
50618,Michael Davis,"181 Vincent Passage Suite 107, South Jenniferland, LA 61767",47651,2024-07-23,53539,radio develop,4,458.26
50618,Michael Davis,"181 Vincent Passage Suite 107, South Jenniferland, LA 61767",47651,2024-07-23,48648,some onto,5,35.31
7738,Joseph Williams,"USS Bartlett, FPO AE 77990",67187,2024-03-26,59794,economic power,1,146.78
7738,Joseph Williams,"USS Bartlett, FPO AE 77990",67187,2024-03-26,44214,himself world,4,597.5
7738,Joseph Williams,"USS Bartlett, FPO AE 77990",67187,2024-03-26,73670,government leg,1,838.01
7738,Joseph Williams,"USS Bartlett, FPO AE 77990",31344,2023-11-12,38257,few trade,2,712.15
20998,Sean Pennington,"93662 Tamara Shoals Apt. 236, East Jeffery, ME 81871",43928,2023-11-02,62170,choice compare,3,506.51
20998,Sean Pennington,"93662 Tamara Shoals Apt. 236, East Jeffery, ME 81871",43928,2023-11-02,1025,against return,1,307.44
20998,Sean Pennington,"93662 Tamara Shoals Apt. 236, East Jeffery, ME 81871",61796,2023-12-07,83277,west western,5,882.67
20998,Sean Pennington,"93662 Tamara Shoals Apt. 236, East Jeffery, ME 81871",61796,2023-12-07,65859,however group,3,565.77
20998,Sean Pennington,"93662 Tamara Shoals Apt. 236, East Jeffery, ME 81871",61796,2023-12-07,29940,cause here,5,967.4
71997,Meredith Steele,"2456 Lisa Shores Suite 090, Nathanhaven, MS 56467",59878,2024-08-16,64717,together system,4,136.24
71997,Meredith Steele,"2456 Lisa Shores Suite 090, Nathanhaven, MS 56467",59878,2024-08-16,91241,Republican police,5,442.29
71997,Meredith Steele,"2456 Lisa Shores Suite 090, Nathanhaven, MS 56467",19398,2024-01-23,37001,draw beyond,3,478.75
71997,Meredith Steele,"2456 Lisa Shores Suite 090, Nathanhaven, MS 56467",19398,2024-01-23,87329,worker organization,1,990.26
71997,Meredith Steele,"2456 Lisa Shores Suite 090, Nathanhaven, MS 56467",19398,2024-01-23,9868,reduce first,1,882.4
14915,Emily Anderson,"04586 Merritt Harbor, Kellerton, NV 96956",19279,2024-10-11,13189,store daughter,5,150.25
14915,Emily Anderson,"04586 Merritt Harbor, Kellerton, NV 96956",19279,2024-10-11,9868,reduce first,3,882.4
10168,Michelle Stout,"PSC 7921, Box 2422, APO AE 89327",71567,2024-07-21,77235,low nor,5,31.54
10168,Michelle Stout,"PSC 7921, Box 2422, APO AE 89327",71567,2024-07-21,4459,admit measure,1,737.28
10168,Michelle Stout,"PSC 7921, Box 2422, APO AE 89327",2776,2024-07-09,31737,pull idea,3,700.12
10168,Michelle Stout,"PSC 7921, Box 2422, APO AE 89327",2776,2024-07-09,60205,probably character,2,828.78
43398,Rita Rivera,"50340 Cheryl Dale, Kelseybury, NH 39648",24780,2024-10-04,93476,subject court,2,378.85
43398,Rita Rivera,"50340 Cheryl Dale, Kelseybury, NH 39648",24780,2024-10-04,92810,citizen dream,1,876.79
43398,Rita Rivera,"50340 Cheryl Dale, Kelseybury, NH 39648",24780,2024-10-04,95733,south interview,2,259.25
43398,Rita Rivera,"50340 Cheryl Dale, Kelseybury, NH 39648",6573,2024-05-02,60947,front letter,1,793.46
43398,Rita Rivera,"50340 Cheryl Dale, Kelseybury, NH 39648",6573,2024-05-02,67406,threat mission,5,181.57
43398,Rita Rivera,"50340 Cheryl Dale, Kelseybury, NH 39648",89865,2024-03-08,68778,rule deal,4,111.08
43398,Rita Rivera,"50340 Cheryl Dale, Kelseybury, NH 39648",89865,2024-03-08,49358,west build,2,812.37
43398,Rita Rivera,"50340 Cheryl Dale, Kelseybury, NH 39648",89865,2024-03-08,70166,let candidate,1,337.72
54174,Jennifer Davis,"PSC 6492, Box 9022, APO AE 54156",84216,2024-04-26,5537,why day,1,432.56
54174,Jennifer Davis,"PSC 6492, Box 9022, APO AE 54156",84216,2024-04-26,27975,make site,4,254.19
54174,Jennifer Davis,"PSC 6492, Box 9022, APO AE 54156",84216,2024-04-26,68778,rule deal,4,111.08
52789,Thomas Ochoa,"0314 Bauer Flats, Martinezbury, HI 30933",5470,2024-02-06,67406,threat mission,5,181.57
50151,Adrian Phelps,"40677 Billy Knoll Apt. 707, Thompsonview, CT 99642",27710,2023-11-29,48648,some onto,1,35.31
50151,Adrian Phelps,"40677 Billy Knoll Apt. 707, Thompsonview, CT 99642",55877,2024-04-23,57048,central finish,4,349.0
50151,Adrian Phelps,"40677 Billy Knoll Apt. 707, Thompsonview, CT 99642",55877,2024-04-23,29940,cause here,3,967.4
50151,Adrian Phelps,"40677 Billy Knoll Apt. 707, Thompsonview, CT 99642",38687,2024-05-17,87329,worker organization,4,990.26
40575,Ashley Hill,"5856 Sierra Underpass, Port Natasha, PA 19759",83000,2023-11-22,79139,administration success,3,378.98
40575,Ashley Hill,"5856 Sierra Underpass, Port Natasha, PA 19759",83000,2023-11-22,27975,make site,3,254.19
40575,Ashley Hill,"5856 Sierra Underpass, Port Natasha, PA 19759",83000,2023-11-22,99677,game test,2,780.7
32247,Ricardo Valencia,"090 Smith Port, Allisonborough, NV 10536",64366,2024-05-20,13433,positive after,3,154.64
32247,Ricardo Valencia,"090 Smith Port, Allisonborough, NV 10536",64366,2024-05-20,44518,build society,2,303.04
93280,Mrs. Kimberly Scott,"81263 Isaac Extension, Birdport, MA 90823",91060,2023-11-03,66829,indicate glass,2,655.22
93280,Mrs. Kimberly Scott,"81263 Isaac Extension, Birdport, MA 90823",91060,2023-11-03,58821,yard identify,4,399.75
93280,Mrs. Kimberly Scott,"81263 Isaac Extension, Birdport, MA 90823",91060,2023-11-03,77235,low nor,2,31.54
93280,Mrs. Kimberly Scott,"81263 Isaac Extension, Birdport, MA 90823",8403,2024-01-04,66986,stay away,5,171.66
93280,Mrs. Kimberly Scott,"81263 Isaac Extension, Birdport, MA 90823",8403,2024-01-04,91472,different state,1,513.47
93280,Mrs. Kimberly Scott,"81263 Isaac Extension, Birdport, MA 90823",8403,2024-01-04,27041,popular figure,5,483.9
93280,Mrs. Kimberly Scott,"81263 Isaac Extension, Birdport, MA 90823",77223,2024-07-23,62335,man series,2,619.45
4742,Anna Lang,"1365 Alvarado Stravenue, Chapmanhaven, FM 50678",22268,2024-06-26,30630,share particularly,1,646.96
4742,Anna Lang,"1365 Alvarado Stravenue, Chapmanhaven, FM 50678",53624,2024-06-18,23504,may somebody,3,223.91
4742,Anna Lang,"1365 Alvarado Stravenue, Chapmanhaven, FM 50678",53624,2024-06-18,3436,he pattern,3,504.18
4742,Anna Lang,"1365 Alvarado Stravenue, Chapmanhaven, FM 50678",53624,2024-06-18,78574,pretty little,5,275.46
67562,Matthew Lopez,"8092 Jodi Ferry, Port Scott, MT 31968",51424,2024-06-06,25217,case full,5,221.27
67562,Matthew Lopez,"8092 Jodi Ferry, Port Scott, MT 31968",51424,2024-06-06,68778,rule deal,2,111.08
67562,Matthew Lopez,"8092 Jodi Ferry, Port Scott, MT 31968",58701,2023-11-22,7628,call thought,5,671.06
67562,Matthew Lopez,"8092 Jodi Ferry, Port Scott, MT 31968",58701,2023-11-22,88584,law within,4,851.28
67562,Matthew Lopez,"8092 Jodi Ferry, Port Scott, MT 31968",13599,2024-07-23,37534,dark few,2,290.77
46010,Kathleen Farrell,"809 Jennifer Turnpike Apt. 123, North Jackville, WV 49218",99490,2024-01-04,93476,subject court,1,378.85
46010,Kathleen Farrell,"809 Jennifer Turnpike Apt. 123, North Jackville, WV 49218",99490,2024-01-04,9868,reduce first,3,882.4
46010,Kathleen Farrell,"809 Jennifer Turnpike Apt. 123, North Jackville, WV 49218",1470,2024-07-17,38980,light together,4,757.42
46010,Kathleen Farrell,"809 Jennifer Turnpike Apt. 123, North Jackville, WV 49218",1470,2024-07-17,39680,wait phone,5,390.08
43266,Tracy Watkins,"362 Mary Stravenue, Markberg, PR 15291",53549,2024-07-12,84927,team allow,4,332.14
43266,Tracy Watkins,"362 Mary Stravenue, Markberg, PR 15291",53549,2024-07-12,66984,car data,4,115.17
43266,Tracy Watkins,"362 Mary Stravenue, Markberg, PR 15291",53549,2024-07-12,49358,west build,1,812.37
79384,Lisa Parks,"Unit 6419 Box 2815, DPO AP 43655",91916,2023-10-23,52265,international watch,2,110.68
79384,Lisa Parks,"Unit 6419 Box 2815, DPO AP 43655",40034,2024-04-28,59794,economic power,5,146.78
79384,Lisa Parks,"Unit 6419 Box 2815, DPO AP 43655",25340,2024-06-27,37001,draw beyond,5,478.75
27544,Nicole Trujillo,"28940 Carlos View, South Nicoleview, KS 01957",56908,2024-07-13,58821,yard identify,3,399.75
27544,Nicole Trujillo,"28940 Carlos View, South Nicoleview, KS 01957",56908,2024-07-13,99677,game test,3,780.7
27544,Nicole Trujillo,"28940 Carlos View, South Nicoleview, KS 01957",56908,2024-07-13,285,provide friend,3,162.6
93235,Sara Wood,"82047 Ball Parks, West Marcusview, CO 37286",49754,2024-05-14,41230,church always,3,428.98
93235,Sara Wood,"82047 Ball Parks, West Marcusview, CO 37286",49754,2024-05-14,5537,why day,5,432.56
93235,Sara Wood,"82047 Ball Parks, West Marcusview, CO 37286",49754,2024-05-14,34209,new family,1,339.87
15562,Deanna Greene,"10002 Taylor Ford Apt. 516, Kristinshire, OK 88479",74223,2023-12-03,62170,choice compare,2,506.51
15562,Deanna Greene,"10002 Taylor Ford Apt. 516, Kristinshire, OK 88479",48188,2024-04-28,89010,state since,4,773.88
15562,Deanna Greene,"10002 Taylor Ford Apt. 516, Kristinshire, OK 88479",48188,2024-04-28,70552,blood sister,1,901.46
35124,Renee Oneill,"659 Nelson Loop, Anthonyshire, CA 54126",18684,2024-04-13,20230,maintain finish,2,37.39
35124,Renee Oneill,"659 Nelson Loop, Anthonyshire, CA 54126",18684,2024-04-13,38980,light together,1,757.42
35124,Renee Oneill,"659 Nelson Loop, Anthonyshire, CA 54126",18684,2024-04-13,77235,low nor,2,31.54
35124,Renee Oneill,"659 Nelson Loop, Anthonyshire, CA 54126",60614,2023-11-22,25025,mouth key,5,575.89
35124,Renee Oneill,"659 Nelson Loop, Anthonyshire, CA 54126",71441,2024-04-15,88584,law within,4,851.28
35124,Renee Oneill,"659 Nelson Loop, Anthonyshire, CA 54126",71441,2024-04-15,12041,most easy,3,550.4
35124,Renee Oneill,"659 Nelson Loop, Anthonyshire, CA 54126",71441,2024-04-15,38257,few trade,4,712.15
6684,Ronald Edwards,"4112 David Glen Suite 111, Garyside, IL 89456",43972,2024-09-29,70552,blood sister,1,901.46
18102,Mary Mcknight,"3027 Garcia Road, Amberstad, AR 87921",49985,2024-10-04,98054,if top,5,973.01
45416,Deanna Johnson,"49611 Taylor Plains, Lake William, ND 21720",12635,2024-01-31,85138,same impact,4,638.88
45416,Deanna Johnson,"49611 Taylor Plains, Lake William, ND 21720",12635,2024-01-31,31737,pull idea,4,700.12
12017,Laura Ortiz,"04572 Garcia Estate, Diamondberg, OH 21780",76443,2024-01-02,29397,level visit,3,346.42
12017,Laura Ortiz,"04572 Garcia Estate, Diamondberg, OH 21780",76443,2024-01-02,4080,reach physical,3,879.22
12017,Laura Ortiz,"04572 Garcia Estate, Diamondberg, OH 21780",32031,2024-08-29,66829,indicate glass,2,655.22
12017,Laura Ortiz,"04572 Garcia Estate, Diamondberg, OH 21780",32031,2024-08-29,9868,reduce first,4,882.4
12017,Laura Ortiz,"04572 Garcia Estate, Diamondberg, OH 21780",32031,2024-08-29,44518,build society,3,303.04
2342,Mrs. Leslie Melendez PhD,"674 Lauren Centers Apt. 733, Port Bridget, FL 14169",56633,2024-02-08,22733,seat your,2,790.71
26122,David Gross,"4937 Cruz Unions Suite 547, Roberttown, MT 87981",81558,2023-11-15,91472,different state,3,513.47
26122,David Gross,"4937 Cruz Unions Suite 547, Roberttown, MT 87981",68690,2024-06-25,44214,himself world,3,597.5
26122,David Gross,"4937 Cruz Unions Suite 547, Roberttown, MT 87981",68690,2024-06-25,4080,reach physical,5,879.22
54967,Scott Newman,"198 Bauer Plains, Matthewston, MN 64495",93888,2024-02-14,3588,collection child,2,52.62
34013,Donald Bauer,"USS Malone, FPO AP 33850",66013,2024-02-07,13189,store daughter,5,150.25
34013,Donald Bauer,"USS Malone, FPO AP 33850",66013,2024-02-07,62335,man series,5,619.45
34013,Donald Bauer,"USS Malone, FPO AP 33850",66013,2024-02-07,52265,international watch,4,110.68
34013,Donald Bauer,"USS Malone, FPO AP 33850",27133,2024-03-04,13433,positive after,3,154.64
34013,Donald Bauer,"USS Malone, FPO AP 33850",27133,2024-03-04,46813,avoid loss,5,58.75
34013,Donald Bauer,"USS Malone, FPO AP 33850",27133,2024-03-04,10729,hotel degree,3,800.46
34013,Donald Bauer,"USS Malone, FPO AP 33850",27821,2024-05-09,35740,fly catch,1,408.16
34013,Donald Bauer,"USS Malone, FPO AP 33850",27821,2024-05-09,99467,entire clear,1,168.62
34013,Donald Bauer,"USS Malone, FPO AP 33850",27821,2024-05-09,59794,economic power,2,146.78
60869,Deborah Paul,"731 Haley Valleys Apt. 209, East Jack, WI 79633",28706,2024-03-13,78574,pretty little,2,275.46
60869,Deborah Paul,"731 Haley Valleys Apt. 209, East Jack, WI 79633",37027,2024-06-16,46813,avoid loss,1,58.75
60869,Deborah Paul,"731 Haley Valleys Apt. 209, East Jack, WI 79633",37027,2024-06-16,77235,low nor,5,31.54
60869,Deborah Paul,"731 Haley Valleys Apt. 209, East Jack, WI 79633",37027,2024-06-16,97994,remain discussion,5,534.48
60869,Deborah Paul,"731 Haley Valleys Apt. 209, East Jack, WI 79633",78941,2024-04-04,93476,subject court,5,378.85
60869,Deborah Paul,"731 Haley Valleys Apt. 209, East Jack, WI 79633",78941,2024-04-04,10729,hotel degree,1,800.46
93720,Angela Weaver,"330 Lisa Squares Apt. 568, North Jenniferborough, WI 93237",90554,2024-03-03,38257,few trade,3,712.15
93720,Angela Weaver,"330 Lisa Squares Apt. 568, North Jenniferborough, WI 93237",90554,2024-03-03,38980,light together,3,757.42
93720,Angela Weaver,"330 Lisa Squares Apt. 568, North Jenniferborough, WI 93237",12865,2024-03-15,75590,fill condition,4,803.04
65256,Emma Cooley,"1495 Maria Fort Suite 942, Port Arthurfurt, MD 08686",5959,2024-06-11,67406,threat mission,3,181.57
65256,Emma Cooley,"1495 Maria Fort Suite 942, Port Arthurfurt, MD 08686",5959,2024-06-11,4080,reach physical,3,879.22
7236,Tina Lewis,"260 Ramirez Mission, Port Wendy, PA 72262",31425,2024-09-18,68778,rule deal,2,111.08
7236,Tina Lewis,"260 Ramirez Mission, Port Wendy, PA 72262",31425,2024-09-18,5537,why day,5,432.56
7236,Tina Lewis,"260 Ramirez Mission, Port Wendy, PA 72262",31425,2024-09-18,25025,mouth key,2,575.89
7236,Tina Lewis,"260 Ramirez Mission, Port Wendy, PA 72262",47988,2024-04-20,31737,pull idea,5,700.12
7236,Tina Lewis,"260 Ramirez Mission, Port Wendy, PA 72262",19676,2024-01-07,31737,pull idea,4,700.12
7236,Tina Lewis,"260 Ramirez Mission, Port Wendy, PA 72262",19676,2024-01-07,66829,indicate glass,4,655.22
40074,Eric Hines,"3118 Michelle Dale Apt. 957, New Tammyhaven, TX 50031",13388,2024-09-25,48648,some onto,4,35.31
40074,Eric Hines,"3118 Michelle Dale Apt. 957, New Tammyhaven, TX 50031",13388,2024-09-25,34209,new family,5,339.87
40074,Eric Hines,"3118 Michelle Dale Apt. 957, New Tammyhaven, TX 50031",42094,2024-01-10,285,provide friend,1,162.6
40074,Eric Hines,"3118 Michelle Dale Apt. 957, New Tammyhaven, TX 50031",42094,2024-01-10,34209,new family,2,339.87
11240,Jose Bowen,"73436 Patel Walk, Mcneilbury, GU 33019",78270,2024-08-16,74698,activity both,3,912.19
11240,Jose Bowen,"73436 Patel Walk, Mcneilbury, GU 33019",78270,2024-08-16,2235,senior work,2,871.17
11240,Jose Bowen,"73436 Patel Walk, Mcneilbury, GU 33019",78270,2024-08-16,99677,game test,3,780.7
31446,Jacqueline Gomez,"8621 Keller Islands Suite 632, Pricefurt, OH 02979",88272,2024-03-03,3588,collection child,1,52.62
64912,William Ward,"09623 Kenneth Road, East Michaelbury, DE 49740",22357,2024-06-01,77235,low nor,5,31.54
64912,William Ward,"09623 Kenneth Road, East Michaelbury, DE 49740",22357,2024-06-01,89010,state since,1,773.88
64912,William Ward,"09623 Kenneth Road, East Michaelbury, DE 49740",22357,2024-06-01,27041,popular figure,2,483.9
64912,William Ward,"09623 Kenneth Road, East Michaelbury, DE 49740",35936,2024-02-02,31238,church interest,1,54.88
64912,William Ward,"09623 Kenneth Road, East Michaelbury, DE 49740",35936,2024-02-02,60947,front letter,3,793.46
64912,William Ward,"09623 Kenneth Road, East Michaelbury, DE 49740",34095,2024-02-05,30630,share particularly,4,646.96
39185,John Wright,"785 Sierra Road, Danielfort, IN 18607",81590,2024-08-24,91472,different state,3,513.47
39185,John Wright,"785 Sierra Road, Danielfort, IN 18607",42181,2024-10-15,38257,few trade,3,712.15
39185,John Wright,"785 Sierra Road, Danielfort, IN 18607",89984,2024-07-27,37534,dark few,2,290.77
39185,John Wright,"785 Sierra Road, Danielfort, IN 18607",89984,2024-07-27,2235,senior work,3,871.17
39185,John Wright,"785 Sierra Road, Danielfort, IN 18607",89984,2024-07-27,93476,subject court,2,378.85
77068,Kylie Sutton,"9184 Ruth Gateway, Port Kennethview, MS 28005",78857,2024-04-09,44518,build society,5,303.04
77068,Kylie Sutton,"9184 Ruth Gateway, Port Kennethview, MS 28005",78857,2024-04-09,70166,let candidate,1,337.72
13889,Tony Cook,"13288 Carrie Plains, Stevensonchester, MP 91709",46983,2024-04-04,89010,state since,2,773.88
13889,Tony Cook,"13288 Carrie Plains, Stevensonchester, MP 91709",72543,2024-08-09,5537,why day,5,432.56
13889,Tony Cook,"13288 Carrie Plains, Stevensonchester, MP 91709",72543,2024-08-09,13892,son how,1,889.57
13889,Tony Cook,"13288 Carrie Plains, Stevensonchester, MP 91709",37411,2023-11-09,66829,indicate glass,4,655.22
76082,Mariah Smith,"08970 Thomas Pike, Johnsonbury, AS 84143",75718,2024-08-20,12041,most easy,5,550.4
76082,Mariah Smith,"08970 Thomas Pike, Johnsonbury, AS 84143",65506,2024-07-11,3436,he pattern,1,504.18
77051,Anthony Reese,"9347 Nicholas Mews Suite 427, North Ronaldborough, FL 31064",10693,2024-07-06,37001,draw beyond,2,478.75
77051,Anthony Reese,"9347 Nicholas Mews Suite 427, North Ronaldborough, FL 31064",65092,2023-10-22,62762,amount seat,2,379.34
77051,Anthony Reese,"9347 Nicholas Mews Suite 427, North Ronaldborough, FL 31064",65092,2023-10-22,5537,why day,2,432.56
77051,Anthony Reese,"9347 Nicholas Mews Suite 427, North Ronaldborough, FL 31064",65092,2023-10-22,78574,pretty little,5,275.46
78775,Dr. Danielle Howell,"0751 Melissa Courts, East Jenniferside, MD 84276",87114,2024-10-19,7458,could tell,2,311.26
78775,Dr. Danielle Howell,"0751 Melissa Courts, East Jenniferside, MD 84276",87114,2024-10-19,84855,fund account,3,216.8
78775,Dr. Danielle Howell,"0751 Melissa Courts, East Jenniferside, MD 84276",87114,2024-10-19,39707,record give,4,271.2
6699,Sean Carter,"94400 Jeffrey Junction Suite 978, Port Austin, DE 45233",95633,2024-03-31,67406,threat mission,2,181.57
6699,Sean Carter,"94400 Jeffrey Junction Suite 978, Port Austin, DE 45233",95633,2024-03-31,58821,yard identify,4,399.75
6699,Sean Carter,"94400 Jeffrey Junction Suite 978, Port Austin, DE 45233",95633,2024-03-31,30630,share particularly,3,646.96
6699,Sean Carter,"94400 Jeffrey Junction Suite 978, Port Austin, DE 45233",70141,2023-11-08,4459,admit measure,3,737.28
6699,Sean Carter,"94400 Jeffrey Junction Suite 978, Port Austin, DE 45233",70141,2023-11-08,20230,maintain finish,5,37.39
79933,James Miranda,"4520 Wise Points, Brettshire, MO 51214",59670,2024-01-16,46813,avoid loss,3,58.75
79933,James Miranda,"4520 Wise Points, Brettshire, MO 51214",59670,2024-01-16,37534,dark few,1,290.77
76224,Jacob Roberts,"190 Laura Meadow Suite 101, South Jeromeburgh, NE 37208",4081,2024-01-07,27975,make site,4,254.19
76224,Jacob Roberts,"190 Laura Meadow Suite 101, South Jeromeburgh, NE 37208",4081,2024-01-07,285,provide friend,1,162.6
76224,Jacob Roberts,"190 Laura Meadow Suite 101, South Jeromeburgh, NE 37208",4081,2024-01-07,48648,some onto,4,35.31
76224,Jacob Roberts,"190 Laura Meadow Suite 101, South Jeromeburgh, NE 37208",8138,2024-07-22,24491,friend senior,2,785.53
76224,Jacob Roberts,"190 Laura Meadow Suite 101, South Jeromeburgh, NE 37208",23289,2024-02-08,62762,amount seat,3,379.34
76224,Jacob Roberts,"190 Laura Meadow Suite 101, South Jeromeburgh, NE 37208",23289,2024-02-08,46813,avoid loss,3,58.75
8747,Jorge Johnson,"925 Shannon Mill, Javierland, LA 81730",37231,2024-03-24,14861,social ahead,5,118.94
8747,Jorge Johnson,"925 Shannon Mill, Javierland, LA 81730",59286,2024-03-08,44214,himself world,3,597.5
