client_id,nom_client,adresse_client,facture_id,date_facture,produit_id,nom_produit,quantité,prix_unitaire
667,Johnathan Erickson,"54552 Michele Port Apt. 363, West Melissa, NY 29863",64371,2023-12-21,23504,may somebody,4,223.91
667,Johnathan Erickson,"54552 Michele Port Apt. 363, West Melissa, NY 29863",73886,2024-07-02,20230,maintain finish,5,37.39
667,Johnathan Erickson,"54552 Michele Port Apt. 363, West Melissa, NY 29863",94525,2024-06-20,91241,Republican police,3,442.29
667,Johnathan Erickson,"54552 Michele Port Apt. 363, West Melissa, NY 29863",94525,2024-06-20,9868,reduce first,2,882.4
667,Johnathan Erickson,"54552 Michele Port Apt. 363, West Melissa, NY 29863",94525,2024-06-20,22733,seat your,5,790.71
88839,Charles Kim,"50767 Gregory Views, Robertside, MN 86764",27921,2023-11-10,79139,administration success,2,378.98
88839,Charles Kim,"50767 Gregory Views, Robertside, MN 86764",27921,2023-11-10,60205,probably character,1,828.78
88839,Charles Kim,"50767 Gregory Views, Robertside, MN 86764",27921,2023-11-10,70552,blood sister,2,901.46
88839,Charles Kim,"50767 Gregory Views, Robertside, MN 86764",77036,2023-10-24,87329,worker organization,1,990.26
88839,Charles Kim,"50767 Gregory Views, Robertside, MN 86764",77036,2023-10-24,44214,himself world,1,597.5
88839,Charles Kim,"50767 Gregory Views, Robertside, MN 86764",77036,2023-10-24,74698,activity both,2,912.19
88839,Charles Kim,"50767 Gregory Views, Robertside, MN 86764",46274,2024-02-06,91472,different state,3,513.47
88839,Charles Kim,"50767 Gregory Views, Robertside, MN 86764",30250,2024-10-18,98054,if top,5,973.01
88839,Charles Kim,"50767 Gregory Views, Robertside, MN 86764",30250,2024-10-18,74698,activity both,5,912.19
88839,Charles Kim,"50767 Gregory Views, Robertside, MN 86764",30250,2024-10-18,84855,fund account,5,216.8
88839,Charles Kim,"50767 Gregory Views, Robertside, MN 86764",53694,2024-06-30,39680,wait phone,2,390.08
88839,Charles Kim,"50767 Gregory Views, Robertside, MN 86764",53694,2024-06-30,35577,tough no,2,41.98
22856,Katherine Figueroa,"38805 William Station Suite 218, Allenfort, UT 12738",40572,2024-10-10,22733,seat your,1,790.71
22856,Katherine Figueroa,"38805 William Station Suite 218, Allenfort, UT 12738",89483,2024-06-27,91241,Republican police,3,442.29
22856,Katherine Figueroa,"38805 William Station Suite 218, Allenfort, UT 12738",9796,2024-07-11,41230,church always,3,428.98
22856,Katherine Figueroa,"38805 William Station Suite 218, Allenfort, UT 12738",9796,2024-07-11,68778,rule deal,3,111.08
22856,Katherine Figueroa,"38805 William Station Suite 218, Allenfort, UT 12738",9796,2024-07-11,23504,may somebody,5,223.91
82213,Mr. John Aguirre,"1427 Beltran Crossroad, East Krista, PR 45715",54434,2024-04-28,62335,man series,4,619.45
82213,Mr. John Aguirre,"1427 Beltran Crossroad, East Krista, PR 45715",53990,2024-09-23,83028,impact reach,2,880.32
82213,Mr. John Aguirre,"1427 Beltran Crossroad, East Krista, PR 45715",53990,2024-09-23,95733,south interview,5,259.25
25505,Elizabeth Jones,"USNS Allen, FPO AA 51031",59574,2024-03-31,29397,level visit,4,346.42
25505,Elizabeth Jones,"USNS Allen, FPO AA 51031",59574,2024-03-31,99467,entire clear,2,168.62
25505,Elizabeth Jones,"USNS Allen, FPO AA 51031",59574,2024-03-31,14861,social ahead,4,118.94
25505,Elizabeth Jones,"USNS Allen, FPO AA 51031",5051,2024-02-14,5537,why day,4,432.56
25505,Elizabeth Jones,"USNS Allen, FPO AA 51031",77872,2024-03-04,5537,why day,3,432.56
25505,Elizabeth Jones,"USNS Allen, FPO AA 51031",24205,2024-01-30,95733,south interview,5,259.25
74347,Stacy Stewart,"5683 Greer Shore, New Deborahland, MH 19326",55389,2023-12-06,73670,government leg,5,838.01
74347,Stacy Stewart,"5683 Greer Shore, New Deborahland, MH 19326",55389,2023-12-06,79139,administration success,2,378.98
74347,Stacy Stewart,"5683 Greer Shore, New Deborahland, MH 19326",55389,2023-12-06,2235,senior work,2,871.17
74347,Stacy Stewart,"5683 Greer Shore, New Deborahland, MH 19326",89043,2024-08-10,77235,low nor,4,31.54
74347,Stacy Stewart,"5683 Greer Shore, New Deborahland, MH 19326",12283,2024-05-20,84927,team allow,3,332.14
74347,Stacy Stewart,"5683 Greer Shore, New Deborahland, MH 19326",29330,2024-10-06,12041,most easy,2,550.4
44972,Joy Dalton,"263 Scott Mission Apt. 309, Parkerberg, ME 92912",13163,2024-07-31,4080,reach physical,3,879.22
44972,Joy Dalton,"263 Scott Mission Apt. 309, Parkerberg, ME 92912",13163,2024-07-31,3436,he pattern,2,504.18
26345,Samantha Hall,"14339 Martin Underpass, East Troyfort, NV 19044",33780,2024-07-26,24491,friend senior,1,785.53
26345,Samantha Hall,"14339 Martin Underpass, East Troyfort, NV 19044",55400,2024-03-19,24491,friend senior,3,785.53
26345,Samantha Hall,"14339 Martin Underpass, East Troyfort, NV 19044",55400,2024-03-19,14861,social ahead,2,118.94
26345,Samantha Hall,"14339 Martin Underpass, East Troyfort, NV 19044",55400,2024-03-19,31737,pull idea,5,700.12
26345,Samantha Hall,"14339 Martin Underpass, East Troyfort, NV 19044",52547,2024-05-05,62335,man series,4,619.45
26345,Samantha Hall,"14339 Martin Underpass, East Troyfort, NV 19044",52547,2024-05-05,98054,if top,5,973.01
26345,Samantha Hall,"14339 Martin Underpass, East Troyfort, NV 19044",43567,2024-08-02,12041,most easy,2,550.4
26345,Samantha Hall,"14339 Martin Underpass, East Troyfort, NV 19044",43567,2024-08-02,14861,social ahead,4,118.94
26345,Samantha Hall,"14339 Martin Underpass, East Troyfort, NV 19044",44612,2024-08-08,87329,worker organization,2,990.26
26345,Samantha Hall,"14339 Martin Underpass, East Troyfort, NV 19044",44612,2024-08-08,99677,game test,5,780.7
26345,Samantha Hall,"14339 Martin Underpass, East Troyfort, NV 19044",44612,2024-08-08,35577,tough no,4,41.98
12171,Tyler Sanders,"9431 Woods Hollow Apt. 990, Paulfurt, WA 18369",57997,2023-10-31,91241,Republican police,2,442.29
12171,Tyler Sanders,"9431 Woods Hollow Apt. 990, Paulfurt, WA 18369",57997,2023-10-31,22733,seat your,5,790.71
12171,Tyler Sanders,"9431 Woods Hollow Apt. 990, Paulfurt, WA 18369",50813,2024-07-19,4459,admit measure,3,737.28
12171,Tyler Sanders,"9431 Woods Hollow Apt. 990, Paulfurt, WA 18369",50813,2024-07-19,88584,law within,3,851.28
12171,Tyler Sanders,"9431 Woods Hollow Apt. 990, Paulfurt, WA 18369",50813,2024-07-19,70918,team clear,5,59.7
12171,Tyler Sanders,"9431 Woods Hollow Apt. 990, Paulfurt, WA 18369",7126,2024-04-21,79139,administration success,2,378.98
38755,Michelle Holloway,"357 Emily Port Apt. 896, Tracyfurt, NM 19991",40586,2024-10-14,39680,wait phone,3,390.08
38755,Michelle Holloway,"357 Emily Port Apt. 896, Tracyfurt, NM 19991",40586,2024-10-14,99467,entire clear,5,168.62
38755,Michelle Holloway,"357 Emily Port Apt. 896, Tracyfurt, NM 19991",40586,2024-10-14,70166,let candidate,1,337.72
38755,Michelle Holloway,"357 Emily Port Apt. 896, Tracyfurt, NM 19991",83869,2024-06-21,99677,game test,2,780.7
38755,Michelle Holloway,"357 Emily Port Apt. 896, Tracyfurt, NM 19991",86863,2024-01-09,29940,cause here,4,967.4
38755,Michelle Holloway,"357 Emily Port Apt. 896, Tracyfurt, NM 19991",93022,2024-04-22,91362,training force,3,640.29
38755,Michelle Holloway,"357 Emily Port Apt. 896, Tracyfurt, NM 19991",93022,2024-04-22,74698,activity both,4,912.19
34630,Charles Perez,"33147 Parker Expressway Apt. 626, Grayside, MO 14138",48350,2023-11-06,13892,son how,3,889.57
34630,Charles Perez,"33147 Parker Expressway Apt. 626, Grayside, MO 14138",58990,2024-05-08,97994,remain discussion,2,534.48
34630,Charles Perez,"33147 Parker Expressway Apt. 626, Grayside, MO 14138",58990,2024-05-08,75590,fill condition,5,803.04
34630,Charles Perez,"33147 Parker Expressway Apt. 626, Grayside, MO 14138",58990,2024-05-08,64717,together system,1,136.24
34630,Charles Perez,"33147 Parker Expressway Apt. 626, Grayside, MO 14138",84668,2024-09-25,58821,yard identify,3,399.75
22993,Robert Smith,"1388 Taylor Terrace Apt. 661, Ericaburgh, ND 43396",84421,2024-09-02,35577,tough no,2,41.98
22993,Robert Smith,"1388 Taylor Terrace Apt. 661, Ericaburgh, ND 43396",84421,2024-09-02,35618,now suddenly,2,725.87
22993,Robert Smith,"1388 Taylor Terrace Apt. 661, Ericaburgh, ND 43396",84421,2024-09-02,60947,front letter,4,793.46
22993,Robert Smith,"1388 Taylor Terrace Apt. 661, Ericaburgh, ND 43396",88331,2024-04-23,9991,each edge,1,185.47
8323,Sarah Powell,"87008 Stephanie Plaza, Sullivanview, MT 41832",99729,2024-03-10,75590,fill condition,2,803.04
8323,Sarah Powell,"87008 Stephanie Plaza, Sullivanview, MT 41832",99729,2024-03-10,35577,tough no,2,41.98
8323,Sarah Powell,"87008 Stephanie Plaza, Sullivanview, MT 41832",99729,2024-03-10,2649,themselves person,2,382.08
12097,Jamie Eaton,"2440 Samantha Knoll Apt. 066, Lake Lauraberg, AL 20691",57684,2024-04-23,91362,training force,4,640.29
12097,Jamie Eaton,"2440 Samantha Knoll Apt. 066, Lake Lauraberg, AL 20691",57684,2024-04-23,38257,few trade,2,712.15
12097,Jamie Eaton,"2440 Samantha Knoll Apt. 066, Lake Lauraberg, AL 20691",63301,2024-04-13,38980,light together,2,757.42
51251,Ryan Jones,"990 Juan Cove, Ruizside, AS 99808",40010,2024-09-16,70166,let candidate,1,337.72
51251,Ryan Jones,"990 Juan Cove, Ruizside, AS 99808",40010,2024-09-16,37534,dark few,5,290.77
51251,Ryan Jones,"990 Juan Cove, Ruizside, AS 99808",40010,2024-09-16,30630,share particularly,2,646.96
51251,Ryan Jones,"990 Juan Cove, Ruizside, AS 99808",10598,2024-02-16,39707,record give,2,271.2
15879,Brandon Long,"332 Jessica Passage Apt. 419, Martinland, WI 14750",28342,2024-03-18,23419,represent which,2,615.92
15879,Brandon Long,"332 Jessica Passage Apt. 419, Martinland, WI 14750",28342,2024-03-18,85138,same impact,5,638.88
15879,Brandon Long,"332 Jessica Passage Apt. 419, Martinland, WI 14750",82134,2024-06-03,62170,choice compare,5,506.51
15879,Brandon Long,"332 Jessica Passage Apt. 419, Martinland, WI 14750",82134,2024-06-03,84855,fund account,5,216.8
15879,Brandon Long,"332 Jessica Passage Apt. 419, Martinland, WI 14750",82134,2024-06-03,2235,senior work,3,871.17
15879,Brandon Long,"332 Jessica Passage Apt. 419, Martinland, WI 14750",19873,2024-08-20,27975,make site,3,254.19
15879,Brandon Long,"332 Jessica Passage Apt. 419, Martinland, WI 14750",72227,2024-08-13,49358,west build,5,812.37
15879,Brandon Long,"332 Jessica Passage Apt. 419, Martinland, WI 14750",72227,2024-08-13,12041,most easy,2,550.4
15879,Brandon Long,"332 Jessica Passage Apt. 419, Martinland, WI 14750",3708,2024-06-18,7458,could tell,4,311.26
15879,Brandon Long,"332 Jessica Passage Apt. 419, Martinland, WI 14750",3708,2024-06-18,30480,area world,4,919.25
4966,Brandy Kim,"86392 Rebecca Drive Suite 255, Lake Jenniferberg, NV 64642",94845,2024-04-22,31737,pull idea,3,700.12
4966,Brandy Kim,"86392 Rebecca Drive Suite 255, Lake Jenniferberg, NV 64642",75181,2024-09-21,4080,reach physical,2,879.22
4966,Brandy Kim,"86392 Rebecca Drive Suite 255, Lake Jenniferberg, NV 64642",75181,2024-09-21,70918,team clear,2,59.7
4966,Brandy Kim,"86392 Rebecca Drive Suite 255, Lake Jenniferberg, NV 64642",75181,2024-09-21,85138,same impact,1,638.88
53577,William Nichols,"872 Madeline Lock Suite 911, Charlesmouth, KY 42285",19576,2024-03-10,27975,make site,2,254.19
53577,William Nichols,"872 Madeline Lock Suite 911, Charlesmouth, KY 42285",19576,2024-03-10,75590,fill condition,1,803.04
62453,Erin Washington,"5357 Robert Trace, Lake Bradley, RI 19377",92918,2023-12-17,98176,single similar,1,698.81
62453,Erin Washington,"5357 Robert Trace, Lake Bradley, RI 19377",32490,2024-03-17,35577,tough no,3,41.98
62453,Erin Washington,"5357 Robert Trace, Lake Bradley, RI 19377",32490,2024-03-17,1025,against return,2,307.44
62453,Erin Washington,"5357 Robert Trace, Lake Bradley, RI 19377",62911,2024-06-23,20230,maintain finish,3,37.39
8944,Amber Woods,"63712 Ward Pike Suite 654, Carolside, MH 09532",92460,2024-03-31,68778,rule deal,3,111.08
8944,Amber Woods,"63712 Ward Pike Suite 654, Carolside, MH 09532",92460,2024-03-31,7628,call thought,1,671.06
8944,Amber Woods,"63712 Ward Pike Suite 654, Carolside, MH 09532",92460,2024-03-31,12041,most easy,4,550.4
8944,Amber Woods,"63712 Ward Pike Suite 654, Carolside, MH 09532",98926,2023-12-01,89010,state since,5,773.88
8944,Amber Woods,"63712 Ward Pike Suite 654, Carolside, MH 09532",98926,2023-12-01,58821,yard identify,4,399.75
403,Samantha Hill,"6938 Johnson Flats Apt. 903, South Andrew, MN 37904",83468,2024-06-13,38980,light together,2,757.42
403,Samantha Hill,"6938 Johnson Flats Apt. 903, South Andrew, MN 37904",83468,2024-06-13,64717,together system,4,136.24
403,Samantha Hill,"6938 Johnson Flats Apt. 903, South Andrew, MN 37904",48185,2024-07-08,30480,area world,2,919.25
403,Samantha Hill,"6938 Johnson Flats Apt. 903, South Andrew, MN 37904",48185,2024-07-08,31737,pull idea,2,700.12
403,Samantha Hill,"6938 Johnson Flats Apt. 903, South Andrew, MN 37904",48185,2024-07-08,44214,himself world,5,597.5
44050,Sarah Cohen,"17983 Natalie Square Apt. 626, East Christychester, KS 74360",41382,2024-09-29,53539,radio develop,4,458.26
44050,Sarah Cohen,"17983 Natalie Square Apt. 626, East Christychester, KS 74360",41382,2024-09-29,23419,represent which,5,615.92
44050,Sarah Cohen,"17983 Natalie Square Apt. 626, East Christychester, KS 74360",38228,2024-08-04,73670,government leg,4,838.01
44050,Sarah Cohen,"17983 Natalie Square Apt. 626, East Christychester, KS 74360",37741,2024-04-06,99467,entire clear,1,168.62
28773,William Moore,"13391 Horn Turnpike, Lake Paige, TX 60168",70498,2023-11-27,68778,rule deal,1,111.08
28773,William Moore,"13391 Horn Turnpike, Lake Paige, TX 60168",9021,2024-01-14,74698,activity both,2,912.19
28773,William Moore,"13391 Horn Turnpike, Lake Paige, TX 60168",9021,2024-01-14,25217,case full,3,221.27
28773,William Moore,"13391 Horn Turnpike, Lake Paige, TX 60168",83193,2024-10-06,9991,each edge,1,185.47
28773,William Moore,"13391 Horn Turnpike, Lake Paige, TX 60168",83193,2024-10-06,62762,amount seat,4,379.34
28773,William Moore,"13391 Horn Turnpike, Lake Paige, TX 60168",59076,2024-10-06,23419,represent which,5,615.92
68646,Mitchell Adkins,"8073 Holden Squares Apt. 523, West Jennifermouth, OK 61740",4082,2024-03-18,7458,could tell,1,311.26
68646,Mitchell Adkins,"8073 Holden Squares Apt. 523, West Jennifermouth, OK 61740",4082,2024-03-18,14861,social ahead,4,118.94
68646,Mitchell Adkins,"8073 Holden Squares Apt. 523, West Jennifermouth, OK 61740",4082,2024-03-18,13073,table after,2,92.97
68646,Mitchell Adkins,"8073 Holden Squares Apt. 523, West Jennifermouth, OK 61740",59769,2024-01-27,24491,friend senior,3,785.53
68646,Mitchell Adkins,"8073 Holden Squares Apt. 523, West Jennifermouth, OK 61740",42384,2024-03-19,30630,share particularly,4,646.96
68646,Mitchell Adkins,"8073 Holden Squares Apt. 523, West Jennifermouth, OK 61740",50677,2024-08-30,62070,firm it,4,709.83
68646,Mitchell Adkins,"8073 Holden Squares Apt. 523, West Jennifermouth, OK 61740",52059,2024-01-14,14861,social ahead,3,118.94
68646,Mitchell Adkins,"8073 Holden Squares Apt. 523, West Jennifermouth, OK 61740",52059,2024-01-14,65859,however group,3,565.77
68646,Mitchell Adkins,"8073 Holden Squares Apt. 523, West Jennifermouth, OK 61740",52059,2024-01-14,88584,law within,3,851.28
68208,Richard Quinn,"60559 Albert Valleys Suite 049, East Jonathanshire, TX 07817",73573,2024-10-20,92810,citizen dream,5,876.79
68208,Richard Quinn,"60559 Albert Valleys Suite 049, East Jonathanshire, TX 07817",73573,2024-10-20,66829,indicate glass,5,655.22
68208,Richard Quinn,"60559 Albert Valleys Suite 049, East Jonathanshire, TX 07817",75667,2024-09-24,99467,entire clear,5,168.62
68208,Richard Quinn,"60559 Albert Valleys Suite 049, East Jonathanshire, TX 07817",75667,2024-09-24,70552,blood sister,1,901.46
68208,Richard Quinn,"60559 Albert Valleys Suite 049, East Jonathanshire, TX 07817",75667,2024-09-24,73670,government leg,1,838.01
68208,Richard Quinn,"60559 Albert Valleys Suite 049, East Jonathanshire, TX 07817",65866,2024-03-23,4459,admit measure,3,737.28
68208,Richard Quinn,"60559 Albert Valleys Suite 049, East Jonathanshire, TX 07817",65866,2024-03-23,60205,probably character,1,828.78
68208,Richard Quinn,"60559 Albert Valleys Suite 049, East Jonathanshire, TX 07817",89666,2023-11-10,35577,tough no,1,41.98
71287,Madison Moody,"4762 Smith Ways Apt. 361, Stephenbury, MS 29442",86007,2023-11-06,22733,seat your,3,790.71
71287,Madison Moody,"4762 Smith Ways Apt. 361, Stephenbury, MS 29442",86007,2023-11-06,25025,mouth key,3,575.89
71287,Madison Moody,"4762 Smith Ways Apt. 361, Stephenbury, MS 29442",86007,2023-11-06,88584,law within,5,851.28
71287,Madison Moody,"4762 Smith Ways Apt. 361, Stephenbury, MS 29442",70839,2024-08-28,35740,fly catch,5,408.16
71287,Madison Moody,"4762 Smith Ways Apt. 361, Stephenbury, MS 29442",70839,2024-08-28,73670,government leg,3,838.01
71287,Madison Moody,"4762 Smith Ways Apt. 361, Stephenbury, MS 29442",70839,2024-08-28,2235,senior work,3,871.17
71287,Madison Moody,"4762 Smith Ways Apt. 361, Stephenbury, MS 29442",20461,2024-10-16,53539,radio develop,1,458.26
71287,Madison Moody,"4762 Smith Ways Apt. 361, Stephenbury, MS 29442",20461,2024-10-16,52265,international watch,1,110.68
48102,Steven Thompson,"09356 Mary Inlet, New Matthewborough, FM 15912",98586,2024-08-20,37534,dark few,5,290.77
48102,Steven Thompson,"09356 Mary Inlet, New Matthewborough, FM 15912",47804,2023-12-12,74698,activity both,1,912.19
5377,Nathaniel Cook,"9334 Fletcher Islands Suite 765, East Triciatown, LA 64597",32805,2023-12-26,99467,entire clear,5,168.62
5377,Nathaniel Cook,"9334 Fletcher Islands Suite 765, East Triciatown, LA 64597",9116,2023-11-19,39707,record give,1,271.2
30328,Jeffrey Wood,"5993 Raymond Junction, Tylermouth, LA 73663",15480,2024-07-29,4361,follow it,2,328.54
30328,Jeffrey Wood,"5993 Raymond Junction, Tylermouth, LA 73663",31161,2024-08-05,27975,make site,2,254.19
30328,Jeffrey Wood,"5993 Raymond Junction, Tylermouth, LA 73663",25373,2024-05-19,70552,blood sister,5,901.46
30328,Jeffrey Wood,"5993 Raymond Junction, Tylermouth, LA 73663",13526,2023-12-31,49358,west build,1,812.37
30328,Jeffrey Wood,"5993 Raymond Junction, Tylermouth, LA 73663",13526,2023-12-31,23504,may somebody,2,223.91
30328,Jeffrey Wood,"5993 Raymond Junction, Tylermouth, LA 73663",47643,2024-05-31,20230,maintain finish,1,37.39
98291,Lisa Davidson,"USNS Pope, FPO AA 66193",33387,2024-07-21,44518,build society,2,303.04
98291,Lisa Davidson,"USNS Pope, FPO AA 66193",95170,2024-03-21,62170,choice compare,2,506.51
98291,Lisa Davidson,"USNS Pope, FPO AA 66193",95170,2024-03-21,62762,amount seat,1,379.34
98291,Lisa Davidson,"USNS Pope, FPO AA 66193",79677,2024-05-12,3588,collection child,3,52.62
98291,Lisa Davidson,"USNS Pope, FPO AA 66193",17225,2024-05-15,24491,friend senior,2,785.53
98291,Lisa Davidson,"USNS Pope, FPO AA 66193",88306,2024-09-16,83277,west western,5,882.67
98291,Lisa Davidson,"USNS Pope, FPO AA 66193",88306,2024-09-16,2235,senior work,5,871.17
98291,Lisa Davidson,"USNS Pope, FPO AA 66193",88306,2024-09-16,75590,fill condition,4,803.04
60436,Joy Walsh,"97064 Wolf Plains, Debrafort, ME 84522",86269,2024-04-29,44518,build society,3,303.04
60436,Joy Walsh,"97064 Wolf Plains, Debrafort, ME 84522",86269,2024-04-29,62762,amount seat,5,379.34
60436,Joy Walsh,"97064 Wolf Plains, Debrafort, ME 84522",86269,2024-04-29,48648,some onto,2,35.31
60436,Joy Walsh,"97064 Wolf Plains, Debrafort, ME 84522",20268,2024-06-22,5537,why day,5,432.56
60436,Joy Walsh,"97064 Wolf Plains, Debrafort, ME 84522",15807,2024-04-08,20230,maintain finish,5,37.39
60436,Joy Walsh,"97064 Wolf Plains, Debrafort, ME 84522",15807,2024-04-08,29397,level visit,2,346.42
60436,Joy Walsh,"97064 Wolf Plains, Debrafort, ME 84522",15807,2024-04-08,77235,low nor,4,31.54
60436,Joy Walsh,"97064 Wolf Plains, Debrafort, ME 84522",84809,2024-04-03,60205,probably character,2,828.78
60436,Joy Walsh,"97064 Wolf Plains, Debrafort, ME 84522",84809,2024-04-03,7628,call thought,2,671.06
88216,Brandon Hodges,"5626 Karen Burgs Suite 579, New Jessicashire, PA 83186",74757,2024-01-15,38980,light together,1,757.42
88216,Brandon Hodges,"5626 Karen Burgs Suite 579, New Jessicashire, PA 83186",74757,2024-01-15,62170,choice compare,1,506.51
49883,Keith Davis,"7249 Hammond Trace, South Emilyport, WA 52638",34700,2024-06-21,60947,front letter,1,793.46
49883,Keith Davis,"7249 Hammond Trace, South Emilyport, WA 52638",34700,2024-06-21,31238,church interest,5,54.88
49883,Keith Davis,"7249 Hammond Trace, South Emilyport, WA 52638",34700,2024-06-21,23504,may somebody,5,223.91
49883,Keith Davis,"7249 Hammond Trace, South Emilyport, WA 52638",32116,2023-10-25,41230,church always,5,428.98
49883,Keith Davis,"7249 Hammond Trace, South Emilyport, WA 52638",32116,2023-10-25,57048,central finish,3,349.0
33940,Christina Bush,"919 Stephens Manors, Tonychester, TN 37121",83433,2023-11-14,84855,fund account,1,216.8
33940,Christina Bush,"919 Stephens Manors, Tonychester, TN 37121",83433,2023-11-14,23419,represent which,4,615.92
34991,Cheryl Walters,"239 Kenneth Vista Apt. 747, Lake Hollybury, IN 42597",85920,2024-06-29,98176,single similar,4,698.81
34991,Cheryl Walters,"239 Kenneth Vista Apt. 747, Lake Hollybury, IN 42597",85920,2024-06-29,78574,pretty little,3,275.46
34991,Cheryl Walters,"239 Kenneth Vista Apt. 747, Lake Hollybury, IN 42597",13819,2024-07-04,70552,blood sister,5,901.46
34991,Cheryl Walters,"239 Kenneth Vista Apt. 747, Lake Hollybury, IN 42597",13819,2024-07-04,70552,blood sister,5,901.46
34991,Cheryl Walters,"239 Kenneth Vista Apt. 747, Lake Hollybury, IN 42597",87355,2023-10-27,99677,game test,5,780.7
34991,Cheryl Walters,"239 Kenneth Vista Apt. 747, Lake Hollybury, IN 42597",87355,2023-10-27,70552,blood sister,5,901.46
34991,Cheryl Walters,"239 Kenneth Vista Apt. 747, Lake Hollybury, IN 42597",87355,2023-10-27,95733,south interview,4,259.25
34991,Cheryl Walters,"239 Kenneth Vista Apt. 747, Lake Hollybury, IN 42597",82874,2024-06-09,88584,law within,1,851.28
74766,Steven Mullins,"08539 Gomez Roads, Kevinfort, HI 88259",51821,2023-11-26,66984,car data,5,115.17
74766,Steven Mullins,"08539 Gomez Roads, Kevinfort, HI 88259",19080,2024-06-17,14861,social ahead,4,118.94
74766,Steven Mullins,"08539 Gomez Roads, Kevinfort, HI 88259",2532,2024-04-10,13433,positive after,3,154.64
74766,Steven Mullins,"08539 Gomez Roads, Kevinfort, HI 88259",43502,2023-12-11,62170,choice compare,2,506.51
21382,Sarah Mcdonald,"219 Morgan Circle Apt. 167, Lake Christinaton, DC 41395",68066,2023-11-14,64717,together system,2,136.24
21382,Sarah Mcdonald,"219 Morgan Circle Apt. 167, Lake Christinaton, DC 41395",68066,2023-11-14,35740,fly catch,1,408.16
21382,Sarah Mcdonald,"219 Morgan Circle Apt. 167, Lake Christinaton, DC 41395",68066,2023-11-14,73670,government leg,1,838.01
21382,Sarah Mcdonald,"219 Morgan Circle Apt. 167, Lake Christinaton, DC 41395",25909,2024-08-04,23504,may somebody,2,223.91
21382,Sarah Mcdonald,"219 Morgan Circle Apt. 167, Lake Christinaton, DC 41395",25909,2024-08-04,87329,worker organization,4,990.26
21382,Sarah Mcdonald,"219 Morgan Circle Apt. 167, Lake Christinaton, DC 41395",97752,2024-05-10,70166,let candidate,5,337.72
21382,Sarah Mcdonald,"219 Morgan Circle Apt. 167, Lake Christinaton, DC 41395",97752,2024-05-10,75590,fill condition,2,803.04
21382,Sarah Mcdonald,"219 Morgan Circle Apt. 167, Lake Christinaton, DC 41395",97752,2024-05-10,13189,store daughter,2,150.25
21382,Sarah Mcdonald,"219 Morgan Circle Apt. 167, Lake Christinaton, DC 41395",68515,2023-11-10,53539,radio develop,2,458.26
21382,Sarah Mcdonald,"219 Morgan Circle Apt. 167, Lake Christinaton, DC 41395",74895,2024-05-20,7458,could tell,2,311.26
21382,Sarah Mcdonald,"219 Morgan Circle Apt. 167, Lake Christinaton, DC 41395",74895,2024-05-20,31238,church interest,1,54.88
21382,Sarah Mcdonald,"219 Morgan Circle Apt. 167, Lake Christinaton, DC 41395",74895,2024-05-20,13433,positive after,1,154.64
72928,Courtney Greene,"409 Doris Mall, Carlside, WV 69066",93206,2024-07-11,27975,make site,5,254.19
72928,Courtney Greene,"409 Doris Mall, Carlside, WV 69066",10716,2023-11-18,67406,threat mission,3,181.57
72928,Courtney Greene,"409 Doris Mall, Carlside, WV 69066",10716,2023-11-18,27041,popular figure,3,483.9
72928,Courtney Greene,"409 Doris Mall, Carlside, WV 69066",46774,2023-12-22,4459,admit measure,4,737.28
72928,Courtney Greene,"409 Doris Mall, Carlside, WV 69066",46774,2023-12-22,99467,entire clear,3,168.62
53073,Michael Collins,"19357 Donald Valleys Apt. 936, Harrisville, AL 19661",58244,2024-09-15,35618,now suddenly,4,725.87
53073,Michael Collins,"19357 Donald Valleys Apt. 936, Harrisville, AL 19661",58244,2024-09-15,4361,follow it,3,328.54
53073,Michael Collins,"19357 Donald Valleys Apt. 936, Harrisville, AL 19661",58244,2024-09-15,66984,car data,5,115.17
53073,Michael Collins,"19357 Donald Valleys Apt. 936, Harrisville, AL 19661",4844,2024-07-06,31737,pull idea,1,700.12
53073,Michael Collins,"19357 Donald Valleys Apt. 936, Harrisville, AL 19661",4844,2024-07-06,2235,senior work,4,871.17
53073,Michael Collins,"19357 Donald Valleys Apt. 936, Harrisville, AL 19661",53380,2024-02-08,30480,area world,5,919.25
53073,Michael Collins,"19357 Donald Valleys Apt. 936, Harrisville, AL 19661",53380,2024-02-08,39680,wait phone,3,390.08
53073,Michael Collins,"19357 Donald Valleys Apt. 936, Harrisville, AL 19661",53380,2024-02-08,83028,impact reach,4,880.32
53073,Michael Collins,"19357 Donald Valleys Apt. 936, Harrisville, AL 19661",87591,2024-07-18,4361,follow it,1,328.54
53073,Michael Collins,"19357 Donald Valleys Apt. 936, Harrisville, AL 19661",87591,2024-07-18,34209,new family,2,339.87
53073,Michael Collins,"19357 Donald Valleys Apt. 936, Harrisville, AL 19661",87591,2024-07-18,13189,store daughter,4,150.25
53073,Michael Collins,"19357 Donald Valleys Apt. 936, Harrisville, AL 19661",71909,2024-09-18,29940,cause here,3,967.4
59042,Rebecca Kim,"5194 Cooper Heights Suite 311, South Charlestown, AZ 32131",1781,2024-09-02,53539,radio develop,3,458.26
59042,Rebecca Kim,"5194 Cooper Heights Suite 311, South Charlestown, AZ 32131",1781,2024-09-02,4080,reach physical,1,879.22
59042,Rebecca Kim,"5194 Cooper Heights Suite 311, South Charlestown, AZ 32131",950,2024-01-05,4459,admit measure,1,737.28
59042,Rebecca Kim,"5194 Cooper Heights Suite 311, South Charlestown, AZ 32131",70359,2024-09-19,57048,central finish,1,349.0
59042,Rebecca Kim,"5194 Cooper Heights Suite 311, South Charlestown, AZ 32131",70359,2024-09-19,62335,man series,5,619.45
59042,Rebecca Kim,"5194 Cooper Heights Suite 311, South Charlestown, AZ 32131",70359,2024-09-19,99467,entire clear,5,168.62
59042,Rebecca Kim,"5194 Cooper Heights Suite 311, South Charlestown, AZ 32131",60813,2024-08-09,1025,against return,4,307.44
46651,Mark Mcpherson,"956 Richards Point Apt. 752, East Patricia, IN 14707",65959,2024-10-08,66984,car data,4,115.17
46651,Mark Mcpherson,"956 Richards Point Apt. 752, East Patricia, IN 14707",65959,2024-10-08,79139,administration success,3,378.98
24122,Russell Mccullough,"91804 Silva Mission, Jonathanland, PW 71637",8433,2023-10-31,39680,wait phone,1,390.08
24122,Russell Mccullough,"91804 Silva Mission, Jonathanland, PW 71637",8433,2023-10-31,7628,call thought,2,671.06
24122,Russell Mccullough,"91804 Silva Mission, Jonathanland, PW 71637",89116,2024-03-26,285,provide friend,3,162.6
24122,Russell Mccullough,"91804 Silva Mission, Jonathanland, PW 71637",89116,2024-03-26,53539,radio develop,5,458.26
24122,Russell Mccullough,"91804 Silva Mission, Jonathanland, PW 71637",89116,2024-03-26,79139,administration success,5,378.98
78713,Johnathan Dunn,"5256 Danny Expressway Suite 850, Jasonside, ME 51150",73455,2024-06-08,91241,Republican police,2,442.29
78713,Johnathan Dunn,"5256 Danny Expressway Suite 850, Jasonside, ME 51150",73455,2024-06-08,14861,social ahead,3,118.94
78713,Johnathan Dunn,"5256 Danny Expressway Suite 850, Jasonside, ME 51150",70194,2024-08-26,24491,friend senior,3,785.53
78713,Johnathan Dunn,"5256 Danny Expressway Suite 850, Jasonside, ME 51150",70194,2024-08-26,84927,team allow,2,332.14
78713,Johnathan Dunn,"5256 Danny Expressway Suite 850, Jasonside, ME 51150",70194,2024-08-26,25025,mouth key,5,575.89
78713,Johnathan Dunn,"5256 Danny Expressway Suite 850, Jasonside, ME 51150",2149,2024-07-24,78574,pretty little,4,275.46
8005,Antonio Hoffman,"76370 Melissa Light, East Josephside, MS 36840",84197,2024-07-25,3588,collection child,3,52.62
8005,Antonio Hoffman,"76370 Melissa Light, East Josephside, MS 36840",42032,2024-09-01,59794,economic power,1,146.78
8005,Antonio Hoffman,"76370 Melissa Light, East Josephside, MS 36840",42032,2024-09-01,65859,however group,4,565.77
8005,Antonio Hoffman,"76370 Melissa Light, East Josephside, MS 36840",91475,2024-09-03,48648,some onto,4,35.31
8005,Antonio Hoffman,"76370 Melissa Light, East Josephside, MS 36840",91475,2024-09-03,92810,citizen dream,5,876.79
8005,Antonio Hoffman,"76370 Melissa Light, East Josephside, MS 36840",84308,2023-12-17,13189,store daughter,4,150.25
8005,Antonio Hoffman,"76370 Melissa Light, East Josephside, MS 36840",84308,2023-12-17,98176,single similar,3,698.81
8005,Antonio Hoffman,"76370 Melissa Light, East Josephside, MS 36840",84308,2023-12-17,68778,rule deal,2,111.08
97121,Kathleen Joseph,"89897 David Parks, East Andre, MS 88973",12954,2024-07-30,91241,Republican police,3,442.29
97121,Kathleen Joseph,"89897 David Parks, East Andre, MS 88973",87893,2024-08-05,25025,mouth key,1,575.89
24234,Lee Roth,"52204 Reed Estate, Hoodtown, WI 57857",52433,2024-02-06,13433,positive after,2,154.64
24234,Lee Roth,"52204 Reed Estate, Hoodtown, WI 57857",52433,2024-02-06,9868,reduce first,1,882.4
24234,Lee Roth,"52204 Reed Estate, Hoodtown, WI 57857",52433,2024-02-06,85138,same impact,2,638.88
24234,Lee Roth,"52204 Reed Estate, Hoodtown, WI 57857",8460,2024-03-18,4459,admit measure,2,737.28
24234,Lee Roth,"52204 Reed Estate, Hoodtown, WI 57857",8460,2024-03-18,70552,blood sister,5,901.46
24234,Lee Roth,"52204 Reed Estate, Hoodtown, WI 57857",61745,2024-01-28,23504,may somebody,3,223.91
24234,Lee Roth,"52204 Reed Estate, Hoodtown, WI 57857",61745,2024-01-28,59794,economic power,3,146.78
24234,Lee Roth,"52204 Reed Estate, Hoodtown, WI 57857",61527,2024-04-06,7458,could tell,2,311.26
24234,Lee Roth,"52204 Reed Estate, Hoodtown, WI 57857",619,2023-12-26,66223,specific serious,3,763.48
24234,Lee Roth,"52204 Reed Estate, Hoodtown, WI 57857",619,2023-12-26,64717,together system,4,136.24
24234,Lee Roth,"52204 Reed Estate, Hoodtown, WI 57857",619,2023-12-26,77235,low nor,3,31.54
82192,Holly Chandler,"312 Garrison Landing, Huntbury, NY 25560",38641,2023-10-22,73670,government leg,1,838.01
82192,Holly Chandler,"312 Garrison Landing, Huntbury, NY 25560",38641,2023-10-22,20230,maintain finish,5,37.39
82192,Holly Chandler,"312 Garrison Landing, Huntbury, NY 25560",38641,2023-10-22,39680,wait phone,5,390.08
82192,Holly Chandler,"312 Garrison Landing, Huntbury, NY 25560",14200,2024-07-31,60947,front letter,3,793.46
82192,Holly Chandler,"312 Garrison Landing, Huntbury, NY 25560",14200,2024-07-31,41230,church always,1,428.98
82192,Holly Chandler,"312 Garrison Landing, Huntbury, NY 25560",14200,2024-07-31,29940,cause here,5,967.4
82192,Holly Chandler,"312 Garrison Landing, Huntbury, NY 25560",40954,2024-05-28,93476,subject court,4,378.85
82192,Holly Chandler,"312 Garrison Landing, Huntbury, NY 25560",40954,2024-05-28,3436,he pattern,2,504.18
82192,Holly Chandler,"312 Garrison Landing, Huntbury, NY 25560",40954,2024-05-28,62335,man series,5,619.45
17994,Mark Cook,"USCGC Franklin, FPO AA 04482",26765,2024-06-21,91472,different state,3,513.47
17994,Mark Cook,"USCGC Franklin, FPO AA 04482",26765,2024-06-21,23504,may somebody,2,223.91
17994,Mark Cook,"USCGC Franklin, FPO AA 04482",8431,2024-08-23,3436,he pattern,4,504.18
17994,Mark Cook,"USCGC Franklin, FPO AA 04482",8431,2024-08-23,91362,training force,3,640.29
17994,Mark Cook,"USCGC Franklin, FPO AA 04482",8431,2024-08-23,14861,social ahead,5,118.94
96403,Michael Smith,"22416 Frederick Locks, Fuentesside, MO 30681",97411,2024-03-03,84855,fund account,2,216.8
96403,Michael Smith,"22416 Frederick Locks, Fuentesside, MO 30681",97411,2024-03-03,22733,seat your,4,790.71
96403,Michael Smith,"22416 Frederick Locks, Fuentesside, MO 30681",97411,2024-03-03,48648,some onto,3,35.31
96403,Michael Smith,"22416 Frederick Locks, Fuentesside, MO 30681",24514,2023-10-31,37534,dark few,3,290.77
96403,Michael Smith,"22416 Frederick Locks, Fuentesside, MO 30681",80167,2024-05-09,78574,pretty little,2,275.46
96403,Michael Smith,"22416 Frederick Locks, Fuentesside, MO 30681",81002,2023-11-09,4080,reach physical,3,879.22
96403,Michael Smith,"22416 Frederick Locks, Fuentesside, MO 30681",81002,2023-11-09,7628,call thought,1,671.06
46968,Robert Williamson,"317 Mikayla Squares Apt. 559, Bakerland, PA 00716",24968,2023-10-25,84855,fund account,5,216.8
46968,Robert Williamson,"317 Mikayla Squares Apt. 559, Bakerland, PA 00716",24968,2023-10-25,99677,game test,1,780.7
46968,Robert Williamson,"317 Mikayla Squares Apt. 559, Bakerland, PA 00716",90806,2024-02-01,5537,why day,2,432.56
46968,Robert Williamson,"317 Mikayla Squares Apt. 559, Bakerland, PA 00716",77165,2024-04-05,23504,may somebody,5,223.91
46968,Robert Williamson,"317 Mikayla Squares Apt. 559, Bakerland, PA 00716",77165,2024-04-05,62070,firm it,4,709.83
46968,Robert Williamson,"317 Mikayla Squares Apt. 559, Bakerland, PA 00716",36505,2024-01-09,79139,administration success,5,378.98
46968,Robert Williamson,"317 Mikayla Squares Apt. 559, Bakerland, PA 00716",36505,2024-01-09,285,provide friend,3,162.6
46968,Robert Williamson,"317 Mikayla Squares Apt. 559, Bakerland, PA 00716",59636,2024-07-24,89010,state since,1,773.88
46968,Robert Williamson,"317 Mikayla Squares Apt. 559, Bakerland, PA 00716",59636,2024-07-24,89010,state since,3,773.88
46968,Robert Williamson,"317 Mikayla Squares Apt. 559, Bakerland, PA 00716",59636,2024-07-24,67406,threat mission,4,181.57
324,Michael Shepherd,"Unit 4986 Box 6052, DPO AP 11370",79216,2023-10-25,30480,area world,4,919.25
324,Michael Shepherd,"Unit 4986 Box 6052, DPO AP 11370",79216,2023-10-25,2649,themselves person,4,382.08
324,Michael Shepherd,"Unit 4986 Box 6052, DPO AP 11370",34875,2024-09-15,35740,fly catch,4,408.16
324,Michael Shepherd,"Unit 4986 Box 6052, DPO AP 11370",10779,2023-10-28,3588,collection child,1,52.62
324,Michael Shepherd,"Unit 4986 Box 6052, DPO AP 11370",10779,2023-10-28,62070,firm it,1,709.83
324,Michael Shepherd,"Unit 4986 Box 6052, DPO AP 11370",10779,2023-10-28,99467,entire clear,4,168.62
34191,James Clark,"45921 Kyle Forest Suite 539, Thomasside, WV 98559",23250,2023-12-24,83028,impact reach,1,880.32
34191,James Clark,"45921 Kyle Forest Suite 539, Thomasside, WV 98559",23250,2023-12-24,37534,dark few,3,290.77
34191,James Clark,"45921 Kyle Forest Suite 539, Thomasside, WV 98559",87427,2024-07-25,91241,Republican police,1,442.29
34191,James Clark,"45921 Kyle Forest Suite 539, Thomasside, WV 98559",87427,2024-07-25,25025,mouth key,3,575.89
34191,James Clark,"45921 Kyle Forest Suite 539, Thomasside, WV 98559",12626,2024-04-05,60205,probably character,2,828.78
34191,James Clark,"45921 Kyle Forest Suite 539, Thomasside, WV 98559",55618,2024-01-25,41078,break of,4,395.12
34191,James Clark,"45921 Kyle Forest Suite 539, Thomasside, WV 98559",55618,2024-01-25,2235,senior work,5,871.17
34191,James Clark,"45921 Kyle Forest Suite 539, Thomasside, WV 98559",55618,2024-01-25,31737,pull idea,3,700.12
83230,Eric Gray,"39448 Tiffany Knoll, Thompsonmouth, WA 79938",2167,2024-02-27,10729,hotel degree,1,800.46
83230,Eric Gray,"39448 Tiffany Knoll, Thompsonmouth, WA 79938",80275,2024-05-06,92810,citizen dream,1,876.79
42882,Wendy Ortiz,"48951 Daniel Bypass, East Danielleborough, AS 99663",48910,2024-01-29,49358,west build,1,812.37
42882,Wendy Ortiz,"48951 Daniel Bypass, East Danielleborough, AS 99663",48910,2024-01-29,48648,some onto,1,35.31
42882,Wendy Ortiz,"48951 Daniel Bypass, East Danielleborough, AS 99663",48910,2024-01-29,87329,worker organization,5,990.26
42882,Wendy Ortiz,"48951 Daniel Bypass, East Danielleborough, AS 99663",88523,2024-03-26,5537,why day,3,432.56
42882,Wendy Ortiz,"48951 Daniel Bypass, East Danielleborough, AS 99663",88523,2024-03-26,91362,training force,2,640.29
42882,Wendy Ortiz,"48951 Daniel Bypass, East Danielleborough, AS 99663",36508,2024-03-13,23504,may somebody,4,223.91
42882,Wendy Ortiz,"48951 Daniel Bypass, East Danielleborough, AS 99663",36508,2024-03-13,93476,subject court,4,378.85
72325,Amanda Higgins,"299 Smith Oval, North Davidhaven, NM 10034",58981,2024-01-25,24491,friend senior,5,785.53
80032,David Garcia,"920 Shane Plains, Lake Latoya, SD 57054",36942,2024-05-26,38980,light together,2,757.42
98214,Mariah Wilson,"4518 Gary Parks Suite 343, North Jennyhaven, WI 51027",18148,2024-01-08,83277,west western,1,882.67
98214,Mariah Wilson,"4518 Gary Parks Suite 343, North Jennyhaven, WI 51027",42919,2024-08-22,31737,pull idea,2,700.12
98214,Mariah Wilson,"4518 Gary Parks Suite 343, North Jennyhaven, WI 51027",42919,2024-08-22,2235,senior work,1,871.17
98214,Mariah Wilson,"4518 Gary Parks Suite 343, North Jennyhaven, WI 51027",42919,2024-08-22,91472,different state,1,513.47
78698,Karen Gilbert,"5987 Jason Street, Holmesberg, NY 02331",83560,2023-11-14,39680,wait phone,3,390.08
78698,Karen Gilbert,"5987 Jason Street, Holmesberg, NY 02331",72222,2024-01-22,46813,avoid loss,5,58.75
78698,Karen Gilbert,"5987 Jason Street, Holmesberg, NY 02331",72222,2024-01-22,68778,rule deal,3,111.08
78698,Karen Gilbert,"5987 Jason Street, Holmesberg, NY 02331",98784,2024-03-01,30630,share particularly,3,646.96
78698,Karen Gilbert,"5987 Jason Street, Holmesberg, NY 02331",46172,2023-11-22,60947,front letter,4,793.46
78698,Karen Gilbert,"5987 Jason Street, Holmesberg, NY 02331",46172,2023-11-22,68778,rule deal,4,111.08
78698,Karen Gilbert,"5987 Jason Street, Holmesberg, NY 02331",46172,2023-11-22,13433,positive after,4,154.64
78698,Karen Gilbert,"5987 Jason Street, Holmesberg, NY 02331",49381,2024-02-19,9868,reduce first,4,882.4
78698,Karen Gilbert,"5987 Jason Street, Holmesberg, NY 02331",49381,2024-02-19,66984,car data,5,115.17
78698,Karen Gilbert,"5987 Jason Street, Holmesberg, NY 02331",49381,2024-02-19,62070,firm it,3,709.83
32371,Wanda Moore MD,"727 Bryan Spring, South Frederick, UT 85852",53476,2024-04-11,62762,amount seat,2,379.34
32371,Wanda Moore MD,"727 Bryan Spring, South Frederick, UT 85852",53476,2024-04-11,13073,table after,2,92.97
32371,Wanda Moore MD,"727 Bryan Spring, South Frederick, UT 85852",52752,2024-06-30,4459,admit measure,3,737.28
58141,Pamela West,"Unit 3228 Box 6384, DPO AA 46728",71068,2024-04-24,13073,table after,4,92.97
58141,Pamela West,"Unit 3228 Box 6384, DPO AA 46728",71068,2024-04-24,85138,same impact,3,638.88
58141,Pamela West,"Unit 3228 Box 6384, DPO AA 46728",63049,2024-04-10,66984,car data,3,115.17
58141,Pamela West,"Unit 3228 Box 6384, DPO AA 46728",61193,2024-04-13,31737,pull idea,4,700.12
58141,Pamela West,"Unit 3228 Box 6384, DPO AA 46728",61193,2024-04-13,53539,radio develop,1,458.26
94258,Shawn Pope,"90528 Dawn Shoal, Lake Colestad, HI 20675",7664,2023-12-21,64717,together system,2,136.24
94258,Shawn Pope,"90528 Dawn Shoal, Lake Colestad, HI 20675",7664,2023-12-21,60947,front letter,3,793.46
94258,Shawn Pope,"90528 Dawn Shoal, Lake Colestad, HI 20675",7664,2023-12-21,83277,west western,1,882.67
17810,John Young,"15489 Shea Mill Suite 168, Mitchelltown, GA 32438",98433,2023-12-26,91472,different state,5,513.47
17810,John Young,"15489 Shea Mill Suite 168, Mitchelltown, GA 32438",98433,2023-12-26,84927,team allow,4,332.14
17810,John Young,"15489 Shea Mill Suite 168, Mitchelltown, GA 32438",98433,2023-12-26,62070,firm it,2,709.83
17810,John Young,"15489 Shea Mill Suite 168, Mitchelltown, GA 32438",38800,2023-11-25,89010,state since,1,773.88
17810,John Young,"15489 Shea Mill Suite 168, Mitchelltown, GA 32438",38800,2023-11-25,13073,table after,3,92.97
17810,John Young,"15489 Shea Mill Suite 168, Mitchelltown, GA 32438",38800,2023-11-25,13189,store daughter,1,150.25
17810,John Young,"15489 Shea Mill Suite 168, Mitchelltown, GA 32438",38135,2024-05-22,35618,now suddenly,3,725.87
17810,John Young,"15489 Shea Mill Suite 168, Mitchelltown, GA 32438",38135,2024-05-22,9868,reduce first,4,882.4
17810,John Young,"15489 Shea Mill Suite 168, Mitchelltown, GA 32438",66869,2024-07-13,4361,follow it,1,328.54
17810,John Young,"15489 Shea Mill Suite 168, Mitchelltown, GA 32438",60419,2024-03-05,66223,specific serious,1,763.48
17810,John Young,"15489 Shea Mill Suite 168, Mitchelltown, GA 32438",60419,2024-03-05,20230,maintain finish,4,37.39
17810,John Young,"15489 Shea Mill Suite 168, Mitchelltown, GA 32438",60419,2024-03-05,85138,same impact,5,638.88
33744,Terry Merritt,"767 Bowman Dam, Lake Jenniferbury, GU 87955",99769,2024-04-07,75590,fill condition,2,803.04
98389,Glenn Miller,"073 Vasquez Overpass, Lake Antonio, MI 74470",12572,2024-05-27,44214,himself world,3,597.5
98389,Glenn Miller,"073 Vasquez Overpass, Lake Antonio, MI 74470",12572,2024-05-27,74698,activity both,3,912.19
98389,Glenn Miller,"073 Vasquez Overpass, Lake Antonio, MI 74470",12572,2024-05-27,38980,light together,2,757.42
98389,Glenn Miller,"073 Vasquez Overpass, Lake Antonio, MI 74470",97310,2024-03-13,99677,game test,5,780.7
54299,Kayla Clark,"1014 Barber Bypass, Lake Alexandertown, IL 16096",12259,2024-08-10,99467,entire clear,3,168.62
54299,Kayla Clark,"1014 Barber Bypass, Lake Alexandertown, IL 16096",4622,2024-01-30,99677,game test,1,780.7
63516,Kevin Lane,"690 Anthony Junction Suite 840, Smithstad, TX 39938",81065,2024-05-28,9991,each edge,4,185.47
63516,Kevin Lane,"690 Anthony Junction Suite 840, Smithstad, TX 39938",81065,2024-05-28,64717,together system,3,136.24
63516,Kevin Lane,"690 Anthony Junction Suite 840, Smithstad, TX 39938",81065,2024-05-28,66984,car data,5,115.17
63516,Kevin Lane,"690 Anthony Junction Suite 840, Smithstad, TX 39938",2842,2024-03-20,84927,team allow,1,332.14
63516,Kevin Lane,"690 Anthony Junction Suite 840, Smithstad, TX 39938",2842,2024-03-20,13892,son how,1,889.57
63516,Kevin Lane,"690 Anthony Junction Suite 840, Smithstad, TX 39938",2842,2024-03-20,31238,church interest,2,54.88
63516,Kevin Lane,"690 Anthony Junction Suite 840, Smithstad, TX 39938",72914,2024-02-16,49358,west build,4,812.37
63516,Kevin Lane,"690 Anthony Junction Suite 840, Smithstad, TX 39938",44720,2023-11-10,60205,probably character,4,828.78
63516,Kevin Lane,"690 Anthony Junction Suite 840, Smithstad, TX 39938",44720,2023-11-10,31737,pull idea,1,700.12
58952,Stacey Hayes,"07736 Bruce Mountains, Johnburgh, VA 22465",64669,2024-03-15,85138,same impact,3,638.88
58952,Stacey Hayes,"07736 Bruce Mountains, Johnburgh, VA 22465",64669,2024-03-15,7628,call thought,3,671.06
58952,Stacey Hayes,"07736 Bruce Mountains, Johnburgh, VA 22465",71377,2024-01-28,35618,now suddenly,5,725.87
58952,Stacey Hayes,"07736 Bruce Mountains, Johnburgh, VA 22465",71377,2024-01-28,62762,amount seat,5,379.34
58952,Stacey Hayes,"07736 Bruce Mountains, Johnburgh, VA 22465",90910,2024-05-26,58821,yard identify,4,399.75
58952,Stacey Hayes,"07736 Bruce Mountains, Johnburgh, VA 22465",45435,2024-05-25,25217,case full,2,221.27
58952,Stacey Hayes,"07736 Bruce Mountains, Johnburgh, VA 22465",45435,2024-05-25,38980,light together,3,757.42
58952,Stacey Hayes,"07736 Bruce Mountains, Johnburgh, VA 22465",45435,2024-05-25,65859,however group,2,565.77
49917,Andrew Wilson,"4817 Cassandra Track, Leachshire, SD 36444",76637,2024-05-09,35740,fly catch,5,408.16
49917,Andrew Wilson,"4817 Cassandra Track, Leachshire, SD 36444",529,2024-01-04,4459,admit measure,2,737.28
49917,Andrew Wilson,"4817 Cassandra Track, Leachshire, SD 36444",529,2024-01-04,91241,Republican police,5,442.29
49917,Andrew Wilson,"4817 Cassandra Track, Leachshire, SD 36444",12535,2024-08-09,14861,social ahead,3,118.94
49917,Andrew Wilson,"4817 Cassandra Track, Leachshire, SD 36444",54192,2023-12-19,70552,blood sister,3,901.46
9890,Mark Case,"77291 Shannon Gardens Suite 075, Mcdanielbury, NV 92281",78630,2024-07-18,66223,specific serious,2,763.48
9890,Mark Case,"77291 Shannon Gardens Suite 075, Mcdanielbury, NV 92281",78630,2024-07-18,70918,team clear,4,59.7
9890,Mark Case,"77291 Shannon Gardens Suite 075, Mcdanielbury, NV 92281",78630,2024-07-18,9868,reduce first,4,882.4
51016,Rachel Mccoy,"12804 Haynes Loaf Apt. 218, Crystalberg, OH 18882",17477,2023-10-22,93476,subject court,3,378.85
51016,Rachel Mccoy,"12804 Haynes Loaf Apt. 218, Crystalberg, OH 18882",61604,2024-10-10,79139,administration success,1,378.98
51016,Rachel Mccoy,"12804 Haynes Loaf Apt. 218, Crystalberg, OH 18882",61604,2024-10-10,98176,single similar,1,698.81
51016,Rachel Mccoy,"12804 Haynes Loaf Apt. 218, Crystalberg, OH 18882",61604,2024-10-10,23419,represent which,3,615.92
91531,Janice Perry,"3228 Blackwell Green, Seanside, NJ 12711",60025,2023-11-23,23419,represent which,4,615.92
27235,Kim Hayden,"6782 Reeves Extension Apt. 622, Brittneyfort, AL 91926",60663,2024-07-02,34209,new family,4,339.87
27235,Kim Hayden,"6782 Reeves Extension Apt. 622, Brittneyfort, AL 91926",60663,2024-07-02,9868,reduce first,1,882.4
10070,Justin Murray,"957 Cortez Spur Apt. 712, New Emily, DE 87978",19388,2024-08-31,35618,now suddenly,5,725.87
10070,Justin Murray,"957 Cortez Spur Apt. 712, New Emily, DE 87978",19388,2024-08-31,23504,may somebody,2,223.91
10070,Justin Murray,"957 Cortez Spur Apt. 712, New Emily, DE 87978",19388,2024-08-31,91472,different state,2,513.47
10070,Justin Murray,"957 Cortez Spur Apt. 712, New Emily, DE 87978",75,2024-03-29,66223,specific serious,1,763.48
10070,Justin Murray,"957 Cortez Spur Apt. 712, New Emily, DE 87978",92672,2024-07-21,73670,government leg,2,838.01
10070,Justin Murray,"957 Cortez Spur Apt. 712, New Emily, DE 87978",92672,2024-07-21,4080,reach physical,2,879.22
10070,Justin Murray,"957 Cortez Spur Apt. 712, New Emily, DE 87978",92672,2024-07-21,7458,could tell,3,311.26
19651,David Lawson,"412 Bell Haven Suite 029, West Justin, IN 87956",91549,2024-04-08,62170,choice compare,2,506.51
94587,Anthony Collins,"PSC 0445, Box 5750, APO AP 24322",93530,2024-08-06,46813,avoid loss,2,58.75
94587,Anthony Collins,"PSC 0445, Box 5750, APO AP 24322",96155,2024-08-05,83028,impact reach,5,880.32
94587,Anthony Collins,"PSC 0445, Box 5750, APO AP 24322",61187,2024-07-05,35618,now suddenly,1,725.87
94587,Anthony Collins,"PSC 0445, Box 5750, APO AP 24322",61187,2024-07-05,48648,some onto,4,35.31
94587,Anthony Collins,"PSC 0445, Box 5750, APO AP 24322",65649,2024-08-29,85138,same impact,5,638.88
94587,Anthony Collins,"PSC 0445, Box 5750, APO AP 24322",65649,2024-08-29,24491,friend senior,5,785.53
94587,Anthony Collins,"PSC 0445, Box 5750, APO AP 24322",65649,2024-08-29,5537,why day,3,432.56
94587,Anthony Collins,"PSC 0445, Box 5750, APO AP 24322",63618,2024-01-17,4080,reach physical,3,879.22
94587,Anthony Collins,"PSC 0445, Box 5750, APO AP 24322",63618,2024-01-17,9868,reduce first,1,882.4
68826,Christopher Parker,"6258 Eric Prairie, Sarahfurt, MO 52106",45423,2024-10-05,89010,state since,4,773.88
68826,Christopher Parker,"6258 Eric Prairie, Sarahfurt, MO 52106",45423,2024-10-05,4459,admit measure,4,737.28
68826,Christopher Parker,"6258 Eric Prairie, Sarahfurt, MO 52106",45423,2024-10-05,52265,international watch,5,110.68
24547,Richard Zhang,"PSC 0552, Box 0754, APO AE 44459",86628,2024-09-30,49358,west build,4,812.37
24547,Richard Zhang,"PSC 0552, Box 0754, APO AE 44459",26631,2024-04-29,62070,firm it,3,709.83
24547,Richard Zhang,"PSC 0552, Box 0754, APO AE 44459",26631,2024-04-29,37534,dark few,3,290.77
50077,Stephen Middleton,"38483 Jonathan Trafficway, East Jeff, WV 09852",50089,2024-02-26,13433,positive after,2,154.64
50077,Stephen Middleton,"38483 Jonathan Trafficway, East Jeff, WV 09852",50089,2024-02-26,85138,same impact,1,638.88
50077,Stephen Middleton,"38483 Jonathan Trafficway, East Jeff, WV 09852",8006,2024-07-14,41078,break of,3,395.12
50077,Stephen Middleton,"38483 Jonathan Trafficway, East Jeff, WV 09852",8006,2024-07-14,23504,may somebody,2,223.91
50077,Stephen Middleton,"38483 Jonathan Trafficway, East Jeff, WV 09852",8006,2024-07-14,22733,seat your,1,790.71
50077,Stephen Middleton,"38483 Jonathan Trafficway, East Jeff, WV 09852",83344,2024-06-03,62762,amount seat,4,379.34
50077,Stephen Middleton,"38483 Jonathan Trafficway, East Jeff, WV 09852",86920,2023-11-21,22733,seat your,3,790.71
50077,Stephen Middleton,"38483 Jonathan Trafficway, East Jeff, WV 09852",20120,2024-10-15,25217,case full,1,221.27
50077,Stephen Middleton,"38483 Jonathan Trafficway, East Jeff, WV 09852",20120,2024-10-15,66223,specific serious,3,763.48
50077,Stephen Middleton,"38483 Jonathan Trafficway, East Jeff, WV 09852",20120,2024-10-15,24491,friend senior,2,785.53
986,Ricky Nichols,"57650 Singh Skyway, Dawnmouth, IN 71827",44337,2024-09-06,85138,same impact,4,638.88
986,Ricky Nichols,"57650 Singh Skyway, Dawnmouth, IN 71827",44337,2024-09-06,83028,impact reach,2,880.32
986,Ricky Nichols,"57650 Singh Skyway, Dawnmouth, IN 71827",44337,2024-09-06,58821,yard identify,3,399.75
986,Ricky Nichols,"57650 Singh Skyway, Dawnmouth, IN 71827",41484,2023-12-26,13073,table after,4,92.97
986,Ricky Nichols,"57650 Singh Skyway, Dawnmouth, IN 71827",41484,2023-12-26,95733,south interview,2,259.25
986,Ricky Nichols,"57650 Singh Skyway, Dawnmouth, IN 71827",17029,2024-09-23,14861,social ahead,3,118.94
10165,Sally Gillespie,"14372 Reed Mill, Lake Laura, KS 78854",11204,2024-05-27,75590,fill condition,3,803.04
10165,Sally Gillespie,"14372 Reed Mill, Lake Laura, KS 78854",11204,2024-05-27,31737,pull idea,3,700.12
10165,Sally Gillespie,"14372 Reed Mill, Lake Laura, KS 78854",46361,2024-09-27,62335,man series,1,619.45
10165,Sally Gillespie,"14372 Reed Mill, Lake Laura, KS 78854",46361,2024-09-27,98176,single similar,2,698.81
10165,Sally Gillespie,"14372 Reed Mill, Lake Laura, KS 78854",46361,2024-09-27,2235,senior work,1,871.17
10165,Sally Gillespie,"14372 Reed Mill, Lake Laura, KS 78854",82015,2024-07-14,67406,threat mission,3,181.57
10165,Sally Gillespie,"14372 Reed Mill, Lake Laura, KS 78854",82015,2024-07-14,4080,reach physical,4,879.22
10165,Sally Gillespie,"14372 Reed Mill, Lake Laura, KS 78854",98409,2024-02-01,20230,maintain finish,2,37.39
10165,Sally Gillespie,"14372 Reed Mill, Lake Laura, KS 78854",98409,2024-02-01,22733,seat your,4,790.71
10165,Sally Gillespie,"14372 Reed Mill, Lake Laura, KS 78854",98409,2024-02-01,97994,remain discussion,1,534.48
10165,Sally Gillespie,"14372 Reed Mill, Lake Laura, KS 78854",96838,2024-04-26,83028,impact reach,5,880.32
10165,Sally Gillespie,"14372 Reed Mill, Lake Laura, KS 78854",96838,2024-04-26,3436,he pattern,1,504.18
11556,Stephanie James,"Unit 4333 Box 1741, DPO AA 31553",95567,2024-02-07,10729,hotel degree,2,800.46
11556,Stephanie James,"Unit 4333 Box 1741, DPO AA 31553",95567,2024-02-07,13073,table after,2,92.97
11556,Stephanie James,"Unit 4333 Box 1741, DPO AA 31553",95567,2024-02-07,65859,however group,1,565.77
11556,Stephanie James,"Unit 4333 Box 1741, DPO AA 31553",1027,2024-04-29,30630,share particularly,1,646.96
11556,Stephanie James,"Unit 4333 Box 1741, DPO AA 31553",1027,2024-04-29,97994,remain discussion,5,534.48
11556,Stephanie James,"Unit 4333 Box 1741, DPO AA 31553",1027,2024-04-29,57048,central finish,3,349.0
89474,Dr. Brenda Wilson MD,"0759 Thomas Inlet, Claytonfort, CA 00879",64419,2024-07-21,25025,mouth key,1,575.89
89474,Dr. Brenda Wilson MD,"0759 Thomas Inlet, Claytonfort, CA 00879",95124,2024-06-18,3588,collection child,2,52.62
89474,Dr. Brenda Wilson MD,"0759 Thomas Inlet, Claytonfort, CA 00879",95124,2024-06-18,99677,game test,4,780.7
89474,Dr. Brenda Wilson MD,"0759 Thomas Inlet, Claytonfort, CA 00879",95124,2024-06-18,73670,government leg,5,838.01
89474,Dr. Brenda Wilson MD,"0759 Thomas Inlet, Claytonfort, CA 00879",83299,2024-06-01,35618,now suddenly,5,725.87
38589,Megan Bishop,"29893 Edward Causeway Suite 498, Jacksonview, PW 25202",94512,2024-03-13,285,provide friend,2,162.6
38589,Megan Bishop,"29893 Edward Causeway Suite 498, Jacksonview, PW 25202",94512,2024-03-13,35618,now suddenly,3,725.87
38589,Megan Bishop,"29893 Edward Causeway Suite 498, Jacksonview, PW 25202",94512,2024-03-13,97994,remain discussion,3,534.48
38589,Megan Bishop,"29893 Edward Causeway Suite 498, Jacksonview, PW 25202",33877,2023-12-19,35618,now suddenly,1,725.87
80748,Jordan Carter,"30083 Sean Plaza, Lake Blake, WI 97129",54444,2024-07-01,66223,specific serious,3,763.48
80748,Jordan Carter,"30083 Sean Plaza, Lake Blake, WI 97129",54444,2024-07-01,13189,store daughter,3,150.25
80748,Jordan Carter,"30083 Sean Plaza, Lake Blake, WI 97129",54444,2024-07-01,79139,administration success,3,378.98
80748,Jordan Carter,"30083 Sean Plaza, Lake Blake, WI 97129",36543,2024-05-13,13433,positive after,3,154.64
80748,Jordan Carter,"30083 Sean Plaza, Lake Blake, WI 97129",52736,2024-04-09,13073,table after,2,92.97
80748,Jordan Carter,"30083 Sean Plaza, Lake Blake, WI 97129",913,2024-08-17,3588,collection child,5,52.62
80748,Jordan Carter,"30083 Sean Plaza, Lake Blake, WI 97129",913,2024-08-17,78574,pretty little,5,275.46
6195,Tanya Gonzalez,"8116 Wendy Centers Suite 986, Edwardview, VT 25991",81102,2024-08-16,3588,collection child,1,52.62
6195,Tanya Gonzalez,"8116 Wendy Centers Suite 986, Edwardview, VT 25991",81102,2024-08-16,7458,could tell,1,311.26
6195,Tanya Gonzalez,"8116 Wendy Centers Suite 986, Edwardview, VT 25991",81102,2024-08-16,23504,may somebody,2,223.91
6195,Tanya Gonzalez,"8116 Wendy Centers Suite 986, Edwardview, VT 25991",64497,2024-01-12,99467,entire clear,5,168.62
6195,Tanya Gonzalez,"8116 Wendy Centers Suite 986, Edwardview, VT 25991",6075,2023-12-26,24491,friend senior,1,785.53
6195,Tanya Gonzalez,"8116 Wendy Centers Suite 986, Edwardview, VT 25991",6075,2023-12-26,49358,west build,2,812.37
6195,Tanya Gonzalez,"8116 Wendy Centers Suite 986, Edwardview, VT 25991",39076,2024-09-08,39680,wait phone,1,390.08
6195,Tanya Gonzalez,"8116 Wendy Centers Suite 986, Edwardview, VT 25991",39076,2024-09-08,99467,entire clear,2,168.62
6195,Tanya Gonzalez,"8116 Wendy Centers Suite 986, Edwardview, VT 25991",39076,2024-09-08,41230,church always,2,428.98
6195,Tanya Gonzalez,"8116 Wendy Centers Suite 986, Edwardview, VT 25991",99665,2023-11-09,46813,avoid loss,2,58.75
6195,Tanya Gonzalez,"8116 Wendy Centers Suite 986, Edwardview, VT 25991",99665,2023-11-09,95733,south interview,1,259.25
78758,Ashley Acosta,"25063 John Shoals Suite 840, Lake Eric, MH 98486",75605,2024-04-12,67406,threat mission,4,181.57
78758,Ashley Acosta,"25063 John Shoals Suite 840, Lake Eric, MH 98486",75605,2024-04-12,12041,most easy,5,550.4
78758,Ashley Acosta,"25063 John Shoals Suite 840, Lake Eric, MH 98486",46957,2024-06-07,74698,activity both,4,912.19
78758,Ashley Acosta,"25063 John Shoals Suite 840, Lake Eric, MH 98486",46957,2024-06-07,44214,himself world,4,597.5
78758,Ashley Acosta,"25063 John Shoals Suite 840, Lake Eric, MH 98486",9189,2024-07-31,4080,reach physical,5,879.22
78758,Ashley Acosta,"25063 John Shoals Suite 840, Lake Eric, MH 98486",9189,2024-07-31,35618,now suddenly,5,725.87
78758,Ashley Acosta,"25063 John Shoals Suite 840, Lake Eric, MH 98486",7840,2024-04-09,1025,against return,1,307.44
77711,Nathaniel Jordan,"27004 Davis Points, West Kristen, PW 06249",31969,2024-08-03,30480,area world,4,919.25
77711,Nathaniel Jordan,"27004 Davis Points, West Kristen, PW 06249",90501,2024-09-26,66986,stay away,2,171.66
77711,Nathaniel Jordan,"27004 Davis Points, West Kristen, PW 06249",90501,2024-09-26,68778,rule deal,1,111.08
77711,Nathaniel Jordan,"27004 Davis Points, West Kristen, PW 06249",27513,2024-07-12,29940,cause here,3,967.4
77711,Nathaniel Jordan,"27004 Davis Points, West Kristen, PW 06249",27513,2024-07-12,60205,probably character,3,828.78
77711,Nathaniel Jordan,"27004 Davis Points, West Kristen, PW 06249",40129,2024-10-02,70552,blood sister,1,901.46
77711,Nathaniel Jordan,"27004 Davis Points, West Kristen, PW 06249",28486,2024-08-16,29940,cause here,1,967.4
72201,Desiree Williamson,"315 Gardner Roads, Port Joshuahaven, NM 88167",2509,2024-05-11,77235,low nor,5,31.54
72201,Desiree Williamson,"315 Gardner Roads, Port Joshuahaven, NM 88167",2509,2024-05-11,13892,son how,3,889.57
72201,Desiree Williamson,"315 Gardner Roads, Port Joshuahaven, NM 88167",2509,2024-05-11,13189,store daughter,4,150.25
72201,Desiree Williamson,"315 Gardner Roads, Port Joshuahaven, NM 88167",65202,2024-04-09,53539,radio develop,2,458.26
72201,Desiree Williamson,"315 Gardner Roads, Port Joshuahaven, NM 88167",65202,2024-04-09,13073,table after,1,92.97
72201,Desiree Williamson,"315 Gardner Roads, Port Joshuahaven, NM 88167",19378,2024-06-24,44214,himself world,5,597.5
72201,Desiree Williamson,"315 Gardner Roads, Port Joshuahaven, NM 88167",19378,2024-06-24,68778,rule deal,1,111.08
72201,Desiree Williamson,"315 Gardner Roads, Port Joshuahaven, NM 88167",19378,2024-06-24,64717,together system,4,136.24
72201,Desiree Williamson,"315 Gardner Roads, Port Joshuahaven, NM 88167",68673,2023-11-07,88584,law within,4,851.28
72201,Desiree Williamson,"315 Gardner Roads, Port Joshuahaven, NM 88167",68673,2023-11-07,67406,threat mission,4,181.57
72201,Desiree Williamson,"315 Gardner Roads, Port Joshuahaven, NM 88167",46635,2024-07-29,31238,church interest,4,54.88
72201,Desiree Williamson,"315 Gardner Roads, Port Joshuahaven, NM 88167",46635,2024-07-29,79139,administration success,4,378.98
72201,Desiree Williamson,"315 Gardner Roads, Port Joshuahaven, NM 88167",46635,2024-07-29,30630,share particularly,2,646.96
89861,Lori Bentley,"0582 Christensen Club, East Robert, MS 21550",56406,2024-05-17,41078,break of,5,395.12
89861,Lori Bentley,"0582 Christensen Club, East Robert, MS 21550",56406,2024-05-17,1025,against return,3,307.44
89861,Lori Bentley,"0582 Christensen Club, East Robert, MS 21550",56406,2024-05-17,91362,training force,1,640.29
89861,Lori Bentley,"0582 Christensen Club, East Robert, MS 21550",29638,2023-11-07,70918,team clear,3,59.7
89861,Lori Bentley,"0582 Christensen Club, East Robert, MS 21550",29638,2023-11-07,78574,pretty little,4,275.46
89861,Lori Bentley,"0582 Christensen Club, East Robert, MS 21550",29638,2023-11-07,83028,impact reach,4,880.32
89861,Lori Bentley,"0582 Christensen Club, East Robert, MS 21550",8197,2023-11-09,13433,positive after,1,154.64
89861,Lori Bentley,"0582 Christensen Club, East Robert, MS 21550",96131,2024-01-09,4361,follow it,4,328.54
89861,Lori Bentley,"0582 Christensen Club, East Robert, MS 21550",96131,2024-01-09,35577,tough no,3,41.98
89861,Lori Bentley,"0582 Christensen Club, East Robert, MS 21550",96131,2024-01-09,23504,may somebody,4,223.91
89861,Lori Bentley,"0582 Christensen Club, East Robert, MS 21550",14635,2024-06-26,46813,avoid loss,4,58.75
89861,Lori Bentley,"0582 Christensen Club, East Robert, MS 21550",14635,2024-06-26,285,provide friend,1,162.6
922,Timothy Morris,"3126 Kyle Prairie, Sanchezfort, DC 40984",86132,2023-11-25,68778,rule deal,2,111.08
922,Timothy Morris,"3126 Kyle Prairie, Sanchezfort, DC 40984",22258,2024-05-19,31737,pull idea,1,700.12
922,Timothy Morris,"3126 Kyle Prairie, Sanchezfort, DC 40984",22258,2024-05-19,2235,senior work,1,871.17
922,Timothy Morris,"3126 Kyle Prairie, Sanchezfort, DC 40984",27747,2024-07-27,31737,pull idea,3,700.12
922,Timothy Morris,"3126 Kyle Prairie, Sanchezfort, DC 40984",48799,2023-11-13,29940,cause here,1,967.4
922,Timothy Morris,"3126 Kyle Prairie, Sanchezfort, DC 40984",48799,2023-11-13,29940,cause here,2,967.4
922,Timothy Morris,"3126 Kyle Prairie, Sanchezfort, DC 40984",39722,2024-03-28,29940,cause here,3,967.4
922,Timothy Morris,"3126 Kyle Prairie, Sanchezfort, DC 40984",39722,2024-03-28,34209,new family,3,339.87
15398,Gene Fields,"957 Crystal Rest, Burkeview, VI 37779",45432,2024-03-28,83028,impact reach,1,880.32
15398,Gene Fields,"957 Crystal Rest, Burkeview, VI 37779",45432,2024-03-28,78574,pretty little,1,275.46
15398,Gene Fields,"957 Crystal Rest, Burkeview, VI 37779",45432,2024-03-28,7458,could tell,2,311.26
15398,Gene Fields,"957 Crystal Rest, Burkeview, VI 37779",92475,2024-01-14,92810,citizen dream,4,876.79
15398,Gene Fields,"957 Crystal Rest, Burkeview, VI 37779",92475,2024-01-14,91472,different state,3,513.47
15398,Gene Fields,"957 Crystal Rest, Burkeview, VI 37779",13422,2024-06-23,66986,stay away,1,171.66
15398,Gene Fields,"957 Crystal Rest, Burkeview, VI 37779",13422,2024-06-23,46813,avoid loss,4,58.75
15398,Gene Fields,"957 Crystal Rest, Burkeview, VI 37779",13422,2024-06-23,31238,church interest,2,54.88
15398,Gene Fields,"957 Crystal Rest, Burkeview, VI 37779",11644,2024-04-20,7628,call thought,1,671.06
15398,Gene Fields,"957 Crystal Rest, Burkeview, VI 37779",11644,2024-04-20,99677,game test,1,780.7
15398,Gene Fields,"957 Crystal Rest, Burkeview, VI 37779",77163,2023-11-25,66223,specific serious,3,763.48
15398,Gene Fields,"957 Crystal Rest, Burkeview, VI 37779",77163,2023-11-25,39680,wait phone,3,390.08
15398,Gene Fields,"957 Crystal Rest, Burkeview, VI 37779",77163,2023-11-25,78574,pretty little,2,275.46
49114,Gloria Reyes,"4946 Cody Fall Apt. 817, Abigailchester, MT 67191",8812,2024-05-31,1025,against return,3,307.44
77496,Matthew Figueroa,"8316 Donna Ports, New Lori, MT 46200",84156,2024-03-22,65859,however group,5,565.77
77496,Matthew Figueroa,"8316 Donna Ports, New Lori, MT 46200",66368,2024-01-13,35618,now suddenly,5,725.87
77496,Matthew Figueroa,"8316 Donna Ports, New Lori, MT 46200",66368,2024-01-13,41230,church always,4,428.98
77496,Matthew Figueroa,"8316 Donna Ports, New Lori, MT 46200",13624,2024-07-21,27975,make site,4,254.19
77496,Matthew Figueroa,"8316 Donna Ports, New Lori, MT 46200",13624,2024-07-21,13892,son how,4,889.57
6970,Katelyn Collins,"568 Wall Harbor Apt. 101, Johnbury, MP 07494",74762,2024-01-03,7458,could tell,4,311.26
6970,Katelyn Collins,"568 Wall Harbor Apt. 101, Johnbury, MP 07494",74762,2024-01-03,39707,record give,2,271.2
6970,Katelyn Collins,"568 Wall Harbor Apt. 101, Johnbury, MP 07494",74762,2024-01-03,87329,worker organization,3,990.26
6970,Katelyn Collins,"568 Wall Harbor Apt. 101, Johnbury, MP 07494",70666,2024-10-16,66986,stay away,4,171.66
6970,Katelyn Collins,"568 Wall Harbor Apt. 101, Johnbury, MP 07494",78256,2024-09-03,93476,subject court,3,378.85
81540,Charles Davies,"85840 Courtney Port Apt. 761, Micheleshire, WV 39164",24294,2024-07-15,31737,pull idea,3,700.12
81540,Charles Davies,"85840 Courtney Port Apt. 761, Micheleshire, WV 39164",24294,2024-07-15,60205,probably character,1,828.78
26466,Johnathan Jones,"2514 James Place, Ericshire, GU 37744",54650,2024-05-14,78574,pretty little,4,275.46
26466,Johnathan Jones,"2514 James Place, Ericshire, GU 37744",54650,2024-05-14,46813,avoid loss,5,58.75
26466,Johnathan Jones,"2514 James Place, Ericshire, GU 37744",54650,2024-05-14,4361,follow it,1,328.54
26466,Johnathan Jones,"2514 James Place, Ericshire, GU 37744",89365,2024-02-10,46813,avoid loss,5,58.75
26466,Johnathan Jones,"2514 James Place, Ericshire, GU 37744",89365,2024-02-10,37001,draw beyond,1,478.75
26466,Johnathan Jones,"2514 James Place, Ericshire, GU 37744",89365,2024-02-10,9991,each edge,3,185.47
26466,Johnathan Jones,"2514 James Place, Ericshire, GU 37744",52151,2024-02-14,65859,however group,3,565.77
26466,Johnathan Jones,"2514 James Place, Ericshire, GU 37744",46382,2024-09-11,5537,why day,1,432.56
13593,Mary Turner,"13587 Robin Points Suite 092, East Julieview, SC 20711",43275,2024-09-01,31238,church interest,1,54.88
13593,Mary Turner,"13587 Robin Points Suite 092, East Julieview, SC 20711",90734,2023-11-28,73670,government leg,3,838.01
13593,Mary Turner,"13587 Robin Points Suite 092, East Julieview, SC 20711",90734,2023-11-28,39707,record give,3,271.2
13593,Mary Turner,"13587 Robin Points Suite 092, East Julieview, SC 20711",90734,2023-11-28,66829,indicate glass,2,655.22
22478,Jennifer Tate,"5259 Zavala Lodge, Tanyaside, PR 16763",89830,2023-11-05,30480,area world,5,919.25
2880,Samantha Owens,"USS King, FPO AP 59382",83245,2023-11-08,66986,stay away,4,171.66
19374,Steven Byrd,"534 Brent Loaf Suite 901, Mathisbury, MO 78490",78641,2024-06-11,23419,represent which,3,615.92
19374,Steven Byrd,"534 Brent Loaf Suite 901, Mathisbury, MO 78490",78641,2024-06-11,66984,car data,5,115.17
19374,Steven Byrd,"534 Brent Loaf Suite 901, Mathisbury, MO 78490",78641,2024-06-11,37534,dark few,5,290.77
19374,Steven Byrd,"534 Brent Loaf Suite 901, Mathisbury, MO 78490",25250,2024-08-04,88584,law within,1,851.28
63614,Kristin Garcia,"7600 Guerrero Junction, Gonzalezview, PW 78376",27651,2024-07-28,38257,few trade,3,712.15
63614,Kristin Garcia,"7600 Guerrero Junction, Gonzalezview, PW 78376",96039,2024-04-11,4080,reach physical,3,879.22
63614,Kristin Garcia,"7600 Guerrero Junction, Gonzalezview, PW 78376",96039,2024-04-11,41078,break of,4,395.12
63614,Kristin Garcia,"7600 Guerrero Junction, Gonzalezview, PW 78376",96039,2024-04-11,35577,tough no,4,41.98
63614,Kristin Garcia,"7600 Guerrero Junction, Gonzalezview, PW 78376",85741,2023-12-19,78574,pretty little,4,275.46
63614,Kristin Garcia,"7600 Guerrero Junction, Gonzalezview, PW 78376",85741,2023-12-19,22733,seat your,2,790.71
63614,Kristin Garcia,"7600 Guerrero Junction, Gonzalezview, PW 78376",85741,2023-12-19,57048,central finish,2,349.0
85346,Kim Bradford,"72109 Teresa Parkway, Lake Kelseyside, AS 88336",33231,2024-02-29,75590,fill condition,5,803.04
85346,Kim Bradford,"72109 Teresa Parkway, Lake Kelseyside, AS 88336",33231,2024-02-29,53539,radio develop,5,458.26
85346,Kim Bradford,"72109 Teresa Parkway, Lake Kelseyside, AS 88336",33231,2024-02-29,12041,most easy,1,550.4
85346,Kim Bradford,"72109 Teresa Parkway, Lake Kelseyside, AS 88336",3889,2023-12-23,41078,break of,5,395.12
85346,Kim Bradford,"72109 Teresa Parkway, Lake Kelseyside, AS 88336",3889,2023-12-23,52265,international watch,3,110.68
85346,Kim Bradford,"72109 Teresa Parkway, Lake Kelseyside, AS 88336",86305,2023-11-25,37001,draw beyond,1,478.75
85346,Kim Bradford,"72109 Teresa Parkway, Lake Kelseyside, AS 88336",69733,2024-03-06,85138,same impact,3,638.88
85346,Kim Bradford,"72109 Teresa Parkway, Lake Kelseyside, AS 88336",69733,2024-03-06,89010,state since,3,773.88
56231,Andrea Weeks,"2504 Cole Path Apt. 413, East Gregoryview, AL 57010",74561,2024-08-05,35740,fly catch,5,408.16
56231,Andrea Weeks,"2504 Cole Path Apt. 413, East Gregoryview, AL 57010",74561,2024-08-05,41230,church always,2,428.98
56231,Andrea Weeks,"2504 Cole Path Apt. 413, East Gregoryview, AL 57010",64010,2024-08-01,70166,let candidate,4,337.72
56231,Andrea Weeks,"2504 Cole Path Apt. 413, East Gregoryview, AL 57010",64010,2024-08-01,83028,impact reach,2,880.32
56231,Andrea Weeks,"2504 Cole Path Apt. 413, East Gregoryview, AL 57010",64010,2024-08-01,9868,reduce first,5,882.4
98763,Sarah Sampson,"25602 Montgomery Gateway Apt. 431, Lake Davidmouth, PW 21174",83063,2024-09-19,13433,positive after,3,154.64
98763,Sarah Sampson,"25602 Montgomery Gateway Apt. 431, Lake Davidmouth, PW 21174",83063,2024-09-19,30480,area world,5,919.25
98763,Sarah Sampson,"25602 Montgomery Gateway Apt. 431, Lake Davidmouth, PW 21174",83063,2024-09-19,27041,popular figure,1,483.9
98763,Sarah Sampson,"25602 Montgomery Gateway Apt. 431, Lake Davidmouth, PW 21174",77184,2024-07-17,14861,social ahead,1,118.94
98763,Sarah Sampson,"25602 Montgomery Gateway Apt. 431, Lake Davidmouth, PW 21174",21287,2024-02-12,13892,son how,5,889.57
12826,Joseph Schwartz,"69000 Hendricks Cove Suite 276, Gonzalezmouth, MI 51265",37798,2024-01-13,66984,car data,1,115.17
12826,Joseph Schwartz,"69000 Hendricks Cove Suite 276, Gonzalezmouth, MI 51265",77133,2024-04-21,78574,pretty little,3,275.46
12826,Joseph Schwartz,"69000 Hendricks Cove Suite 276, Gonzalezmouth, MI 51265",30068,2024-02-16,9868,reduce first,4,882.4
12826,Joseph Schwartz,"69000 Hendricks Cove Suite 276, Gonzalezmouth, MI 51265",30068,2024-02-16,83028,impact reach,2,880.32
12826,Joseph Schwartz,"69000 Hendricks Cove Suite 276, Gonzalezmouth, MI 51265",31662,2023-11-30,3436,he pattern,5,504.18
12826,Joseph Schwartz,"69000 Hendricks Cove Suite 276, Gonzalezmouth, MI 51265",31662,2023-11-30,70552,blood sister,5,901.46
80067,Eric Olson,"703 Brianna Mountain Suite 308, East Cindyton, RI 63618",58353,2024-08-20,91241,Republican police,5,442.29
80067,Eric Olson,"703 Brianna Mountain Suite 308, East Cindyton, RI 63618",58353,2024-08-20,13189,store daughter,5,150.25
80067,Eric Olson,"703 Brianna Mountain Suite 308, East Cindyton, RI 63618",58353,2024-08-20,57048,central finish,4,349.0
42037,Sierra Bradley,"98621 Kenneth Harbors, North Nicholasfort, MH 83707",66671,2024-02-10,60947,front letter,2,793.46
42037,Sierra Bradley,"98621 Kenneth Harbors, North Nicholasfort, MH 83707",66671,2024-02-10,84927,team allow,5,332.14
42037,Sierra Bradley,"98621 Kenneth Harbors, North Nicholasfort, MH 83707",66671,2024-02-10,39680,wait phone,2,390.08
42037,Sierra Bradley,"98621 Kenneth Harbors, North Nicholasfort, MH 83707",15925,2024-05-18,57048,central finish,1,349.0
42037,Sierra Bradley,"98621 Kenneth Harbors, North Nicholasfort, MH 83707",27555,2024-06-24,79139,administration success,2,378.98
42037,Sierra Bradley,"98621 Kenneth Harbors, North Nicholasfort, MH 83707",38914,2024-02-29,5537,why day,1,432.56
87110,Jared Campos,"185 Williams Shoals, South Donald, WY 88633",83878,2024-07-10,66986,stay away,3,171.66
87110,Jared Campos,"185 Williams Shoals, South Donald, WY 88633",83878,2024-07-10,31737,pull idea,5,700.12
87110,Jared Campos,"185 Williams Shoals, South Donald, WY 88633",98756,2024-06-01,35740,fly catch,3,408.16
87110,Jared Campos,"185 Williams Shoals, South Donald, WY 88633",98756,2024-06-01,70552,blood sister,1,901.46
87110,Jared Campos,"185 Williams Shoals, South Donald, WY 88633",60845,2023-12-16,46813,avoid loss,2,58.75
87110,Jared Campos,"185 Williams Shoals, South Donald, WY 88633",60845,2023-12-16,66986,stay away,1,171.66
87110,Jared Campos,"185 Williams Shoals, South Donald, WY 88633",60845,2023-12-16,66829,indicate glass,5,655.22
87110,Jared Campos,"185 Williams Shoals, South Donald, WY 88633",3762,2023-11-27,44518,build society,3,303.04
87110,Jared Campos,"185 Williams Shoals, South Donald, WY 88633",3762,2023-11-27,97994,remain discussion,3,534.48
87110,Jared Campos,"185 Williams Shoals, South Donald, WY 88633",3762,2023-11-27,31238,church interest,4,54.88
77429,Anna Zimmerman,"6356 Patricia Mills, West Kevinmouth, NM 98998",79657,2023-12-20,44214,himself world,4,597.5
77429,Anna Zimmerman,"6356 Patricia Mills, West Kevinmouth, NM 98998",79657,2023-12-20,74698,activity both,3,912.19
77429,Anna Zimmerman,"6356 Patricia Mills, West Kevinmouth, NM 98998",79657,2023-12-20,83277,west western,5,882.67
88071,Richard Mccall,"810 Lawrence Village Suite 988, East Nicholasland, MD 29657",74336,2024-02-16,285,provide friend,4,162.6
88071,Richard Mccall,"810 Lawrence Village Suite 988, East Nicholasland, MD 29657",74336,2024-02-16,60947,front letter,5,793.46
88071,Richard Mccall,"810 Lawrence Village Suite 988, East Nicholasland, MD 29657",74336,2024-02-16,9868,reduce first,3,882.4
88071,Richard Mccall,"810 Lawrence Village Suite 988, East Nicholasland, MD 29657",59207,2023-10-27,13073,table after,1,92.97
88071,Richard Mccall,"810 Lawrence Village Suite 988, East Nicholasland, MD 29657",59207,2023-10-27,30630,share particularly,2,646.96
88071,Richard Mccall,"810 Lawrence Village Suite 988, East Nicholasland, MD 29657",59207,2023-10-27,7458,could tell,5,311.26
88071,Richard Mccall,"810 Lawrence Village Suite 988, East Nicholasland, MD 29657",25119,2024-04-06,65859,however group,1,565.77
88071,Richard Mccall,"810 Lawrence Village Suite 988, East Nicholasland, MD 29657",25119,2024-04-06,60947,front letter,5,793.46
88071,Richard Mccall,"810 Lawrence Village Suite 988, East Nicholasland, MD 29657",44616,2023-11-21,23419,represent which,5,615.92
88071,Richard Mccall,"810 Lawrence Village Suite 988, East Nicholasland, MD 29657",44616,2023-11-21,25217,case full,3,221.27
88071,Richard Mccall,"810 Lawrence Village Suite 988, East Nicholasland, MD 29657",33391,2024-02-16,35618,now suddenly,4,725.87
88071,Richard Mccall,"810 Lawrence Village Suite 988, East Nicholasland, MD 29657",33391,2024-02-16,5537,why day,3,432.56
88071,Richard Mccall,"810 Lawrence Village Suite 988, East Nicholasland, MD 29657",33391,2024-02-16,10729,hotel degree,5,800.46
12544,Joseph Spears,"16470 Riley Turnpike, Ryanside, FL 89612",89127,2024-05-03,3436,he pattern,1,504.18
12544,Joseph Spears,"16470 Riley Turnpike, Ryanside, FL 89612",89127,2024-05-03,62070,firm it,1,709.83
12544,Joseph Spears,"16470 Riley Turnpike, Ryanside, FL 89612",21464,2023-10-24,48648,some onto,2,35.31
12544,Joseph Spears,"16470 Riley Turnpike, Ryanside, FL 89612",59156,2024-03-14,24491,friend senior,5,785.53
12544,Joseph Spears,"16470 Riley Turnpike, Ryanside, FL 89612",59156,2024-03-14,31238,church interest,3,54.88
12544,Joseph Spears,"16470 Riley Turnpike, Ryanside, FL 89612",46148,2024-08-26,97994,remain discussion,2,534.48
12544,Joseph Spears,"16470 Riley Turnpike, Ryanside, FL 89612",22700,2024-10-11,62335,man series,3,619.45
58702,Ralph Curtis,"666 Sharon Ville, South Melissaberg, AR 28508",12460,2024-04-22,22733,seat your,5,790.71
58702,Ralph Curtis,"666 Sharon Ville, South Melissaberg, AR 28508",14952,2023-12-17,12041,most easy,3,550.4
58702,Ralph Curtis,"666 Sharon Ville, South Melissaberg, AR 28508",9173,2024-07-21,89010,state since,1,773.88
58702,Ralph Curtis,"666 Sharon Ville, South Melissaberg, AR 28508",9173,2024-07-21,13189,store daughter,5,150.25
58702,Ralph Curtis,"666 Sharon Ville, South Melissaberg, AR 28508",9173,2024-07-21,62335,man series,2,619.45
35520,Tom Guerrero,"13466 Kathy Pines Suite 615, West Jamesfurt, SD 98428",4552,2024-05-13,13189,store daughter,2,150.25
35520,Tom Guerrero,"13466 Kathy Pines Suite 615, West Jamesfurt, SD 98428",4552,2024-05-13,2235,senior work,3,871.17
35520,Tom Guerrero,"13466 Kathy Pines Suite 615, West Jamesfurt, SD 98428",4552,2024-05-13,4459,admit measure,3,737.28
58789,Dr. James Barton,"348 Melissa Plaza, Lake Amyport, OK 14669",62964,2023-12-01,12041,most easy,3,550.4
58789,Dr. James Barton,"348 Melissa Plaza, Lake Amyport, OK 14669",62964,2023-12-01,37001,draw beyond,4,478.75
51133,Jacob Rhodes,"468 Sanders Lane Apt. 169, Port Christineville, DE 55462",63969,2024-10-04,41230,church always,5,428.98
51133,Jacob Rhodes,"468 Sanders Lane Apt. 169, Port Christineville, DE 55462",63969,2024-10-04,44214,himself world,1,597.5
51133,Jacob Rhodes,"468 Sanders Lane Apt. 169, Port Christineville, DE 55462",55302,2024-09-30,91241,Republican police,5,442.29
51133,Jacob Rhodes,"468 Sanders Lane Apt. 169, Port Christineville, DE 55462",18111,2024-04-19,48648,some onto,3,35.31
51133,Jacob Rhodes,"468 Sanders Lane Apt. 169, Port Christineville, DE 55462",18111,2024-04-19,31737,pull idea,1,700.12
51133,Jacob Rhodes,"468 Sanders Lane Apt. 169, Port Christineville, DE 55462",43779,2023-12-19,62762,amount seat,4,379.34
51133,Jacob Rhodes,"468 Sanders Lane Apt. 169, Port Christineville, DE 55462",43779,2023-12-19,62170,choice compare,4,506.51
51133,Jacob Rhodes,"468 Sanders Lane Apt. 169, Port Christineville, DE 55462",14429,2024-10-14,35618,now suddenly,1,725.87
51133,Jacob Rhodes,"468 Sanders Lane Apt. 169, Port Christineville, DE 55462",14429,2024-10-14,87329,worker organization,1,990.26
51133,Jacob Rhodes,"468 Sanders Lane Apt. 169, Port Christineville, DE 55462",14429,2024-10-14,65859,however group,1,565.77
22349,Angela Carr,"334 Rachel Canyon Apt. 931, Jenniferton, DC 32681",34542,2024-07-18,24491,friend senior,1,785.53
22349,Angela Carr,"334 Rachel Canyon Apt. 931, Jenniferton, DC 32681",34542,2024-07-18,95733,south interview,1,259.25
22349,Angela Carr,"334 Rachel Canyon Apt. 931, Jenniferton, DC 32681",34542,2024-07-18,31737,pull idea,1,700.12
22349,Angela Carr,"334 Rachel Canyon Apt. 931, Jenniferton, DC 32681",52810,2024-10-13,13189,store daughter,4,150.25
22349,Angela Carr,"334 Rachel Canyon Apt. 931, Jenniferton, DC 32681",52810,2024-10-13,4459,admit measure,1,737.28
22349,Angela Carr,"334 Rachel Canyon Apt. 931, Jenniferton, DC 32681",52810,2024-10-13,99467,entire clear,5,168.62
56631,Brandy Leonard,"5982 Dunn Alley Suite 777, Theresaland, ID 99597",76354,2024-02-29,57048,central finish,2,349.0
56631,Brandy Leonard,"5982 Dunn Alley Suite 777, Theresaland, ID 99597",76354,2024-02-29,44214,himself world,1,597.5
72789,Tiffany Richmond,"26786 Stanton Route Apt. 533, Shaneville, NV 86020",83262,2023-11-20,67406,threat mission,1,181.57
72789,Tiffany Richmond,"26786 Stanton Route Apt. 533, Shaneville, NV 86020",91397,2023-11-22,64717,together system,5,136.24
72789,Tiffany Richmond,"26786 Stanton Route Apt. 533, Shaneville, NV 86020",69005,2024-08-04,41078,break of,3,395.12
72789,Tiffany Richmond,"26786 Stanton Route Apt. 533, Shaneville, NV 86020",69005,2024-08-04,4361,follow it,1,328.54
72789,Tiffany Richmond,"26786 Stanton Route Apt. 533, Shaneville, NV 86020",69005,2024-08-04,97994,remain discussion,1,534.48
72789,Tiffany Richmond,"26786 Stanton Route Apt. 533, Shaneville, NV 86020",15244,2024-02-03,29397,level visit,2,346.42
72789,Tiffany Richmond,"26786 Stanton Route Apt. 533, Shaneville, NV 86020",15244,2024-02-03,2649,themselves person,1,382.08
72789,Tiffany Richmond,"26786 Stanton Route Apt. 533, Shaneville, NV 86020",15244,2024-02-03,23419,represent which,5,615.92
72789,Tiffany Richmond,"26786 Stanton Route Apt. 533, Shaneville, NV 86020",64580,2024-08-05,38257,few trade,3,712.15
72789,Tiffany Richmond,"26786 Stanton Route Apt. 533, Shaneville, NV 86020",64580,2024-08-05,99677,game test,1,780.7
72789,Tiffany Richmond,"26786 Stanton Route Apt. 533, Shaneville, NV 86020",64580,2024-08-05,3436,he pattern,2,504.18
98120,Meredith Davis,"67969 Wu Row Suite 796, Port Annahaven, CT 70178",12101,2024-09-17,4459,admit measure,1,737.28
98120,Meredith Davis,"67969 Wu Row Suite 796, Port Annahaven, CT 70178",12101,2024-09-17,14861,social ahead,3,118.94
98120,Meredith Davis,"67969 Wu Row Suite 796, Port Annahaven, CT 70178",12101,2024-09-17,37534,dark few,4,290.77
98120,Meredith Davis,"67969 Wu Row Suite 796, Port Annahaven, CT 70178",8581,2024-10-14,83277,west western,2,882.67
98120,Meredith Davis,"67969 Wu Row Suite 796, Port Annahaven, CT 70178",16563,2024-01-28,64717,together system,5,136.24
98120,Meredith Davis,"67969 Wu Row Suite 796, Port Annahaven, CT 70178",16563,2024-01-28,4361,follow it,2,328.54
98120,Meredith Davis,"67969 Wu Row Suite 796, Port Annahaven, CT 70178",16563,2024-01-28,84855,fund account,2,216.8
98120,Meredith Davis,"67969 Wu Row Suite 796, Port Annahaven, CT 70178",27079,2024-01-12,99677,game test,4,780.7
98120,Meredith Davis,"67969 Wu Row Suite 796, Port Annahaven, CT 70178",27079,2024-01-12,39707,record give,1,271.2
82835,Nancy Morgan,"Unit 9400 Box 9226, DPO AE 63468",96808,2024-03-25,66986,stay away,5,171.66
82835,Nancy Morgan,"Unit 9400 Box 9226, DPO AE 63468",66030,2024-10-17,285,provide friend,5,162.6
82835,Nancy Morgan,"Unit 9400 Box 9226, DPO AE 63468",66030,2024-10-17,84855,fund account,4,216.8
82835,Nancy Morgan,"Unit 9400 Box 9226, DPO AE 63468",66030,2024-10-17,83277,west western,1,882.67
82835,Nancy Morgan,"Unit 9400 Box 9226, DPO AE 63468",71812,2024-05-25,79139,administration success,3,378.98
31208,John Mills,"PSC 5778, Box 8877, APO AE 70762",58628,2024-03-12,9868,reduce first,4,882.4
31208,John Mills,"PSC 5778, Box 8877, APO AE 70762",58628,2024-03-12,68778,rule deal,1,111.08
60767,Mrs. Heather Johnson,"536 Nathan Meadows, Philipbury, FM 27683",86555,2024-10-06,9868,reduce first,5,882.4
60767,Mrs. Heather Johnson,"536 Nathan Meadows, Philipbury, FM 27683",86555,2024-10-06,2649,themselves person,4,382.08
60767,Mrs. Heather Johnson,"536 Nathan Meadows, Philipbury, FM 27683",86555,2024-10-06,24491,friend senior,3,785.53
60767,Mrs. Heather Johnson,"536 Nathan Meadows, Philipbury, FM 27683",9136,2024-05-29,93476,subject court,2,378.85
60767,Mrs. Heather Johnson,"536 Nathan Meadows, Philipbury, FM 27683",9136,2024-05-29,60205,probably character,4,828.78
60767,Mrs. Heather Johnson,"536 Nathan Meadows, Philipbury, FM 27683",9136,2024-05-29,3436,he pattern,2,504.18
7801,Kimberly Robertson,"4329 Meyer Parks Suite 632, New Angelastad, GU 54791",32804,2024-02-26,95733,south interview,2,259.25
7801,Kimberly Robertson,"4329 Meyer Parks Suite 632, New Angelastad, GU 54791",32804,2024-02-26,95733,south interview,3,259.25
66696,Jenna Bennett,"808 Greene Lodge, Abigailtown, VA 87866",24297,2024-05-02,88584,law within,5,851.28
66696,Jenna Bennett,"808 Greene Lodge, Abigailtown, VA 87866",24297,2024-05-02,77235,low nor,1,31.54
66696,Jenna Bennett,"808 Greene Lodge, Abigailtown, VA 87866",24297,2024-05-02,2649,themselves person,5,382.08
66696,Jenna Bennett,"808 Greene Lodge, Abigailtown, VA 87866",9521,2023-12-29,46813,avoid loss,2,58.75
66696,Jenna Bennett,"808 Greene Lodge, Abigailtown, VA 87866",9521,2023-12-29,35577,tough no,5,41.98
66696,Jenna Bennett,"808 Greene Lodge, Abigailtown, VA 87866",71385,2024-10-21,4080,reach physical,1,879.22
66696,Jenna Bennett,"808 Greene Lodge, Abigailtown, VA 87866",71385,2024-10-21,7628,call thought,3,671.06
66696,Jenna Bennett,"808 Greene Lodge, Abigailtown, VA 87866",71385,2024-10-21,64717,together system,3,136.24
66696,Jenna Bennett,"808 Greene Lodge, Abigailtown, VA 87866",11089,2024-01-06,13433,positive after,1,154.64
66696,Jenna Bennett,"808 Greene Lodge, Abigailtown, VA 87866",11089,2024-01-06,4361,follow it,2,328.54
66696,Jenna Bennett,"808 Greene Lodge, Abigailtown, VA 87866",11089,2024-01-06,14861,social ahead,3,118.94
66696,Jenna Bennett,"808 Greene Lodge, Abigailtown, VA 87866",7331,2023-10-25,65859,however group,1,565.77
66696,Jenna Bennett,"808 Greene Lodge, Abigailtown, VA 87866",7331,2023-10-25,3588,collection child,3,52.62
66696,Jenna Bennett,"808 Greene Lodge, Abigailtown, VA 87866",7331,2023-10-25,83028,impact reach,1,880.32
7000,Sonya Ray,"606 Steven Courts, East Charles, MI 76734",97025,2024-06-16,57048,central finish,1,349.0
7000,Sonya Ray,"606 Steven Courts, East Charles, MI 76734",97025,2024-06-16,77235,low nor,2,31.54
7000,Sonya Ray,"606 Steven Courts, East Charles, MI 76734",80791,2023-11-10,7628,call thought,2,671.06
7000,Sonya Ray,"606 Steven Courts, East Charles, MI 76734",80791,2023-11-10,53539,radio develop,5,458.26
7000,Sonya Ray,"606 Steven Courts, East Charles, MI 76734",80791,2023-11-10,99677,game test,3,780.7
7000,Sonya Ray,"606 Steven Courts, East Charles, MI 76734",31247,2024-10-11,58821,yard identify,2,399.75
7000,Sonya Ray,"606 Steven Courts, East Charles, MI 76734",31247,2024-10-11,49358,west build,1,812.37
7000,Sonya Ray,"606 Steven Courts, East Charles, MI 76734",12342,2024-05-16,75590,fill condition,5,803.04
7000,Sonya Ray,"606 Steven Courts, East Charles, MI 76734",12342,2024-05-16,99677,game test,5,780.7
28517,Michael Kim,"750 Fuller Manors, Parkerstad, CA 53472",17708,2023-11-19,62170,choice compare,5,506.51
28517,Michael Kim,"750 Fuller Manors, Parkerstad, CA 53472",17708,2023-11-19,57048,central finish,5,349.0
28517,Michael Kim,"750 Fuller Manors, Parkerstad, CA 53472",53953,2024-09-10,38980,light together,4,757.42
28517,Michael Kim,"750 Fuller Manors, Parkerstad, CA 53472",53953,2024-09-10,2649,themselves person,4,382.08
28517,Michael Kim,"750 Fuller Manors, Parkerstad, CA 53472",53953,2024-09-10,31238,church interest,1,54.88
28517,Michael Kim,"750 Fuller Manors, Parkerstad, CA 53472",49972,2023-10-24,24491,friend senior,5,785.53
28517,Michael Kim,"750 Fuller Manors, Parkerstad, CA 53472",49972,2023-10-24,9868,reduce first,5,882.4
28517,Michael Kim,"750 Fuller Manors, Parkerstad, CA 53472",49972,2023-10-24,60947,front letter,4,793.46
74242,Yolanda Dodson,"PSC 1210, Box 7734, APO AA 15896",40741,2023-12-12,13073,table after,5,92.97
74242,Yolanda Dodson,"PSC 1210, Box 7734, APO AA 15896",40741,2023-12-12,89010,state since,1,773.88
74242,Yolanda Dodson,"PSC 1210, Box 7734, APO AA 15896",40741,2023-12-12,24491,friend senior,4,785.53
74242,Yolanda Dodson,"PSC 1210, Box 7734, APO AA 15896",28481,2024-08-09,87329,worker organization,5,990.26
18132,James Wright,"1358 Jones Green, West Ginafurt, OH 61767",16108,2023-11-24,59794,economic power,3,146.78
18132,James Wright,"1358 Jones Green, West Ginafurt, OH 61767",16108,2023-11-24,4361,follow it,2,328.54
18132,James Wright,"1358 Jones Green, West Ginafurt, OH 61767",6073,2024-01-05,91472,different state,5,513.47
18132,James Wright,"1358 Jones Green, West Ginafurt, OH 61767",6073,2024-01-05,49358,west build,2,812.37
18132,James Wright,"1358 Jones Green, West Ginafurt, OH 61767",82863,2024-06-12,2235,senior work,5,871.17
18132,James Wright,"1358 Jones Green, West Ginafurt, OH 61767",82863,2024-06-12,44214,himself world,2,597.5
36492,Anna Davis,"USNS Young, FPO AE 51906",63355,2024-09-11,29397,level visit,4,346.42
36492,Anna Davis,"USNS Young, FPO AE 51906",63355,2024-09-11,66829,indicate glass,1,655.22
36492,Anna Davis,"USNS Young, FPO AE 51906",10211,2024-04-01,27041,popular figure,4,483.9
36492,Anna Davis,"USNS Young, FPO AE 51906",10211,2024-04-01,58821,yard identify,1,399.75
36492,Anna Davis,"USNS Young, FPO AE 51906",10211,2024-04-01,10729,hotel degree,5,800.46
92242,Ryan Hayden,"054 Davis Plain, North Charlotte, VI 87890",7374,2023-12-09,13189,store daughter,2,150.25
92242,Ryan Hayden,"054 Davis Plain, North Charlotte, VI 87890",7374,2023-12-09,79139,administration success,4,378.98
92242,Ryan Hayden,"054 Davis Plain, North Charlotte, VI 87890",90162,2024-05-30,49358,west build,1,812.37
92242,Ryan Hayden,"054 Davis Plain, North Charlotte, VI 87890",90162,2024-05-30,88584,law within,4,851.28
92242,Ryan Hayden,"054 Davis Plain, North Charlotte, VI 87890",90162,2024-05-30,4080,reach physical,5,879.22
92242,Ryan Hayden,"054 Davis Plain, North Charlotte, VI 87890",35282,2024-01-08,48648,some onto,3,35.31
92242,Ryan Hayden,"054 Davis Plain, North Charlotte, VI 87890",35282,2024-01-08,9991,each edge,5,185.47
75473,John Smith,"80063 Perry Fort, Smithberg, WY 72510",76881,2024-07-07,88584,law within,1,851.28
75473,John Smith,"80063 Perry Fort, Smithberg, WY 72510",76881,2024-07-07,67406,threat mission,2,181.57
75473,John Smith,"80063 Perry Fort, Smithberg, WY 72510",76881,2024-07-07,70552,blood sister,2,901.46
9793,Alex Stone,"321 Anthony Shore, South Coreytown, OK 56465",93,2024-09-26,30480,area world,1,919.25
9793,Alex Stone,"321 Anthony Shore, South Coreytown, OK 56465",94085,2024-03-23,68778,rule deal,1,111.08
9793,Alex Stone,"321 Anthony Shore, South Coreytown, OK 56465",85032,2023-11-22,4361,follow it,2,328.54
9793,Alex Stone,"321 Anthony Shore, South Coreytown, OK 56465",85032,2023-11-22,3588,collection child,5,52.62
48006,Jordan Brooks,"3287 Adrian Forge Apt. 796, Williammouth, NC 65468",43842,2024-02-06,91362,training force,5,640.29
48006,Jordan Brooks,"3287 Adrian Forge Apt. 796, Williammouth, NC 65468",43842,2024-02-06,1025,against return,2,307.44
48006,Jordan Brooks,"3287 Adrian Forge Apt. 796, Williammouth, NC 65468",89441,2024-02-14,65859,however group,1,565.77
48006,Jordan Brooks,"3287 Adrian Forge Apt. 796, Williammouth, NC 65468",89441,2024-02-14,13189,store daughter,3,150.25
48006,Jordan Brooks,"3287 Adrian Forge Apt. 796, Williammouth, NC 65468",89441,2024-02-14,92810,citizen dream,3,876.79
48006,Jordan Brooks,"3287 Adrian Forge Apt. 796, Williammouth, NC 65468",51949,2024-10-09,41078,break of,3,395.12
48006,Jordan Brooks,"3287 Adrian Forge Apt. 796, Williammouth, NC 65468",51949,2024-10-09,73670,government leg,2,838.01
48006,Jordan Brooks,"3287 Adrian Forge Apt. 796, Williammouth, NC 65468",51949,2024-10-09,14861,social ahead,2,118.94
48006,Jordan Brooks,"3287 Adrian Forge Apt. 796, Williammouth, NC 65468",91099,2023-10-29,35577,tough no,5,41.98
48006,Jordan Brooks,"3287 Adrian Forge Apt. 796, Williammouth, NC 65468",72234,2024-01-13,74698,activity both,1,912.19
48006,Jordan Brooks,"3287 Adrian Forge Apt. 796, Williammouth, NC 65468",72234,2024-01-13,23504,may somebody,4,223.91
23093,Andrew Sutton,"09925 Romero Junctions Apt. 103, Martinmouth, NJ 94022",53364,2024-07-21,39680,wait phone,2,390.08
23093,Andrew Sutton,"09925 Romero Junctions Apt. 103, Martinmouth, NJ 94022",53364,2024-07-21,38257,few trade,4,712.15
23093,Andrew Sutton,"09925 Romero Junctions Apt. 103, Martinmouth, NJ 94022",53364,2024-07-21,99677,game test,3,780.7
23093,Andrew Sutton,"09925 Romero Junctions Apt. 103, Martinmouth, NJ 94022",99995,2024-08-10,25217,case full,3,221.27
23093,Andrew Sutton,"09925 Romero Junctions Apt. 103, Martinmouth, NJ 94022",99995,2024-08-10,57048,central finish,2,349.0
81629,Kelly Turner,"9003 James Union, North Samuel, RI 75605",72585,2024-06-18,9991,each edge,3,185.47
81629,Kelly Turner,"9003 James Union, North Samuel, RI 75605",83015,2024-02-08,60947,front letter,2,793.46
81629,Kelly Turner,"9003 James Union, North Samuel, RI 75605",83015,2024-02-08,2649,themselves person,1,382.08
81629,Kelly Turner,"9003 James Union, North Samuel, RI 75605",68799,2024-07-01,84855,fund account,5,216.8
81629,Kelly Turner,"9003 James Union, North Samuel, RI 75605",92330,2023-11-01,97994,remain discussion,4,534.48
76782,Lisa Wilson,"61629 Felicia Ranch, East Nina, SC 68369",51352,2023-11-14,92810,citizen dream,2,876.79
50710,Mercedes Walker,"717 Jessica Cliff, Tammyside, NJ 96969",50592,2024-07-09,98054,if top,1,973.01
50710,Mercedes Walker,"717 Jessica Cliff, Tammyside, NJ 96969",53766,2024-05-26,9868,reduce first,4,882.4
50710,Mercedes Walker,"717 Jessica Cliff, Tammyside, NJ 96969",53766,2024-05-26,44214,himself world,5,597.5
59217,Mary Landry,"39246 Justin Fields, New Rachel, SC 58646",38284,2024-04-15,92810,citizen dream,1,876.79
59217,Mary Landry,"39246 Justin Fields, New Rachel, SC 58646",38284,2024-04-15,83277,west western,5,882.67
59217,Mary Landry,"39246 Justin Fields, New Rachel, SC 58646",70320,2024-04-18,25217,case full,1,221.27
59217,Mary Landry,"39246 Justin Fields, New Rachel, SC 58646",70320,2024-04-18,59794,economic power,3,146.78
59217,Mary Landry,"39246 Justin Fields, New Rachel, SC 58646",70320,2024-04-18,68778,rule deal,4,111.08
27083,Debra Jennings,"7403 Zachary Manor, Haleyfurt, AL 40005",68015,2023-11-11,35740,fly catch,3,408.16
27083,Debra Jennings,"7403 Zachary Manor, Haleyfurt, AL 40005",40533,2024-05-11,52265,international watch,4,110.68
27083,Debra Jennings,"7403 Zachary Manor, Haleyfurt, AL 40005",40533,2024-05-11,7458,could tell,3,311.26
27083,Debra Jennings,"7403 Zachary Manor, Haleyfurt, AL 40005",90727,2024-04-16,66223,specific serious,4,763.48
27083,Debra Jennings,"7403 Zachary Manor, Haleyfurt, AL 40005",90727,2024-04-16,13189,store daughter,5,150.25
27083,Debra Jennings,"7403 Zachary Manor, Haleyfurt, AL 40005",24978,2023-11-30,44518,build society,2,303.04
27083,Debra Jennings,"7403 Zachary Manor, Haleyfurt, AL 40005",24978,2023-11-30,53539,radio develop,1,458.26
97009,Julie Guzman,"82389 Julie Plains, Ramosland, GU 80656",84967,2024-01-13,22733,seat your,3,790.71
97009,Julie Guzman,"82389 Julie Plains, Ramosland, GU 80656",84967,2024-01-13,70918,team clear,3,59.7
15728,Brianna Robinson,"450 Reyes Mountains, South Jennifer, AL 85222",22640,2024-09-20,2649,themselves person,4,382.08
15728,Brianna Robinson,"450 Reyes Mountains, South Jennifer, AL 85222",22640,2024-09-20,9991,each edge,3,185.47
15728,Brianna Robinson,"450 Reyes Mountains, South Jennifer, AL 85222",22640,2024-09-20,2649,themselves person,1,382.08
80537,Christopher Dunn,"7621 Berry Circle Suite 773, Markstad, AZ 92454",79598,2024-06-17,23419,represent which,3,615.92
80537,Christopher Dunn,"7621 Berry Circle Suite 773, Markstad, AZ 92454",38863,2024-09-04,89010,state since,1,773.88
80537,Christopher Dunn,"7621 Berry Circle Suite 773, Markstad, AZ 92454",56339,2024-08-08,91241,Republican police,1,442.29
5212,Curtis Herrera,"596 Washington Point Apt. 050, East Lisa, CA 49708",43421,2024-04-12,48648,some onto,1,35.31
5212,Curtis Herrera,"596 Washington Point Apt. 050, East Lisa, CA 49708",43421,2024-04-12,29397,level visit,2,346.42
22124,Cynthia Stein,"401 Charles Square Apt. 257, Bryantfurt, NE 69497",57617,2024-10-16,12041,most easy,5,550.4
22124,Cynthia Stein,"401 Charles Square Apt. 257, Bryantfurt, NE 69497",78902,2024-01-10,91472,different state,5,513.47
22124,Cynthia Stein,"401 Charles Square Apt. 257, Bryantfurt, NE 69497",65010,2024-08-21,25025,mouth key,5,575.89
47030,Martin Becker,"75489 Johnson Mount Apt. 623, Sylviaberg, AS 28475",87360,2023-11-02,66986,stay away,1,171.66
47030,Martin Becker,"75489 Johnson Mount Apt. 623, Sylviaberg, AS 28475",54105,2023-12-09,30630,share particularly,2,646.96
47030,Martin Becker,"75489 Johnson Mount Apt. 623, Sylviaberg, AS 28475",54105,2023-12-09,4459,admit measure,3,737.28
28806,Chad Welch,"104 Gordon Mall, West Alex, MH 27382",38984,2023-12-05,4459,admit measure,1,737.28
28806,Chad Welch,"104 Gordon Mall, West Alex, MH 27382",48036,2024-08-11,1025,against return,5,307.44
28806,Chad Welch,"104 Gordon Mall, West Alex, MH 27382",48036,2024-08-11,91241,Republican police,3,442.29
28806,Chad Welch,"104 Gordon Mall, West Alex, MH 27382",59229,2024-05-27,48648,some onto,5,35.31
28806,Chad Welch,"104 Gordon Mall, West Alex, MH 27382",59229,2024-05-27,10729,hotel degree,2,800.46
28806,Chad Welch,"104 Gordon Mall, West Alex, MH 27382",59229,2024-05-27,13433,positive after,4,154.64
49976,Amy Smith,"280 Henson Ridges Apt. 714, New Jeffreyhaven, SD 02305",82493,2024-02-15,25217,case full,5,221.27
49976,Amy Smith,"280 Henson Ridges Apt. 714, New Jeffreyhaven, SD 02305",82493,2024-02-15,75590,fill condition,3,803.04
49976,Amy Smith,"280 Henson Ridges Apt. 714, New Jeffreyhaven, SD 02305",35423,2024-01-17,75590,fill condition,2,803.04
49976,Amy Smith,"280 Henson Ridges Apt. 714, New Jeffreyhaven, SD 02305",75809,2024-03-23,74698,activity both,2,912.19
49976,Amy Smith,"280 Henson Ridges Apt. 714, New Jeffreyhaven, SD 02305",57145,2024-01-03,99467,entire clear,2,168.62
60937,Laura Ortiz,"31834 Brian Centers, Courtneyfurt, AL 27826",37104,2024-05-16,27041,popular figure,5,483.9
60937,Laura Ortiz,"31834 Brian Centers, Courtneyfurt, AL 27826",37104,2024-05-16,13433,positive after,1,154.64
60937,Laura Ortiz,"31834 Brian Centers, Courtneyfurt, AL 27826",37104,2024-05-16,60205,probably character,1,828.78
60937,Laura Ortiz,"31834 Brian Centers, Courtneyfurt, AL 27826",93730,2024-09-02,91362,training force,4,640.29
60937,Laura Ortiz,"31834 Brian Centers, Courtneyfurt, AL 27826",93730,2024-09-02,93476,subject court,2,378.85
60937,Laura Ortiz,"31834 Brian Centers, Courtneyfurt, AL 27826",93730,2024-09-02,35740,fly catch,3,408.16
60937,Laura Ortiz,"31834 Brian Centers, Courtneyfurt, AL 27826",10482,2023-12-23,285,provide friend,4,162.6
60937,Laura Ortiz,"31834 Brian Centers, Courtneyfurt, AL 27826",14372,2024-07-08,2649,themselves person,2,382.08
60937,Laura Ortiz,"31834 Brian Centers, Courtneyfurt, AL 27826",14372,2024-07-08,66984,car data,5,115.17
60937,Laura Ortiz,"31834 Brian Centers, Courtneyfurt, AL 27826",14372,2024-07-08,4361,follow it,5,328.54
28550,Pamela Williams,"793 Donna Canyon Apt. 927, Rhondaville, NM 81174",19536,2024-05-28,12041,most easy,2,550.4
28550,Pamela Williams,"793 Donna Canyon Apt. 927, Rhondaville, NM 81174",19536,2024-05-28,4361,follow it,1,328.54
28550,Pamela Williams,"793 Donna Canyon Apt. 927, Rhondaville, NM 81174",19536,2024-05-28,60947,front letter,4,793.46
28550,Pamela Williams,"793 Donna Canyon Apt. 927, Rhondaville, NM 81174",99928,2024-01-12,31238,church interest,2,54.88
28550,Pamela Williams,"793 Donna Canyon Apt. 927, Rhondaville, NM 81174",99928,2024-01-12,29397,level visit,2,346.42
28550,Pamela Williams,"793 Donna Canyon Apt. 927, Rhondaville, NM 81174",58988,2024-07-11,24491,friend senior,1,785.53
28550,Pamela Williams,"793 Donna Canyon Apt. 927, Rhondaville, NM 81174",20124,2024-09-05,65859,however group,1,565.77
28550,Pamela Williams,"793 Donna Canyon Apt. 927, Rhondaville, NM 81174",89732,2023-12-24,74698,activity both,3,912.19
28550,Pamela Williams,"793 Donna Canyon Apt. 927, Rhondaville, NM 81174",89732,2023-12-24,23504,may somebody,4,223.91
28550,Pamela Williams,"793 Donna Canyon Apt. 927, Rhondaville, NM 81174",89732,2023-12-24,4080,reach physical,4,879.22
6767,Michelle Duran,"PSC 9663, Box 7400, APO AA 24877",6103,2024-10-03,35577,tough no,3,41.98
6767,Michelle Duran,"PSC 9663, Box 7400, APO AA 24877",6103,2024-10-03,37534,dark few,2,290.77
6767,Michelle Duran,"PSC 9663, Box 7400, APO AA 24877",6103,2024-10-03,53539,radio develop,3,458.26
6767,Michelle Duran,"PSC 9663, Box 7400, APO AA 24877",22562,2024-08-27,12041,most easy,4,550.4
6767,Michelle Duran,"PSC 9663, Box 7400, APO AA 24877",22562,2024-08-27,65859,however group,4,565.77
6767,Michelle Duran,"PSC 9663, Box 7400, APO AA 24877",22562,2024-08-27,27975,make site,1,254.19
15568,Joshua Johnson,"545 Connor Crossroad Suite 531, East Patriciastad, NC 70537",7017,2024-10-04,53539,radio develop,5,458.26
15568,Joshua Johnson,"545 Connor Crossroad Suite 531, East Patriciastad, NC 70537",65203,2024-03-08,38980,light together,1,757.42
15568,Joshua Johnson,"545 Connor Crossroad Suite 531, East Patriciastad, NC 70537",57669,2024-04-15,84927,team allow,1,332.14
15568,Joshua Johnson,"545 Connor Crossroad Suite 531, East Patriciastad, NC 70537",57669,2024-04-15,89010,state since,5,773.88
15568,Joshua Johnson,"545 Connor Crossroad Suite 531, East Patriciastad, NC 70537",57669,2024-04-15,37534,dark few,4,290.77
15568,Joshua Johnson,"545 Connor Crossroad Suite 531, East Patriciastad, NC 70537",22715,2023-11-23,84855,fund account,3,216.8
15568,Joshua Johnson,"545 Connor Crossroad Suite 531, East Patriciastad, NC 70537",22715,2023-11-23,1025,against return,4,307.44
15568,Joshua Johnson,"545 Connor Crossroad Suite 531, East Patriciastad, NC 70537",22715,2023-11-23,5537,why day,2,432.56
41727,Michael West,"167 Thompson Villages Apt. 805, Aaronshire, IA 59472",89275,2023-12-24,98176,single similar,3,698.81
41727,Michael West,"167 Thompson Villages Apt. 805, Aaronshire, IA 59472",46671,2024-03-07,66829,indicate glass,5,655.22
41727,Michael West,"167 Thompson Villages Apt. 805, Aaronshire, IA 59472",46671,2024-03-07,84927,team allow,2,332.14
41727,Michael West,"167 Thompson Villages Apt. 805, Aaronshire, IA 59472",1403,2024-04-13,13433,positive after,5,154.64
41727,Michael West,"167 Thompson Villages Apt. 805, Aaronshire, IA 59472",1403,2024-04-13,52265,international watch,1,110.68
41727,Michael West,"167 Thompson Villages Apt. 805, Aaronshire, IA 59472",1403,2024-04-13,25025,mouth key,3,575.89
52509,Nathan Norman,"228 Miller Drive Suite 406, East Danielton, MT 39992",31997,2024-10-12,68778,rule deal,3,111.08
52509,Nathan Norman,"228 Miller Drive Suite 406, East Danielton, MT 39992",31997,2024-10-12,97994,remain discussion,5,534.48
52509,Nathan Norman,"228 Miller Drive Suite 406, East Danielton, MT 39992",17097,2024-06-03,70552,blood sister,1,901.46
52509,Nathan Norman,"228 Miller Drive Suite 406, East Danielton, MT 39992",17097,2024-06-03,52265,international watch,2,110.68
52509,Nathan Norman,"228 Miller Drive Suite 406, East Danielton, MT 39992",17097,2024-06-03,41230,church always,5,428.98
52509,Nathan Norman,"228 Miller Drive Suite 406, East Danielton, MT 39992",30013,2024-05-16,39707,record give,4,271.2
52509,Nathan Norman,"228 Miller Drive Suite 406, East Danielton, MT 39992",30013,2024-05-16,37534,dark few,3,290.77
52509,Nathan Norman,"228 Miller Drive Suite 406, East Danielton, MT 39992",8052,2023-10-25,93476,subject court,5,378.85
52509,Nathan Norman,"228 Miller Drive Suite 406, East Danielton, MT 39992",75747,2024-06-14,27041,popular figure,5,483.9
77241,Sherri Heath,"79494 Phillips Islands Apt. 949, Matthewshire, WI 88361",16971,2023-12-08,35740,fly catch,2,408.16
77241,Sherri Heath,"79494 Phillips Islands Apt. 949, Matthewshire, WI 88361",16971,2023-12-08,75590,fill condition,3,803.04
77241,Sherri Heath,"79494 Phillips Islands Apt. 949, Matthewshire, WI 88361",40912,2024-07-07,83028,impact reach,2,880.32
77241,Sherri Heath,"79494 Phillips Islands Apt. 949, Matthewshire, WI 88361",40912,2024-07-07,66829,indicate glass,5,655.22
51366,Kimberly Harvey,"4406 Preston Curve, Lake Elizabethfort, TN 71059",64465,2024-06-28,77235,low nor,4,31.54
51366,Kimberly Harvey,"4406 Preston Curve, Lake Elizabethfort, TN 71059",64465,2024-06-28,35577,tough no,5,41.98
51366,Kimberly Harvey,"4406 Preston Curve, Lake Elizabethfort, TN 71059",64465,2024-06-28,41078,break of,4,395.12
51366,Kimberly Harvey,"4406 Preston Curve, Lake Elizabethfort, TN 71059",64707,2024-01-20,2235,senior work,2,871.17
51366,Kimberly Harvey,"4406 Preston Curve, Lake Elizabethfort, TN 71059",96931,2024-04-02,62335,man series,1,619.45
6435,Timothy Russell,"1752 Daniel Prairie Apt. 630, South Danielbury, CO 58192",749,2024-08-06,93476,subject court,5,378.85
6435,Timothy Russell,"1752 Daniel Prairie Apt. 630, South Danielbury, CO 58192",749,2024-08-06,10729,hotel degree,2,800.46
6435,Timothy Russell,"1752 Daniel Prairie Apt. 630, South Danielbury, CO 58192",749,2024-08-06,84855,fund account,5,216.8
6435,Timothy Russell,"1752 Daniel Prairie Apt. 630, South Danielbury, CO 58192",5405,2023-12-03,91241,Republican police,3,442.29
6435,Timothy Russell,"1752 Daniel Prairie Apt. 630, South Danielbury, CO 58192",5405,2023-12-03,64717,together system,1,136.24
6435,Timothy Russell,"1752 Daniel Prairie Apt. 630, South Danielbury, CO 58192",5405,2023-12-03,41078,break of,3,395.12
65191,Mrs. Ashley Evans,"042 Vicki Springs, East Carolinebury, MP 67361",86391,2024-08-19,99467,entire clear,5,168.62
65191,Mrs. Ashley Evans,"042 Vicki Springs, East Carolinebury, MP 67361",86391,2024-08-19,25217,case full,3,221.27
65191,Mrs. Ashley Evans,"042 Vicki Springs, East Carolinebury, MP 67361",86391,2024-08-19,35618,now suddenly,5,725.87
65191,Mrs. Ashley Evans,"042 Vicki Springs, East Carolinebury, MP 67361",83674,2024-05-01,35618,now suddenly,2,725.87
65191,Mrs. Ashley Evans,"042 Vicki Springs, East Carolinebury, MP 67361",54145,2023-12-18,70166,let candidate,2,337.72
65191,Mrs. Ashley Evans,"042 Vicki Springs, East Carolinebury, MP 67361",39193,2024-06-29,2235,senior work,5,871.17
65191,Mrs. Ashley Evans,"042 Vicki Springs, East Carolinebury, MP 67361",39193,2024-06-29,37534,dark few,5,290.77
65191,Mrs. Ashley Evans,"042 Vicki Springs, East Carolinebury, MP 67361",96826,2024-06-13,13073,table after,4,92.97
65191,Mrs. Ashley Evans,"042 Vicki Springs, East Carolinebury, MP 67361",96826,2024-06-13,65859,however group,4,565.77
65191,Mrs. Ashley Evans,"042 Vicki Springs, East Carolinebury, MP 67361",96826,2024-06-13,7458,could tell,1,311.26
94004,Sean Bauer,"74806 Mark Heights, Andrewberg, MI 86365",97554,2024-06-14,44518,build society,4,303.04
94004,Sean Bauer,"74806 Mark Heights, Andrewberg, MI 86365",57812,2024-02-06,3588,collection child,1,52.62
94004,Sean Bauer,"74806 Mark Heights, Andrewberg, MI 86365",10114,2024-06-11,99677,game test,3,780.7
94004,Sean Bauer,"74806 Mark Heights, Andrewberg, MI 86365",10114,2024-06-11,3436,he pattern,4,504.18
98334,Michael Davis,"72391 Brian Lake Apt. 879, Bradleytown, MD 87770",55984,2023-11-06,60205,probably character,5,828.78
98334,Michael Davis,"72391 Brian Lake Apt. 879, Bradleytown, MD 87770",28015,2024-07-13,64717,together system,3,136.24
98334,Michael Davis,"72391 Brian Lake Apt. 879, Bradleytown, MD 87770",28015,2024-07-13,39707,record give,2,271.2
98334,Michael Davis,"72391 Brian Lake Apt. 879, Bradleytown, MD 87770",28015,2024-07-13,37001,draw beyond,1,478.75
98334,Michael Davis,"72391 Brian Lake Apt. 879, Bradleytown, MD 87770",64124,2024-08-28,57048,central finish,3,349.0
98334,Michael Davis,"72391 Brian Lake Apt. 879, Bradleytown, MD 87770",64124,2024-08-28,37001,draw beyond,4,478.75
98334,Michael Davis,"72391 Brian Lake Apt. 879, Bradleytown, MD 87770",98275,2024-07-08,99467,entire clear,1,168.62
98334,Michael Davis,"72391 Brian Lake Apt. 879, Bradleytown, MD 87770",98275,2024-07-08,97994,remain discussion,3,534.48
98334,Michael Davis,"72391 Brian Lake Apt. 879, Bradleytown, MD 87770",98275,2024-07-08,98176,single similar,5,698.81
50339,Annette Martinez,"PSC 8023, Box 2317, APO AE 78557",35230,2024-09-21,49358,west build,1,812.37
9509,Donald Brown,"5462 Barbara Flat Suite 177, Russofort, CO 30531",62515,2024-01-23,31238,church interest,4,54.88
9509,Donald Brown,"5462 Barbara Flat Suite 177, Russofort, CO 30531",62515,2024-01-23,84927,team allow,4,332.14
74137,Scott Mclaughlin,"6174 Day Avenue, West Jessicatown, VI 06830",60774,2024-01-14,95733,south interview,4,259.25
74137,Scott Mclaughlin,"6174 Day Avenue, West Jessicatown, VI 06830",60774,2024-01-14,5537,why day,2,432.56
74137,Scott Mclaughlin,"6174 Day Avenue, West Jessicatown, VI 06830",60774,2024-01-14,66984,car data,3,115.17
74137,Scott Mclaughlin,"6174 Day Avenue, West Jessicatown, VI 06830",54036,2024-05-13,37001,draw beyond,2,478.75
74137,Scott Mclaughlin,"6174 Day Avenue, West Jessicatown, VI 06830",54036,2024-05-13,29397,level visit,2,346.42
74137,Scott Mclaughlin,"6174 Day Avenue, West Jessicatown, VI 06830",54036,2024-05-13,37534,dark few,2,290.77
74137,Scott Mclaughlin,"6174 Day Avenue, West Jessicatown, VI 06830",51157,2024-07-24,87329,worker organization,4,990.26
74137,Scott Mclaughlin,"6174 Day Avenue, West Jessicatown, VI 06830",51157,2024-07-24,66223,specific serious,3,763.48
74137,Scott Mclaughlin,"6174 Day Avenue, West Jessicatown, VI 06830",51157,2024-07-24,78574,pretty little,4,275.46
74137,Scott Mclaughlin,"6174 Day Avenue, West Jessicatown, VI 06830",83329,2024-02-17,89010,state since,1,773.88
74137,Scott Mclaughlin,"6174 Day Avenue, West Jessicatown, VI 06830",42593,2023-12-13,25217,case full,5,221.27
74137,Scott Mclaughlin,"6174 Day Avenue, West Jessicatown, VI 06830",42593,2023-12-13,68778,rule deal,5,111.08
30225,Sarah Hendricks,"15191 Adams Crescent Suite 683, New Samantha, OR 70132",7684,2024-08-20,12041,most easy,4,550.4
30225,Sarah Hendricks,"15191 Adams Crescent Suite 683, New Samantha, OR 70132",34239,2023-11-26,59794,economic power,5,146.78
30225,Sarah Hendricks,"15191 Adams Crescent Suite 683, New Samantha, OR 70132",25004,2024-10-07,87329,worker organization,2,990.26
69596,Stephanie Anderson,"296 Jennifer Stravenue, Lisamouth, NV 13122",76447,2024-06-17,68778,rule deal,3,111.08
69596,Stephanie Anderson,"296 Jennifer Stravenue, Lisamouth, NV 13122",76447,2024-06-17,1025,against return,2,307.44
39382,Christine Williams,"3669 Alexandra River, New Jean, MT 50835",42959,2024-04-17,29397,level visit,2,346.42
39382,Christine Williams,"3669 Alexandra River, New Jean, MT 50835",42959,2024-04-17,98054,if top,3,973.01
39382,Christine Williams,"3669 Alexandra River, New Jean, MT 50835",42959,2024-04-17,93476,subject court,2,378.85
39382,Christine Williams,"3669 Alexandra River, New Jean, MT 50835",20509,2024-05-12,35577,tough no,3,41.98
39382,Christine Williams,"3669 Alexandra River, New Jean, MT 50835",20509,2024-05-12,3588,collection child,3,52.62
39382,Christine Williams,"3669 Alexandra River, New Jean, MT 50835",20509,2024-05-12,35740,fly catch,3,408.16
39382,Christine Williams,"3669 Alexandra River, New Jean, MT 50835",9556,2024-10-07,10729,hotel degree,3,800.46
39382,Christine Williams,"3669 Alexandra River, New Jean, MT 50835",9556,2024-10-07,37534,dark few,1,290.77
39382,Christine Williams,"3669 Alexandra River, New Jean, MT 50835",9556,2024-10-07,31238,church interest,3,54.88
39382,Christine Williams,"3669 Alexandra River, New Jean, MT 50835",6591,2024-03-13,70552,blood sister,1,901.46
39382,Christine Williams,"3669 Alexandra River, New Jean, MT 50835",6591,2024-03-13,98054,if top,2,973.01
39382,Christine Williams,"3669 Alexandra River, New Jean, MT 50835",11283,2023-11-26,24491,friend senior,5,785.53
39382,Christine Williams,"3669 Alexandra River, New Jean, MT 50835",11283,2023-11-26,87329,worker organization,5,990.26
39382,Christine Williams,"3669 Alexandra River, New Jean, MT 50835",11283,2023-11-26,92810,citizen dream,4,876.79
45113,Nathan Miller,"33983 Shaw Trail Suite 713, North Keithtown, FL 73009",34220,2023-11-22,74698,activity both,1,912.19
45113,Nathan Miller,"33983 Shaw Trail Suite 713, North Keithtown, FL 73009",34220,2023-11-22,31238,church interest,2,54.88
45113,Nathan Miller,"33983 Shaw Trail Suite 713, North Keithtown, FL 73009",34220,2023-11-22,31737,pull idea,2,700.12
21145,Nathan Martinez,"96925 Wilson Mission Apt. 895, Amyshire, MA 17849",96556,2024-10-11,91472,different state,1,513.47
88498,Ashley Smith,"808 Anderson Centers Apt. 357, East Paulton, AK 43901",77210,2023-11-20,92810,citizen dream,2,876.79
88498,Ashley Smith,"808 Anderson Centers Apt. 357, East Paulton, AK 43901",77210,2023-11-20,91241,Republican police,1,442.29
88498,Ashley Smith,"808 Anderson Centers Apt. 357, East Paulton, AK 43901",77210,2023-11-20,83277,west western,3,882.67
88498,Ashley Smith,"808 Anderson Centers Apt. 357, East Paulton, AK 43901",9396,2023-12-24,79139,administration success,1,378.98
88498,Ashley Smith,"808 Anderson Centers Apt. 357, East Paulton, AK 43901",40315,2024-10-10,60205,probably character,2,828.78
88498,Ashley Smith,"808 Anderson Centers Apt. 357, East Paulton, AK 43901",40315,2024-10-10,62170,choice compare,5,506.51
88498,Ashley Smith,"808 Anderson Centers Apt. 357, East Paulton, AK 43901",40315,2024-10-10,75590,fill condition,4,803.04
88498,Ashley Smith,"808 Anderson Centers Apt. 357, East Paulton, AK 43901",55311,2024-02-16,7458,could tell,3,311.26
88498,Ashley Smith,"808 Anderson Centers Apt. 357, East Paulton, AK 43901",55311,2024-02-16,65859,however group,1,565.77
88498,Ashley Smith,"808 Anderson Centers Apt. 357, East Paulton, AK 43901",35806,2023-10-27,9868,reduce first,2,882.4
88498,Ashley Smith,"808 Anderson Centers Apt. 357, East Paulton, AK 43901",35806,2023-10-27,4361,follow it,3,328.54
88498,Ashley Smith,"808 Anderson Centers Apt. 357, East Paulton, AK 43901",35806,2023-10-27,60947,front letter,5,793.46
92119,Richard Norris,"3295 Patricia Mission, South Alanborough, MD 82997",54159,2024-03-02,13892,son how,1,889.57
92119,Richard Norris,"3295 Patricia Mission, South Alanborough, MD 82997",54159,2024-03-02,64717,together system,2,136.24
92119,Richard Norris,"3295 Patricia Mission, South Alanborough, MD 82997",94216,2024-08-24,83277,west western,5,882.67
92119,Richard Norris,"3295 Patricia Mission, South Alanborough, MD 82997",94216,2024-08-24,27975,make site,3,254.19
92119,Richard Norris,"3295 Patricia Mission, South Alanborough, MD 82997",94216,2024-08-24,4361,follow it,5,328.54
36436,Andrew Salazar,"USNS Carey, FPO AP 03344",22696,2024-02-14,38980,light together,5,757.42
36436,Andrew Salazar,"USNS Carey, FPO AP 03344",22696,2024-02-14,97994,remain discussion,5,534.48
36436,Andrew Salazar,"USNS Carey, FPO AP 03344",22696,2024-02-14,52265,international watch,2,110.68
36436,Andrew Salazar,"USNS Carey, FPO AP 03344",43384,2024-02-27,27041,popular figure,4,483.9
36436,Andrew Salazar,"USNS Carey, FPO AP 03344",35854,2024-03-29,39680,wait phone,2,390.08
19272,Michael Jones,"3859 William Haven, Taylorville, FL 60160",52669,2023-11-01,12041,most easy,5,550.4
19272,Michael Jones,"3859 William Haven, Taylorville, FL 60160",52669,2023-11-01,12041,most easy,1,550.4
19272,Michael Jones,"3859 William Haven, Taylorville, FL 60160",52669,2023-11-01,65859,however group,2,565.77
19272,Michael Jones,"3859 William Haven, Taylorville, FL 60160",43155,2024-08-14,39707,record give,1,271.2
19272,Michael Jones,"3859 William Haven, Taylorville, FL 60160",43155,2024-08-14,87329,worker organization,1,990.26
19272,Michael Jones,"3859 William Haven, Taylorville, FL 60160",43155,2024-08-14,62070,firm it,4,709.83
91426,Gregory Graves,"696 Lee Parkways Suite 944, South Nancy, ME 49225",18800,2023-10-27,35740,fly catch,1,408.16
91426,Gregory Graves,"696 Lee Parkways Suite 944, South Nancy, ME 49225",18800,2023-10-27,285,provide friend,3,162.6
91426,Gregory Graves,"696 Lee Parkways Suite 944, South Nancy, ME 49225",4898,2024-08-07,25025,mouth key,1,575.89
55032,Elizabeth Woods,"859 Cuevas Walk Apt. 685, South David, SC 40008",92723,2023-11-30,78574,pretty little,5,275.46
55032,Elizabeth Woods,"859 Cuevas Walk Apt. 685, South David, SC 40008",23904,2024-03-16,37001,draw beyond,4,478.75
55032,Elizabeth Woods,"859 Cuevas Walk Apt. 685, South David, SC 40008",16694,2024-03-07,10729,hotel degree,2,800.46
11784,Diana Wright,"3774 Robinson Divide, New Kristen, ND 06414",83094,2024-04-28,57048,central finish,4,349.0
11784,Diana Wright,"3774 Robinson Divide, New Kristen, ND 06414",83094,2024-04-28,91362,training force,5,640.29
11784,Diana Wright,"3774 Robinson Divide, New Kristen, ND 06414",4986,2024-05-18,97994,remain discussion,2,534.48
11784,Diana Wright,"3774 Robinson Divide, New Kristen, ND 06414",4986,2024-05-18,67406,threat mission,1,181.57
11784,Diana Wright,"3774 Robinson Divide, New Kristen, ND 06414",27584,2024-03-15,70918,team clear,1,59.7
11784,Diana Wright,"3774 Robinson Divide, New Kristen, ND 06414",27584,2024-03-15,99677,game test,1,780.7
11784,Diana Wright,"3774 Robinson Divide, New Kristen, ND 06414",27584,2024-03-15,59794,economic power,3,146.78
61090,Danny Choi,"9835 Hannah Ramp, East Carolynmouth, CT 94247",1562,2023-12-28,66829,indicate glass,3,655.22
61090,Danny Choi,"9835 Hannah Ramp, East Carolynmouth, CT 94247",26951,2024-06-16,39707,record give,5,271.2
61090,Danny Choi,"9835 Hannah Ramp, East Carolynmouth, CT 94247",26951,2024-06-16,2649,themselves person,4,382.08
61090,Danny Choi,"9835 Hannah Ramp, East Carolynmouth, CT 94247",47602,2024-10-17,83277,west western,5,882.67
62135,Brian Brown,"USCGC Lee, FPO AP 68443",28735,2024-09-21,70552,blood sister,4,901.46
84619,Sean Dunn,"7629 Alison Route Apt. 384, West Stephen, NC 70106",18861,2024-07-13,62170,choice compare,4,506.51
84619,Sean Dunn,"7629 Alison Route Apt. 384, West Stephen, NC 70106",90889,2024-02-10,78574,pretty little,3,275.46
84619,Sean Dunn,"7629 Alison Route Apt. 384, West Stephen, NC 70106",90889,2024-02-10,92810,citizen dream,4,876.79
84619,Sean Dunn,"7629 Alison Route Apt. 384, West Stephen, NC 70106",90889,2024-02-10,38257,few trade,3,712.15
84619,Sean Dunn,"7629 Alison Route Apt. 384, West Stephen, NC 70106",4688,2023-12-08,66986,stay away,5,171.66
55626,Christopher Mitchell,"64012 Anthony Squares Apt. 114, Ashleyburgh, MS 20064",59064,2023-10-29,1025,against return,4,307.44
99470,Melissa Ewing,"PSC 3052, Box 2047, APO AA 30791",73450,2024-03-27,59794,economic power,2,146.78
99470,Melissa Ewing,"PSC 3052, Box 2047, APO AA 30791",73450,2024-03-27,39680,wait phone,3,390.08
99470,Melissa Ewing,"PSC 3052, Box 2047, APO AA 30791",3596,2024-04-02,70918,team clear,2,59.7
99470,Melissa Ewing,"PSC 3052, Box 2047, APO AA 30791",32646,2024-10-08,44518,build society,3,303.04
99470,Melissa Ewing,"PSC 3052, Box 2047, APO AA 30791",66874,2024-02-04,83028,impact reach,5,880.32
13278,Emily Castro,"Unit 7672 Box 7587, DPO AE 71908",46330,2023-11-30,83277,west western,4,882.67
93049,Martha Olson,"9785 Rodriguez Grove, Wongmouth, NY 37509",99555,2024-01-14,99467,entire clear,3,168.62
93049,Martha Olson,"9785 Rodriguez Grove, Wongmouth, NY 37509",99555,2024-01-14,91362,training force,4,640.29
93049,Martha Olson,"9785 Rodriguez Grove, Wongmouth, NY 37509",5840,2024-05-08,62170,choice compare,2,506.51
93049,Martha Olson,"9785 Rodriguez Grove, Wongmouth, NY 37509",5840,2024-05-08,2649,themselves person,3,382.08
93049,Martha Olson,"9785 Rodriguez Grove, Wongmouth, NY 37509",5840,2024-05-08,99677,game test,4,780.7
61819,Mr. Kenneth Garcia Jr.,"749 Davila Mountains, Lake Donna, AS 99593",79485,2023-11-15,23419,represent which,3,615.92
61819,Mr. Kenneth Garcia Jr.,"749 Davila Mountains, Lake Donna, AS 99593",79485,2023-11-15,84927,team allow,3,332.14
36928,Rachael Smith,"33500 Teresa Trail Suite 975, West Christina, DC 39401",36093,2024-03-21,64717,together system,1,136.24
36928,Rachael Smith,"33500 Teresa Trail Suite 975, West Christina, DC 39401",36093,2024-03-21,87329,worker organization,1,990.26
36928,Rachael Smith,"33500 Teresa Trail Suite 975, West Christina, DC 39401",25818,2024-02-25,60947,front letter,4,793.46
36928,Rachael Smith,"33500 Teresa Trail Suite 975, West Christina, DC 39401",25818,2024-02-25,13892,son how,4,889.57
36928,Rachael Smith,"33500 Teresa Trail Suite 975, West Christina, DC 39401",65339,2024-01-17,73670,government leg,2,838.01
36928,Rachael Smith,"33500 Teresa Trail Suite 975, West Christina, DC 39401",65339,2024-01-17,13433,positive after,5,154.64
36928,Rachael Smith,"33500 Teresa Trail Suite 975, West Christina, DC 39401",65339,2024-01-17,39680,wait phone,5,390.08
36928,Rachael Smith,"33500 Teresa Trail Suite 975, West Christina, DC 39401",95191,2024-05-20,74698,activity both,1,912.19
36928,Rachael Smith,"33500 Teresa Trail Suite 975, West Christina, DC 39401",95191,2024-05-20,29940,cause here,5,967.4
36928,Rachael Smith,"33500 Teresa Trail Suite 975, West Christina, DC 39401",95191,2024-05-20,37534,dark few,2,290.77
38357,David James,"7992 Johnson Rapids Apt. 497, Calvinport, AR 00999",59634,2024-05-27,44518,build society,3,303.04
38357,David James,"7992 Johnson Rapids Apt. 497, Calvinport, AR 00999",59634,2024-05-27,13189,store daughter,3,150.25
38357,David James,"7992 Johnson Rapids Apt. 497, Calvinport, AR 00999",59634,2024-05-27,99467,entire clear,5,168.62
38357,David James,"7992 Johnson Rapids Apt. 497, Calvinport, AR 00999",91556,2024-01-25,13189,store daughter,1,150.25
38357,David James,"7992 Johnson Rapids Apt. 497, Calvinport, AR 00999",91556,2024-01-25,58821,yard identify,2,399.75
38357,David James,"7992 Johnson Rapids Apt. 497, Calvinport, AR 00999",91556,2024-01-25,60947,front letter,2,793.46
71233,Jennifer Mcclain,"93139 Ryan Streets Suite 833, South Steven, MP 45842",80897,2024-07-12,3588,collection child,5,52.62
71233,Jennifer Mcclain,"93139 Ryan Streets Suite 833, South Steven, MP 45842",80897,2024-07-12,46813,avoid loss,5,58.75
77578,Michael Davis,"525 Lisa Port, Lake Kevin, UT 92525",54711,2024-02-17,5537,why day,3,432.56
77578,Michael Davis,"525 Lisa Port, Lake Kevin, UT 92525",54711,2024-02-17,20230,maintain finish,4,37.39
3018,Mary Duncan,"589 Harris Falls Suite 520, Beckyfort, PR 66241",88734,2024-06-16,97994,remain discussion,4,534.48
3018,Mary Duncan,"589 Harris Falls Suite 520, Beckyfort, PR 66241",97434,2024-09-03,52265,international watch,3,110.68
3018,Mary Duncan,"589 Harris Falls Suite 520, Beckyfort, PR 66241",18251,2024-01-01,35577,tough no,3,41.98
61792,Jessica Wong,"53812 Sherri Avenue, Juliaburgh, WA 75167",55565,2024-01-13,98176,single similar,3,698.81
61792,Jessica Wong,"53812 Sherri Avenue, Juliaburgh, WA 75167",55565,2024-01-13,31737,pull idea,2,700.12
61792,Jessica Wong,"53812 Sherri Avenue, Juliaburgh, WA 75167",41613,2023-11-09,99467,entire clear,1,168.62
61792,Jessica Wong,"53812 Sherri Avenue, Juliaburgh, WA 75167",28700,2024-01-31,70166,let candidate,4,337.72
61792,Jessica Wong,"53812 Sherri Avenue, Juliaburgh, WA 75167",28700,2024-01-31,84855,fund account,3,216.8
61792,Jessica Wong,"53812 Sherri Avenue, Juliaburgh, WA 75167",28700,2024-01-31,93476,subject court,4,378.85
26256,Teresa Allen,"006 Le Mission, Port Peggyfort, MT 38466",79362,2024-05-06,53539,radio develop,2,458.26
26256,Teresa Allen,"006 Le Mission, Port Peggyfort, MT 38466",49598,2024-07-08,37001,draw beyond,1,478.75
26256,Teresa Allen,"006 Le Mission, Port Peggyfort, MT 38466",49598,2024-07-08,5537,why day,1,432.56
26256,Teresa Allen,"006 Le Mission, Port Peggyfort, MT 38466",49598,2024-07-08,23419,represent which,2,615.92
26256,Teresa Allen,"006 Le Mission, Port Peggyfort, MT 38466",98959,2024-06-10,4080,reach physical,2,879.22
26256,Teresa Allen,"006 Le Mission, Port Peggyfort, MT 38466",98959,2024-06-10,39707,record give,1,271.2
26256,Teresa Allen,"006 Le Mission, Port Peggyfort, MT 38466",98959,2024-06-10,3436,he pattern,3,504.18
26256,Teresa Allen,"006 Le Mission, Port Peggyfort, MT 38466",87549,2024-06-10,27975,make site,4,254.19
26256,Teresa Allen,"006 Le Mission, Port Peggyfort, MT 38466",87549,2024-06-10,77235,low nor,1,31.54
73365,Jeffrey Howell,"2138 Smith Burgs, Nobletown, VA 06346",91406,2024-01-18,25025,mouth key,3,575.89
73365,Jeffrey Howell,"2138 Smith Burgs, Nobletown, VA 06346",13151,2024-07-20,29940,cause here,1,967.4
73365,Jeffrey Howell,"2138 Smith Burgs, Nobletown, VA 06346",13151,2024-07-20,35577,tough no,5,41.98
73365,Jeffrey Howell,"2138 Smith Burgs, Nobletown, VA 06346",45678,2024-03-01,12041,most easy,4,550.4
75796,Christopher Martin,"1773 Pineda Track Apt. 589, Wilsonview, IA 16384",36866,2024-08-24,24491,friend senior,5,785.53
75796,Christopher Martin,"1773 Pineda Track Apt. 589, Wilsonview, IA 16384",36866,2024-08-24,53539,radio develop,3,458.26
75796,Christopher Martin,"1773 Pineda Track Apt. 589, Wilsonview, IA 16384",36866,2024-08-24,24491,friend senior,4,785.53
33238,Christina Thompson,"55804 Christopher Crest Apt. 827, Suarezmouth, OK 58099",44003,2024-03-14,87329,worker organization,1,990.26
33238,Christina Thompson,"55804 Christopher Crest Apt. 827, Suarezmouth, OK 58099",78343,2024-10-04,41078,break of,5,395.12
33238,Christina Thompson,"55804 Christopher Crest Apt. 827, Suarezmouth, OK 58099",78343,2024-10-04,24491,friend senior,5,785.53
33238,Christina Thompson,"55804 Christopher Crest Apt. 827, Suarezmouth, OK 58099",78343,2024-10-04,9868,reduce first,1,882.4
33238,Christina Thompson,"55804 Christopher Crest Apt. 827, Suarezmouth, OK 58099",38761,2024-02-25,41230,church always,3,428.98
33238,Christina Thompson,"55804 Christopher Crest Apt. 827, Suarezmouth, OK 58099",38761,2024-02-25,89010,state since,4,773.88
33238,Christina Thompson,"55804 Christopher Crest Apt. 827, Suarezmouth, OK 58099",38761,2024-02-25,7458,could tell,1,311.26
49475,Mr. Kevin Cook,"6486 Richard Motorway Suite 467, East Derrickhaven, AR 43150",31102,2024-04-17,66223,specific serious,2,763.48
49475,Mr. Kevin Cook,"6486 Richard Motorway Suite 467, East Derrickhaven, AR 43150",52902,2024-05-21,97994,remain discussion,1,534.48
49475,Mr. Kevin Cook,"6486 Richard Motorway Suite 467, East Derrickhaven, AR 43150",52902,2024-05-21,285,provide friend,1,162.6
49475,Mr. Kevin Cook,"6486 Richard Motorway Suite 467, East Derrickhaven, AR 43150",96124,2024-10-07,95733,south interview,1,259.25
49475,Mr. Kevin Cook,"6486 Richard Motorway Suite 467, East Derrickhaven, AR 43150",47271,2023-12-20,30630,share particularly,2,646.96
49475,Mr. Kevin Cook,"6486 Richard Motorway Suite 467, East Derrickhaven, AR 43150",47271,2023-12-20,41078,break of,3,395.12
58154,James Martinez,"6662 Smith Isle Apt. 281, Graychester, AR 37608",49029,2023-11-12,83028,impact reach,5,880.32
58154,James Martinez,"6662 Smith Isle Apt. 281, Graychester, AR 37608",49029,2023-11-12,66984,car data,2,115.17
58154,James Martinez,"6662 Smith Isle Apt. 281, Graychester, AR 37608",49029,2023-11-12,79139,administration success,2,378.98
13533,Caroline Martin,"4577 Williams Landing, Cooperburgh, AK 31256",74997,2023-12-17,44214,himself world,4,597.5
13533,Caroline Martin,"4577 Williams Landing, Cooperburgh, AK 31256",61560,2024-06-20,68778,rule deal,5,111.08
13533,Caroline Martin,"4577 Williams Landing, Cooperburgh, AK 31256",67513,2023-11-07,3588,collection child,3,52.62
13533,Caroline Martin,"4577 Williams Landing, Cooperburgh, AK 31256",67513,2023-11-07,7628,call thought,5,671.06
13533,Caroline Martin,"4577 Williams Landing, Cooperburgh, AK 31256",67513,2023-11-07,98176,single similar,2,698.81
13533,Caroline Martin,"4577 Williams Landing, Cooperburgh, AK 31256",79518,2024-05-05,99677,game test,4,780.7
13533,Caroline Martin,"4577 Williams Landing, Cooperburgh, AK 31256",79518,2024-05-05,70552,blood sister,3,901.46
13533,Caroline Martin,"4577 Williams Landing, Cooperburgh, AK 31256",79518,2024-05-05,93476,subject court,1,378.85
13533,Caroline Martin,"4577 Williams Landing, Cooperburgh, AK 31256",73478,2024-06-04,66986,stay away,3,171.66
52497,Dr. Amy Zuniga,"5508 Ware Drives, Crystalside, CT 59884",21099,2024-04-03,64717,together system,5,136.24
52497,Dr. Amy Zuniga,"5508 Ware Drives, Crystalside, CT 59884",97051,2024-03-23,25217,case full,5,221.27
52497,Dr. Amy Zuniga,"5508 Ware Drives, Crystalside, CT 59884",97051,2024-03-23,98176,single similar,5,698.81
52497,Dr. Amy Zuniga,"5508 Ware Drives, Crystalside, CT 59884",97051,2024-03-23,70166,let candidate,4,337.72
52497,Dr. Amy Zuniga,"5508 Ware Drives, Crystalside, CT 59884",64713,2024-05-20,74698,activity both,2,912.19
52497,Dr. Amy Zuniga,"5508 Ware Drives, Crystalside, CT 59884",64713,2024-05-20,97994,remain discussion,5,534.48
52497,Dr. Amy Zuniga,"5508 Ware Drives, Crystalside, CT 59884",74764,2024-04-23,29397,level visit,3,346.42
52497,Dr. Amy Zuniga,"5508 Ware Drives, Crystalside, CT 59884",74764,2024-04-23,58821,yard identify,2,399.75
52497,Dr. Amy Zuniga,"5508 Ware Drives, Crystalside, CT 59884",74764,2024-04-23,53539,radio develop,2,458.26
52497,Dr. Amy Zuniga,"5508 Ware Drives, Crystalside, CT 59884",11667,2024-06-27,39707,record give,2,271.2
52497,Dr. Amy Zuniga,"5508 Ware Drives, Crystalside, CT 59884",11667,2024-06-27,93476,subject court,3,378.85
73915,Elizabeth Smith,"7259 Boyer Shoal Apt. 657, West Jesseburgh, GA 83659",49810,2024-09-04,66986,stay away,1,171.66
73915,Elizabeth Smith,"7259 Boyer Shoal Apt. 657, West Jesseburgh, GA 83659",56203,2023-12-20,3588,collection child,3,52.62
73915,Elizabeth Smith,"7259 Boyer Shoal Apt. 657, West Jesseburgh, GA 83659",56203,2023-12-20,48648,some onto,4,35.31
73915,Elizabeth Smith,"7259 Boyer Shoal Apt. 657, West Jesseburgh, GA 83659",56203,2023-12-20,12041,most easy,3,550.4
73915,Elizabeth Smith,"7259 Boyer Shoal Apt. 657, West Jesseburgh, GA 83659",39610,2024-07-07,44214,himself world,3,597.5
73915,Elizabeth Smith,"7259 Boyer Shoal Apt. 657, West Jesseburgh, GA 83659",39610,2024-07-07,4459,admit measure,5,737.28
73915,Elizabeth Smith,"7259 Boyer Shoal Apt. 657, West Jesseburgh, GA 83659",85158,2024-03-03,23504,may somebody,5,223.91
73915,Elizabeth Smith,"7259 Boyer Shoal Apt. 657, West Jesseburgh, GA 83659",85158,2024-03-03,1025,against return,3,307.44
73915,Elizabeth Smith,"7259 Boyer Shoal Apt. 657, West Jesseburgh, GA 83659",85158,2024-03-03,4080,reach physical,1,879.22
83619,Thomas Alvarez,"PSC 0122, Box 7662, APO AE 76862",18208,2024-09-17,25025,mouth key,5,575.89
83619,Thomas Alvarez,"PSC 0122, Box 7662, APO AE 76862",78655,2024-07-27,10729,hotel degree,1,800.46
83619,Thomas Alvarez,"PSC 0122, Box 7662, APO AE 76862",78655,2024-07-27,25025,mouth key,4,575.89
83619,Thomas Alvarez,"PSC 0122, Box 7662, APO AE 76862",78655,2024-07-27,29940,cause here,3,967.4
83619,Thomas Alvarez,"PSC 0122, Box 7662, APO AE 76862",87418,2024-03-07,35618,now suddenly,2,725.87
63562,Melissa Gray,"24698 Angela Square Apt. 054, Stephaniebury, TX 52795",6929,2024-09-24,83028,impact reach,2,880.32
63562,Melissa Gray,"24698 Angela Square Apt. 054, Stephaniebury, TX 52795",6929,2024-09-24,66829,indicate glass,2,655.22
63562,Melissa Gray,"24698 Angela Square Apt. 054, Stephaniebury, TX 52795",6929,2024-09-24,83028,impact reach,1,880.32
6561,Paul Richardson,"70638 Andrea Walk, North Darren, OH 74926",24368,2024-04-30,31238,church interest,5,54.88
6561,Paul Richardson,"70638 Andrea Walk, North Darren, OH 74926",24368,2024-04-30,60205,probably character,2,828.78
21023,Lisa Dickerson,"722 Nicole Shoals, Port Angelahaven, IL 68605",90384,2024-05-02,34209,new family,4,339.87
21023,Lisa Dickerson,"722 Nicole Shoals, Port Angelahaven, IL 68605",90384,2024-05-02,78574,pretty little,2,275.46
21023,Lisa Dickerson,"722 Nicole Shoals, Port Angelahaven, IL 68605",90384,2024-05-02,89010,state since,1,773.88
21023,Lisa Dickerson,"722 Nicole Shoals, Port Angelahaven, IL 68605",59377,2024-07-23,3436,he pattern,2,504.18
21023,Lisa Dickerson,"722 Nicole Shoals, Port Angelahaven, IL 68605",5002,2023-12-22,57048,central finish,2,349.0
21023,Lisa Dickerson,"722 Nicole Shoals, Port Angelahaven, IL 68605",78865,2024-06-27,31737,pull idea,1,700.12
21023,Lisa Dickerson,"722 Nicole Shoals, Port Angelahaven, IL 68605",15095,2023-11-04,27041,popular figure,3,483.9
45304,Cheyenne Hood,"68448 James Union, West Mistybury, AR 59294",70672,2024-07-04,66223,specific serious,4,763.48
76165,Victoria Burns,"467 Kimberly Field Apt. 775, Gallagherburgh, CO 77233",76395,2024-03-28,37534,dark few,1,290.77
76165,Victoria Burns,"467 Kimberly Field Apt. 775, Gallagherburgh, CO 77233",94660,2023-11-27,31238,church interest,1,54.88
76165,Victoria Burns,"467 Kimberly Field Apt. 775, Gallagherburgh, CO 77233",94660,2023-11-27,93476,subject court,5,378.85
76165,Victoria Burns,"467 Kimberly Field Apt. 775, Gallagherburgh, CO 77233",94660,2023-11-27,34209,new family,5,339.87
76165,Victoria Burns,"467 Kimberly Field Apt. 775, Gallagherburgh, CO 77233",67374,2023-11-20,57048,central finish,4,349.0
76165,Victoria Burns,"467 Kimberly Field Apt. 775, Gallagherburgh, CO 77233",67374,2023-11-20,5537,why day,5,432.56
76165,Victoria Burns,"467 Kimberly Field Apt. 775, Gallagherburgh, CO 77233",66319,2023-10-26,89010,state since,4,773.88
77826,Denise Herrera,"144 William Vista Apt. 484, Davisside, NE 39328",34089,2024-03-08,46813,avoid loss,2,58.75
77826,Denise Herrera,"144 William Vista Apt. 484, Davisside, NE 39328",42475,2023-12-15,66984,car data,2,115.17
77826,Denise Herrera,"144 William Vista Apt. 484, Davisside, NE 39328",42475,2023-12-15,64717,together system,5,136.24
77826,Denise Herrera,"144 William Vista Apt. 484, Davisside, NE 39328",87232,2024-09-18,79139,administration success,2,378.98
97536,Savannah Bowman,"498 Miller Centers, Port Jenniferville, TN 59337",22428,2024-01-29,29397,level visit,5,346.42
97536,Savannah Bowman,"498 Miller Centers, Port Jenniferville, TN 59337",22428,2024-01-29,31737,pull idea,3,700.12
39288,Debbie Moore,"114 Stephens Lake, New Erikmouth, AK 32538",11225,2024-01-19,78574,pretty little,2,275.46
39288,Debbie Moore,"114 Stephens Lake, New Erikmouth, AK 32538",96988,2024-04-05,39680,wait phone,4,390.08
39288,Debbie Moore,"114 Stephens Lake, New Erikmouth, AK 32538",96988,2024-04-05,62070,firm it,5,709.83
39288,Debbie Moore,"114 Stephens Lake, New Erikmouth, AK 32538",96988,2024-04-05,9868,reduce first,2,882.4
39288,Debbie Moore,"114 Stephens Lake, New Erikmouth, AK 32538",12422,2023-12-22,97994,remain discussion,5,534.48
39288,Debbie Moore,"114 Stephens Lake, New Erikmouth, AK 32538",12422,2023-12-22,30480,area world,3,919.25
39288,Debbie Moore,"114 Stephens Lake, New Erikmouth, AK 32538",12422,2023-12-22,95733,south interview,5,259.25
39288,Debbie Moore,"114 Stephens Lake, New Erikmouth, AK 32538",95802,2023-11-23,37534,dark few,2,290.77
39288,Debbie Moore,"114 Stephens Lake, New Erikmouth, AK 32538",95802,2023-11-23,66223,specific serious,5,763.48
39288,Debbie Moore,"114 Stephens Lake, New Erikmouth, AK 32538",95802,2023-11-23,20230,maintain finish,4,37.39
55054,Tiffany Smith,"90124 Baker Burgs Suite 782, Port Bonnie, AK 22241",5268,2024-08-09,27041,popular figure,2,483.9
55054,Tiffany Smith,"90124 Baker Burgs Suite 782, Port Bonnie, AK 22241",39729,2024-07-14,53539,radio develop,3,458.26
55054,Tiffany Smith,"90124 Baker Burgs Suite 782, Port Bonnie, AK 22241",39729,2024-07-14,66829,indicate glass,3,655.22
55054,Tiffany Smith,"90124 Baker Burgs Suite 782, Port Bonnie, AK 22241",39729,2024-07-14,99677,game test,2,780.7
70283,Robert Edwards,"3805 Nicole Shore Suite 401, East Lisamouth, AZ 27091",44811,2024-02-22,62762,amount seat,4,379.34
70283,Robert Edwards,"3805 Nicole Shore Suite 401, East Lisamouth, AZ 27091",44811,2024-02-22,85138,same impact,1,638.88
70283,Robert Edwards,"3805 Nicole Shore Suite 401, East Lisamouth, AZ 27091",44811,2024-02-22,13892,son how,5,889.57
70283,Robert Edwards,"3805 Nicole Shore Suite 401, East Lisamouth, AZ 27091",1605,2024-03-12,37534,dark few,1,290.77
70283,Robert Edwards,"3805 Nicole Shore Suite 401, East Lisamouth, AZ 27091",37041,2023-11-13,25025,mouth key,1,575.89
70283,Robert Edwards,"3805 Nicole Shore Suite 401, East Lisamouth, AZ 27091",37041,2023-11-13,78574,pretty little,3,275.46
70283,Robert Edwards,"3805 Nicole Shore Suite 401, East Lisamouth, AZ 27091",81466,2024-01-18,25025,mouth key,3,575.89
70283,Robert Edwards,"3805 Nicole Shore Suite 401, East Lisamouth, AZ 27091",81466,2024-01-18,35618,now suddenly,5,725.87
33227,Karen Martinez,"USNS Summers, FPO AP 90535",57353,2024-02-23,62762,amount seat,3,379.34
33227,Karen Martinez,"USNS Summers, FPO AP 90535",57353,2024-02-23,73670,government leg,2,838.01
33227,Karen Martinez,"USNS Summers, FPO AP 90535",57353,2024-02-23,73670,government leg,1,838.01
23803,Tiffany Cole,"31747 Ramirez Falls Apt. 750, Thompsonfurt, GA 17265",27983,2023-11-07,83028,impact reach,1,880.32
23803,Tiffany Cole,"31747 Ramirez Falls Apt. 750, Thompsonfurt, GA 17265",27983,2023-11-07,14861,social ahead,5,118.94
23803,Tiffany Cole,"31747 Ramirez Falls Apt. 750, Thompsonfurt, GA 17265",27983,2023-11-07,68778,rule deal,3,111.08
23803,Tiffany Cole,"31747 Ramirez Falls Apt. 750, Thompsonfurt, GA 17265",1929,2023-11-19,66986,stay away,5,171.66
23803,Tiffany Cole,"31747 Ramirez Falls Apt. 750, Thompsonfurt, GA 17265",1929,2023-11-19,29940,cause here,3,967.4
23803,Tiffany Cole,"31747 Ramirez Falls Apt. 750, Thompsonfurt, GA 17265",1929,2023-11-19,7628,call thought,3,671.06
23803,Tiffany Cole,"31747 Ramirez Falls Apt. 750, Thompsonfurt, GA 17265",62965,2024-04-13,13189,store daughter,4,150.25
23803,Tiffany Cole,"31747 Ramirez Falls Apt. 750, Thompsonfurt, GA 17265",62965,2024-04-13,88584,law within,2,851.28
85142,Nicole Leon,"375 Kelli Circles, Schultzstad, MT 13991",83294,2024-05-19,99677,game test,4,780.7
85142,Nicole Leon,"375 Kelli Circles, Schultzstad, MT 13991",83294,2024-05-19,62762,amount seat,3,379.34
46770,Mark Smith,"458 Anderson Harbor Suite 033, Evanport, ID 87058",74174,2023-12-03,87329,worker organization,4,990.26
46770,Mark Smith,"458 Anderson Harbor Suite 033, Evanport, ID 87058",61503,2023-12-01,97994,remain discussion,1,534.48
46770,Mark Smith,"458 Anderson Harbor Suite 033, Evanport, ID 87058",87774,2024-03-06,41078,break of,2,395.12
46770,Mark Smith,"458 Anderson Harbor Suite 033, Evanport, ID 87058",87774,2024-03-06,49358,west build,3,812.37
46770,Mark Smith,"458 Anderson Harbor Suite 033, Evanport, ID 87058",93130,2024-05-17,65859,however group,4,565.77
46770,Mark Smith,"458 Anderson Harbor Suite 033, Evanport, ID 87058",21294,2023-12-26,62335,man series,2,619.45
46770,Mark Smith,"458 Anderson Harbor Suite 033, Evanport, ID 87058",21294,2023-12-26,27041,popular figure,4,483.9
22485,Dr. Nicholas Kennedy DVM,"1842 Walton Field, Port Mathew, WI 54348",11245,2024-05-20,4459,admit measure,3,737.28
22485,Dr. Nicholas Kennedy DVM,"1842 Walton Field, Port Mathew, WI 54348",11245,2024-05-20,13189,store daughter,4,150.25
22485,Dr. Nicholas Kennedy DVM,"1842 Walton Field, Port Mathew, WI 54348",33006,2024-09-22,85138,same impact,4,638.88
22485,Dr. Nicholas Kennedy DVM,"1842 Walton Field, Port Mathew, WI 54348",55603,2024-01-04,23504,may somebody,1,223.91
22485,Dr. Nicholas Kennedy DVM,"1842 Walton Field, Port Mathew, WI 54348",55603,2024-01-04,97994,remain discussion,5,534.48
22485,Dr. Nicholas Kennedy DVM,"1842 Walton Field, Port Mathew, WI 54348",65503,2024-03-11,75590,fill condition,5,803.04
22485,Dr. Nicholas Kennedy DVM,"1842 Walton Field, Port Mathew, WI 54348",65503,2024-03-11,84927,team allow,2,332.14
22485,Dr. Nicholas Kennedy DVM,"1842 Walton Field, Port Mathew, WI 54348",65503,2024-03-11,38257,few trade,5,712.15
22485,Dr. Nicholas Kennedy DVM,"1842 Walton Field, Port Mathew, WI 54348",41184,2024-10-19,87329,worker organization,3,990.26
49634,Daniel Crawford,"155 Mark Union, Taraport, MH 37736",62187,2024-06-19,65859,however group,1,565.77
49634,Daniel Crawford,"155 Mark Union, Taraport, MH 37736",4404,2023-10-22,35618,now suddenly,2,725.87
49634,Daniel Crawford,"155 Mark Union, Taraport, MH 37736",4404,2023-10-22,77235,low nor,3,31.54
36458,Anthony Parks,"99699 Lopez Estate, Rebeccahaven, KY 03341",77896,2024-02-20,35740,fly catch,5,408.16
36458,Anthony Parks,"99699 Lopez Estate, Rebeccahaven, KY 03341",77896,2024-02-20,68778,rule deal,5,111.08
36458,Anthony Parks,"99699 Lopez Estate, Rebeccahaven, KY 03341",70757,2023-12-28,49358,west build,5,812.37
36458,Anthony Parks,"99699 Lopez Estate, Rebeccahaven, KY 03341",70757,2023-12-28,44214,himself world,1,597.5
4637,Vickie Bartlett,"73129 Taylor Field Apt. 858, Grayside, PW 59288",50113,2024-07-04,27975,make site,4,254.19
4637,Vickie Bartlett,"73129 Taylor Field Apt. 858, Grayside, PW 59288",50113,2024-07-04,30480,area world,3,919.25
4637,Vickie Bartlett,"73129 Taylor Field Apt. 858, Grayside, PW 59288",50113,2024-07-04,38980,light together,2,757.42
4637,Vickie Bartlett,"73129 Taylor Field Apt. 858, Grayside, PW 59288",69507,2023-12-04,77235,low nor,5,31.54
4637,Vickie Bartlett,"73129 Taylor Field Apt. 858, Grayside, PW 59288",69507,2023-12-04,7628,call thought,1,671.06
4637,Vickie Bartlett,"73129 Taylor Field Apt. 858, Grayside, PW 59288",13851,2024-08-15,85138,same impact,4,638.88
4637,Vickie Bartlett,"73129 Taylor Field Apt. 858, Grayside, PW 59288",13851,2024-08-15,67406,threat mission,5,181.57
4637,Vickie Bartlett,"73129 Taylor Field Apt. 858, Grayside, PW 59288",13851,2024-08-15,24491,friend senior,4,785.53
16852,Tammy Hughes,"402 Ashley Tunnel Apt. 885, Petersonland, OH 43306",80581,2024-09-25,35740,fly catch,1,408.16
16852,Tammy Hughes,"402 Ashley Tunnel Apt. 885, Petersonland, OH 43306",49528,2024-10-18,66829,indicate glass,2,655.22
16852,Tammy Hughes,"402 Ashley Tunnel Apt. 885, Petersonland, OH 43306",49528,2024-10-18,29940,cause here,2,967.4
16852,Tammy Hughes,"402 Ashley Tunnel Apt. 885, Petersonland, OH 43306",49528,2024-10-18,25025,mouth key,2,575.89
16852,Tammy Hughes,"402 Ashley Tunnel Apt. 885, Petersonland, OH 43306",29982,2024-09-14,84855,fund account,2,216.8
16852,Tammy Hughes,"402 Ashley Tunnel Apt. 885, Petersonland, OH 43306",61355,2024-05-16,89010,state since,2,773.88
16852,Tammy Hughes,"402 Ashley Tunnel Apt. 885, Petersonland, OH 43306",61355,2024-05-16,29397,level visit,5,346.42
16852,Tammy Hughes,"402 Ashley Tunnel Apt. 885, Petersonland, OH 43306",81758,2024-07-31,41078,break of,2,395.12
16852,Tammy Hughes,"402 Ashley Tunnel Apt. 885, Petersonland, OH 43306",81758,2024-07-31,1025,against return,3,307.44
16852,Tammy Hughes,"402 Ashley Tunnel Apt. 885, Petersonland, OH 43306",81758,2024-07-31,30480,area world,5,919.25
88859,Lance Jones,"USNS Marshall, FPO AP 43292",50556,2024-05-28,84855,fund account,5,216.8
57151,Matthew Jones,"05926 Michael Isle Apt. 410, Kathrynfort, AL 13423",25654,2024-04-01,68778,rule deal,1,111.08
57151,Matthew Jones,"05926 Michael Isle Apt. 410, Kathrynfort, AL 13423",25654,2024-04-01,65859,however group,5,565.77
57151,Matthew Jones,"05926 Michael Isle Apt. 410, Kathrynfort, AL 13423",94516,2024-09-29,13073,table after,4,92.97
57151,Matthew Jones,"05926 Michael Isle Apt. 410, Kathrynfort, AL 13423",94516,2024-09-29,39680,wait phone,4,390.08
57151,Matthew Jones,"05926 Michael Isle Apt. 410, Kathrynfort, AL 13423",90286,2024-04-16,65859,however group,3,565.77
57151,Matthew Jones,"05926 Michael Isle Apt. 410, Kathrynfort, AL 13423",90286,2024-04-16,99677,game test,5,780.7
57151,Matthew Jones,"05926 Michael Isle Apt. 410, Kathrynfort, AL 13423",90286,2024-04-16,98054,if top,2,973.01
57151,Matthew Jones,"05926 Michael Isle Apt. 410, Kathrynfort, AL 13423",87302,2023-11-05,24491,friend senior,1,785.53
57151,Matthew Jones,"05926 Michael Isle Apt. 410, Kathrynfort, AL 13423",22704,2024-04-25,285,provide friend,2,162.6
57151,Matthew Jones,"05926 Michael Isle Apt. 410, Kathrynfort, AL 13423",22704,2024-04-25,1025,against return,3,307.44
40181,Misty Stevenson,"049 Wise Underpass, Carlsonshire, NM 72150",11688,2023-12-11,30630,share particularly,2,646.96
40181,Misty Stevenson,"049 Wise Underpass, Carlsonshire, NM 72150",11688,2023-12-11,48648,some onto,4,35.31
40181,Misty Stevenson,"049 Wise Underpass, Carlsonshire, NM 72150",71612,2023-11-01,12041,most easy,1,550.4
40181,Misty Stevenson,"049 Wise Underpass, Carlsonshire, NM 72150",71612,2023-11-01,48648,some onto,4,35.31
40181,Misty Stevenson,"049 Wise Underpass, Carlsonshire, NM 72150",71612,2023-11-01,91362,training force,1,640.29
58359,Kyle Reeves,"90549 Michelle Orchard Apt. 797, Colehaven, FL 75797",6148,2024-10-18,20230,maintain finish,1,37.39
58359,Kyle Reeves,"90549 Michelle Orchard Apt. 797, Colehaven, FL 75797",6148,2024-10-18,64717,together system,1,136.24
58359,Kyle Reeves,"90549 Michelle Orchard Apt. 797, Colehaven, FL 75797",6148,2024-10-18,68778,rule deal,4,111.08
12181,Scott White,"067 Edwin Streets, West Rebekah, OH 65633",50788,2024-02-28,30480,area world,1,919.25
12181,Scott White,"067 Edwin Streets, West Rebekah, OH 65633",50788,2024-02-28,79139,administration success,2,378.98
12181,Scott White,"067 Edwin Streets, West Rebekah, OH 65633",50788,2024-02-28,99467,entire clear,3,168.62
12181,Scott White,"067 Edwin Streets, West Rebekah, OH 65633",10589,2024-05-20,66984,car data,4,115.17
12181,Scott White,"067 Edwin Streets, West Rebekah, OH 65633",10589,2024-05-20,85138,same impact,1,638.88
12181,Scott White,"067 Edwin Streets, West Rebekah, OH 65633",25952,2024-06-02,39707,record give,1,271.2
12181,Scott White,"067 Edwin Streets, West Rebekah, OH 65633",25952,2024-06-02,34209,new family,4,339.87
36229,Phyllis Curry,"3931 Caldwell Estates Suite 393, North Rebecca, NV 63065",78346,2024-07-12,84927,team allow,2,332.14
36229,Phyllis Curry,"3931 Caldwell Estates Suite 393, North Rebecca, NV 63065",78346,2024-07-12,79139,administration success,5,378.98
36229,Phyllis Curry,"3931 Caldwell Estates Suite 393, North Rebecca, NV 63065",78346,2024-07-12,31737,pull idea,3,700.12
36229,Phyllis Curry,"3931 Caldwell Estates Suite 393, North Rebecca, NV 63065",28602,2023-10-26,65859,however group,4,565.77
36229,Phyllis Curry,"3931 Caldwell Estates Suite 393, North Rebecca, NV 63065",28602,2023-10-26,49358,west build,4,812.37
36229,Phyllis Curry,"3931 Caldwell Estates Suite 393, North Rebecca, NV 63065",28602,2023-10-26,66986,stay away,3,171.66
36229,Phyllis Curry,"3931 Caldwell Estates Suite 393, North Rebecca, NV 63065",77973,2024-09-12,38980,light together,5,757.42
36229,Phyllis Curry,"3931 Caldwell Estates Suite 393, North Rebecca, NV 63065",77973,2024-09-12,39680,wait phone,2,390.08
36229,Phyllis Curry,"3931 Caldwell Estates Suite 393, North Rebecca, NV 63065",3882,2023-11-12,66223,specific serious,5,763.48
36229,Phyllis Curry,"3931 Caldwell Estates Suite 393, North Rebecca, NV 63065",85578,2024-05-02,53539,radio develop,1,458.26
36229,Phyllis Curry,"3931 Caldwell Estates Suite 393, North Rebecca, NV 63065",85578,2024-05-02,29940,cause here,1,967.4
36229,Phyllis Curry,"3931 Caldwell Estates Suite 393, North Rebecca, NV 63065",85578,2024-05-02,89010,state since,4,773.88
66802,Megan Green,"0828 Chandler Unions, New Warrenland, WV 24636",85965,2024-04-05,64717,together system,5,136.24
66802,Megan Green,"0828 Chandler Unions, New Warrenland, WV 24636",85965,2024-04-05,31737,pull idea,5,700.12
66802,Megan Green,"0828 Chandler Unions, New Warrenland, WV 24636",99240,2024-03-06,20230,maintain finish,1,37.39
66802,Megan Green,"0828 Chandler Unions, New Warrenland, WV 24636",99240,2024-03-06,99677,game test,2,780.7
66802,Megan Green,"0828 Chandler Unions, New Warrenland, WV 24636",50945,2024-04-07,99677,game test,4,780.7
66802,Megan Green,"0828 Chandler Unions, New Warrenland, WV 24636",50945,2024-04-07,88584,law within,1,851.28
66802,Megan Green,"0828 Chandler Unions, New Warrenland, WV 24636",50945,2024-04-07,23419,represent which,2,615.92
66802,Megan Green,"0828 Chandler Unions, New Warrenland, WV 24636",32732,2024-04-30,66986,stay away,5,171.66
66802,Megan Green,"0828 Chandler Unions, New Warrenland, WV 24636",32732,2024-04-30,29940,cause here,2,967.4
66802,Megan Green,"0828 Chandler Unions, New Warrenland, WV 24636",16400,2024-01-08,2649,themselves person,1,382.08
31407,Haley James,"591 Rachael Union Apt. 907, Randallport, PR 68033",56200,2024-09-23,53539,radio develop,5,458.26
31407,Haley James,"591 Rachael Union Apt. 907, Randallport, PR 68033",56200,2024-09-23,97994,remain discussion,2,534.48
31407,Haley James,"591 Rachael Union Apt. 907, Randallport, PR 68033",45472,2024-06-17,27975,make site,1,254.19
31407,Haley James,"591 Rachael Union Apt. 907, Randallport, PR 68033",45472,2024-06-17,91241,Republican police,4,442.29
31407,Haley James,"591 Rachael Union Apt. 907, Randallport, PR 68033",3069,2023-10-27,91472,different state,5,513.47
31407,Haley James,"591 Rachael Union Apt. 907, Randallport, PR 68033",3069,2023-10-27,70552,blood sister,2,901.46
31407,Haley James,"591 Rachael Union Apt. 907, Randallport, PR 68033",3069,2023-10-27,7628,call thought,1,671.06
3745,Justin Moore,"PSC 1284, Box 2588, APO AA 97338",30501,2024-10-10,2235,senior work,2,871.17
41712,Jillian Murphy,"4011 Gates Turnpike, Lake Antonioview, OH 12830",31346,2024-03-15,83028,impact reach,3,880.32
11506,Scott Rogers,"57792 Pierce Expressway Apt. 481, Lake Jameston, WV 93911",31930,2024-09-23,10729,hotel degree,4,800.46
11506,Scott Rogers,"57792 Pierce Expressway Apt. 481, Lake Jameston, WV 93911",81705,2024-06-20,99467,entire clear,4,168.62
11506,Scott Rogers,"57792 Pierce Expressway Apt. 481, Lake Jameston, WV 93911",31839,2024-04-17,92810,citizen dream,1,876.79
11506,Scott Rogers,"57792 Pierce Expressway Apt. 481, Lake Jameston, WV 93911",31839,2024-04-17,97994,remain discussion,5,534.48
11506,Scott Rogers,"57792 Pierce Expressway Apt. 481, Lake Jameston, WV 93911",31839,2024-04-17,13892,son how,1,889.57
11506,Scott Rogers,"57792 Pierce Expressway Apt. 481, Lake Jameston, WV 93911",88709,2024-07-15,77235,low nor,3,31.54
11506,Scott Rogers,"57792 Pierce Expressway Apt. 481, Lake Jameston, WV 93911",88709,2024-07-15,39707,record give,1,271.2
11506,Scott Rogers,"57792 Pierce Expressway Apt. 481, Lake Jameston, WV 93911",88709,2024-07-15,70166,let candidate,3,337.72
11506,Scott Rogers,"57792 Pierce Expressway Apt. 481, Lake Jameston, WV 93911",22989,2024-01-10,46813,avoid loss,1,58.75
11506,Scott Rogers,"57792 Pierce Expressway Apt. 481, Lake Jameston, WV 93911",22989,2024-01-10,88584,law within,2,851.28
11506,Scott Rogers,"57792 Pierce Expressway Apt. 481, Lake Jameston, WV 93911",22989,2024-01-10,30630,share particularly,4,646.96
34733,William Schaefer,"958 Davidson Pines Apt. 433, Terriville, VT 12315",4738,2024-06-21,22733,seat your,2,790.71
34733,William Schaefer,"958 Davidson Pines Apt. 433, Terriville, VT 12315",4738,2024-06-21,24491,friend senior,5,785.53
34733,William Schaefer,"958 Davidson Pines Apt. 433, Terriville, VT 12315",55841,2024-06-18,37534,dark few,1,290.77
34733,William Schaefer,"958 Davidson Pines Apt. 433, Terriville, VT 12315",55841,2024-06-18,38257,few trade,1,712.15
34733,William Schaefer,"958 Davidson Pines Apt. 433, Terriville, VT 12315",40415,2023-11-20,87329,worker organization,2,990.26
34733,William Schaefer,"958 Davidson Pines Apt. 433, Terriville, VT 12315",76335,2024-03-22,62335,man series,2,619.45
34733,William Schaefer,"958 Davidson Pines Apt. 433, Terriville, VT 12315",76335,2024-03-22,58821,yard identify,3,399.75
34733,William Schaefer,"958 Davidson Pines Apt. 433, Terriville, VT 12315",76335,2024-03-22,3436,he pattern,3,504.18
34733,William Schaefer,"958 Davidson Pines Apt. 433, Terriville, VT 12315",78060,2024-10-19,23419,represent which,1,615.92
34733,William Schaefer,"958 Davidson Pines Apt. 433, Terriville, VT 12315",78060,2024-10-19,4080,reach physical,5,879.22
34733,William Schaefer,"958 Davidson Pines Apt. 433, Terriville, VT 12315",78060,2024-10-19,41230,church always,4,428.98
50670,Stephanie Rogers,"Unit 6153 Box 0978, DPO AP 93218",44645,2024-01-31,12041,most easy,3,550.4
50670,Stephanie Rogers,"Unit 6153 Box 0978, DPO AP 93218",44645,2024-01-31,20230,maintain finish,4,37.39
50670,Stephanie Rogers,"Unit 6153 Box 0978, DPO AP 93218",35045,2024-08-29,3588,collection child,1,52.62
50670,Stephanie Rogers,"Unit 6153 Box 0978, DPO AP 93218",81311,2023-12-07,92810,citizen dream,3,876.79
50670,Stephanie Rogers,"Unit 6153 Box 0978, DPO AP 93218",10949,2024-06-28,31737,pull idea,3,700.12
50670,Stephanie Rogers,"Unit 6153 Box 0978, DPO AP 93218",10949,2024-06-28,58821,yard identify,5,399.75
6236,Mark Chavez,"6628 Melvin Extension, South Phillip, TX 60652",92739,2024-05-25,49358,west build,3,812.37
6236,Mark Chavez,"6628 Melvin Extension, South Phillip, TX 60652",49046,2024-02-05,3588,collection child,5,52.62
6236,Mark Chavez,"6628 Melvin Extension, South Phillip, TX 60652",49046,2024-02-05,13433,positive after,2,154.64
6236,Mark Chavez,"6628 Melvin Extension, South Phillip, TX 60652",49046,2024-02-05,91362,training force,2,640.29
6236,Mark Chavez,"6628 Melvin Extension, South Phillip, TX 60652",89902,2023-11-06,84855,fund account,2,216.8
6236,Mark Chavez,"6628 Melvin Extension, South Phillip, TX 60652",89902,2023-11-06,65859,however group,1,565.77
6236,Mark Chavez,"6628 Melvin Extension, South Phillip, TX 60652",89902,2023-11-06,1025,against return,5,307.44
87674,Willie Thompson,"6493 Jennifer Terrace Apt. 303, Annport, AZ 17816",79949,2024-09-07,44214,himself world,4,597.5
87674,Willie Thompson,"6493 Jennifer Terrace Apt. 303, Annport, AZ 17816",79949,2024-09-07,48648,some onto,5,35.31
87674,Willie Thompson,"6493 Jennifer Terrace Apt. 303, Annport, AZ 17816",79949,2024-09-07,2649,themselves person,4,382.08
87674,Willie Thompson,"6493 Jennifer Terrace Apt. 303, Annport, AZ 17816",84143,2023-12-31,91472,different state,3,513.47
87674,Willie Thompson,"6493 Jennifer Terrace Apt. 303, Annport, AZ 17816",84143,2023-12-31,77235,low nor,4,31.54
87674,Willie Thompson,"6493 Jennifer Terrace Apt. 303, Annport, AZ 17816",84143,2023-12-31,31737,pull idea,4,700.12
87674,Willie Thompson,"6493 Jennifer Terrace Apt. 303, Annport, AZ 17816",70429,2024-03-21,3588,collection child,3,52.62
87674,Willie Thompson,"6493 Jennifer Terrace Apt. 303, Annport, AZ 17816",70429,2024-03-21,57048,central finish,2,349.0
79332,Jeremiah Brown,"84761 Jones Trace Suite 152, Matthewhaven, MT 58276",17698,2024-04-15,38257,few trade,2,712.15
79332,Jeremiah Brown,"84761 Jones Trace Suite 152, Matthewhaven, MT 58276",17698,2024-04-15,68778,rule deal,3,111.08
79332,Jeremiah Brown,"84761 Jones Trace Suite 152, Matthewhaven, MT 58276",12898,2024-06-08,73670,government leg,3,838.01
12255,Stacy Franklin,"2798 Sarah Camp Suite 661, North Leonardfort, HI 71464",84134,2024-01-29,62170,choice compare,3,506.51
83749,Alexander Stevens,"755 Justin Freeway Apt. 008, Meganside, MS 44353",31290,2023-12-14,62335,man series,2,619.45
83749,Alexander Stevens,"755 Justin Freeway Apt. 008, Meganside, MS 44353",31290,2023-12-14,25025,mouth key,2,575.89
39294,Timothy Rhodes,"8364 Kristen Forks, East Matthew, SD 14280",87117,2024-07-30,98176,single similar,3,698.81
39294,Timothy Rhodes,"8364 Kristen Forks, East Matthew, SD 14280",87117,2024-07-30,62762,amount seat,4,379.34
39294,Timothy Rhodes,"8364 Kristen Forks, East Matthew, SD 14280",87117,2024-07-30,37001,draw beyond,1,478.75
39294,Timothy Rhodes,"8364 Kristen Forks, East Matthew, SD 14280",12793,2024-10-06,85138,same impact,3,638.88
39294,Timothy Rhodes,"8364 Kristen Forks, East Matthew, SD 14280",12793,2024-10-06,39707,record give,1,271.2
39294,Timothy Rhodes,"8364 Kristen Forks, East Matthew, SD 14280",2394,2023-11-10,13892,son how,3,889.57
20088,Joseph Thomas,"7230 Glenda Spring, Jasmineshire, WA 44616",57182,2024-10-12,23504,may somebody,2,223.91
20088,Joseph Thomas,"7230 Glenda Spring, Jasmineshire, WA 44616",93257,2024-01-15,7628,call thought,3,671.06
20088,Joseph Thomas,"7230 Glenda Spring, Jasmineshire, WA 44616",93257,2024-01-15,4361,follow it,2,328.54
3796,Carol Ortiz,"50685 Thomas Rapid, Huntertown, AL 26207",11891,2024-07-29,9868,reduce first,1,882.4
3796,Carol Ortiz,"50685 Thomas Rapid, Huntertown, AL 26207",30043,2024-07-05,83277,west western,4,882.67
3796,Carol Ortiz,"50685 Thomas Rapid, Huntertown, AL 26207",58174,2024-02-13,23419,represent which,4,615.92
3796,Carol Ortiz,"50685 Thomas Rapid, Huntertown, AL 26207",58174,2024-02-13,31737,pull idea,3,700.12
76313,Steven Walker,"020 Webb Parks Apt. 594, Conradbury, KS 09052",27607,2024-03-22,78574,pretty little,4,275.46
76313,Steven Walker,"020 Webb Parks Apt. 594, Conradbury, KS 09052",27607,2024-03-22,66984,car data,5,115.17
75320,Emily Hall,"7643 Melissa Mission Suite 555, Lake Michelletown, WI 66258",41589,2023-12-09,31737,pull idea,2,700.12
75320,Emily Hall,"7643 Melissa Mission Suite 555, Lake Michelletown, WI 66258",41589,2023-12-09,14861,social ahead,4,118.94
75320,Emily Hall,"7643 Melissa Mission Suite 555, Lake Michelletown, WI 66258",41589,2023-12-09,13433,positive after,2,154.64
75320,Emily Hall,"7643 Melissa Mission Suite 555, Lake Michelletown, WI 66258",13367,2024-03-06,66223,specific serious,3,763.48
75320,Emily Hall,"7643 Melissa Mission Suite 555, Lake Michelletown, WI 66258",13367,2024-03-06,66829,indicate glass,5,655.22
75320,Emily Hall,"7643 Melissa Mission Suite 555, Lake Michelletown, WI 66258",76592,2023-12-18,35740,fly catch,1,408.16
75320,Emily Hall,"7643 Melissa Mission Suite 555, Lake Michelletown, WI 66258",76592,2023-12-18,66223,specific serious,4,763.48
75320,Emily Hall,"7643 Melissa Mission Suite 555, Lake Michelletown, WI 66258",46860,2024-01-08,13433,positive after,3,154.64
75320,Emily Hall,"7643 Melissa Mission Suite 555, Lake Michelletown, WI 66258",97733,2024-05-07,27041,popular figure,4,483.9
75320,Emily Hall,"7643 Melissa Mission Suite 555, Lake Michelletown, WI 66258",97733,2024-05-07,68778,rule deal,1,111.08
76510,David Hendricks,"51727 Chandler Fort, New Tiffany, IL 95688",46020,2023-11-12,91362,training force,2,640.29
76510,David Hendricks,"51727 Chandler Fort, New Tiffany, IL 95688",27711,2024-04-25,91362,training force,4,640.29
76510,David Hendricks,"51727 Chandler Fort, New Tiffany, IL 95688",27711,2024-04-25,52265,international watch,3,110.68
76510,David Hendricks,"51727 Chandler Fort, New Tiffany, IL 95688",27711,2024-04-25,27041,popular figure,5,483.9
76510,David Hendricks,"51727 Chandler Fort, New Tiffany, IL 95688",21359,2024-04-27,29397,level visit,5,346.42
76510,David Hendricks,"51727 Chandler Fort, New Tiffany, IL 95688",21359,2024-04-27,62170,choice compare,1,506.51
76510,David Hendricks,"51727 Chandler Fort, New Tiffany, IL 95688",21359,2024-04-27,87329,worker organization,1,990.26
76510,David Hendricks,"51727 Chandler Fort, New Tiffany, IL 95688",91519,2024-05-15,35618,now suddenly,1,725.87
5361,Vincent Wolf,"1355 Jennifer Spurs Apt. 072, West Jonathan, DE 75290",71272,2024-01-22,62170,choice compare,3,506.51
5361,Vincent Wolf,"1355 Jennifer Spurs Apt. 072, West Jonathan, DE 75290",71272,2024-01-22,7628,call thought,3,671.06
5361,Vincent Wolf,"1355 Jennifer Spurs Apt. 072, West Jonathan, DE 75290",71272,2024-01-22,38980,light together,1,757.42
5361,Vincent Wolf,"1355 Jennifer Spurs Apt. 072, West Jonathan, DE 75290",5271,2024-06-03,59794,economic power,1,146.78
5361,Vincent Wolf,"1355 Jennifer Spurs Apt. 072, West Jonathan, DE 75290",7942,2023-12-31,46813,avoid loss,3,58.75
5361,Vincent Wolf,"1355 Jennifer Spurs Apt. 072, West Jonathan, DE 75290",7942,2023-12-31,57048,central finish,2,349.0
5361,Vincent Wolf,"1355 Jennifer Spurs Apt. 072, West Jonathan, DE 75290",70460,2024-03-27,41230,church always,1,428.98
54752,Christine Rice,"9700 Swanson Cliffs Apt. 589, West Christopher, MO 87031",77679,2024-07-23,24491,friend senior,3,785.53
54752,Christine Rice,"9700 Swanson Cliffs Apt. 589, West Christopher, MO 87031",55599,2024-01-17,10729,hotel degree,1,800.46
54752,Christine Rice,"9700 Swanson Cliffs Apt. 589, West Christopher, MO 87031",27337,2024-09-13,27975,make site,3,254.19
73966,Miss Linda Rodriguez MD,"75905 James Pike Suite 080, East Amyhaven, HI 97358",41457,2023-12-02,38257,few trade,4,712.15
73966,Miss Linda Rodriguez MD,"75905 James Pike Suite 080, East Amyhaven, HI 97358",41457,2023-12-02,92810,citizen dream,5,876.79
73966,Miss Linda Rodriguez MD,"75905 James Pike Suite 080, East Amyhaven, HI 97358",41457,2023-12-02,70166,let candidate,2,337.72
8864,Christine Lee,"2419 Gates Mills, Maryfort, AS 55957",14843,2024-09-22,53539,radio develop,1,458.26
8864,Christine Lee,"2419 Gates Mills, Maryfort, AS 55957",14843,2024-09-22,35740,fly catch,4,408.16
8864,Christine Lee,"2419 Gates Mills, Maryfort, AS 55957",12662,2024-08-24,99677,game test,5,780.7
8864,Christine Lee,"2419 Gates Mills, Maryfort, AS 55957",12662,2024-08-24,13189,store daughter,5,150.25
8864,Christine Lee,"2419 Gates Mills, Maryfort, AS 55957",91960,2024-09-20,78574,pretty little,2,275.46
8864,Christine Lee,"2419 Gates Mills, Maryfort, AS 55957",91960,2024-09-20,13073,table after,4,92.97
8864,Christine Lee,"2419 Gates Mills, Maryfort, AS 55957",19255,2024-01-15,60947,front letter,3,793.46
53240,Lauren Lozano,"USNS Sanchez, FPO AA 41168",80842,2024-04-18,20230,maintain finish,1,37.39
53240,Lauren Lozano,"USNS Sanchez, FPO AA 41168",80842,2024-04-18,12041,most easy,1,550.4
53240,Lauren Lozano,"USNS Sanchez, FPO AA 41168",80842,2024-04-18,68778,rule deal,3,111.08
53240,Lauren Lozano,"USNS Sanchez, FPO AA 41168",84132,2024-02-06,38257,few trade,5,712.15
53240,Lauren Lozano,"USNS Sanchez, FPO AA 41168",84132,2024-02-06,3436,he pattern,1,504.18
53240,Lauren Lozano,"USNS Sanchez, FPO AA 41168",84132,2024-02-06,89010,state since,4,773.88
53240,Lauren Lozano,"USNS Sanchez, FPO AA 41168",22729,2024-01-01,70552,blood sister,4,901.46
53240,Lauren Lozano,"USNS Sanchez, FPO AA 41168",22729,2024-01-01,35618,now suddenly,2,725.87
53240,Lauren Lozano,"USNS Sanchez, FPO AA 41168",22729,2024-01-01,46813,avoid loss,3,58.75
53240,Lauren Lozano,"USNS Sanchez, FPO AA 41168",6383,2024-01-10,39680,wait phone,3,390.08
53240,Lauren Lozano,"USNS Sanchez, FPO AA 41168",6383,2024-01-10,66986,stay away,3,171.66
94292,Crystal Ramirez,"632 Phillip Lodge, Heatherbury, FM 74272",40419,2024-03-12,83028,impact reach,5,880.32
94292,Crystal Ramirez,"632 Phillip Lodge, Heatherbury, FM 74272",40419,2024-03-12,37001,draw beyond,1,478.75
94292,Crystal Ramirez,"632 Phillip Lodge, Heatherbury, FM 74272",40419,2024-03-12,29397,level visit,4,346.42
94292,Crystal Ramirez,"632 Phillip Lodge, Heatherbury, FM 74272",36531,2023-11-16,84855,fund account,3,216.8
94292,Crystal Ramirez,"632 Phillip Lodge, Heatherbury, FM 74272",49774,2024-03-19,44214,himself world,3,597.5
94292,Crystal Ramirez,"632 Phillip Lodge, Heatherbury, FM 74272",49364,2023-11-22,58821,yard identify,5,399.75
94292,Crystal Ramirez,"632 Phillip Lodge, Heatherbury, FM 74272",49364,2023-11-22,34209,new family,2,339.87
94292,Crystal Ramirez,"632 Phillip Lodge, Heatherbury, FM 74272",49364,2023-11-22,66986,stay away,5,171.66
96117,Samantha Bennett,"758 Shaw Circles Suite 994, West Justin, IA 32868",79870,2024-08-15,27975,make site,2,254.19
96117,Samantha Bennett,"758 Shaw Circles Suite 994, West Justin, IA 32868",97739,2024-07-28,31238,church interest,3,54.88
96117,Samantha Bennett,"758 Shaw Circles Suite 994, West Justin, IA 32868",97739,2024-07-28,95733,south interview,2,259.25
96117,Samantha Bennett,"758 Shaw Circles Suite 994, West Justin, IA 32868",57870,2024-01-23,62170,choice compare,4,506.51
96117,Samantha Bennett,"758 Shaw Circles Suite 994, West Justin, IA 32868",57870,2024-01-23,4080,reach physical,1,879.22
96117,Samantha Bennett,"758 Shaw Circles Suite 994, West Justin, IA 32868",57870,2024-01-23,34209,new family,3,339.87
96117,Samantha Bennett,"758 Shaw Circles Suite 994, West Justin, IA 32868",48831,2024-02-14,35740,fly catch,4,408.16
96117,Samantha Bennett,"758 Shaw Circles Suite 994, West Justin, IA 32868",48831,2024-02-14,68778,rule deal,4,111.08
96117,Samantha Bennett,"758 Shaw Circles Suite 994, West Justin, IA 32868",48831,2024-02-14,41230,church always,4,428.98
96117,Samantha Bennett,"758 Shaw Circles Suite 994, West Justin, IA 32868",70645,2024-05-04,49358,west build,2,812.37
96117,Samantha Bennett,"758 Shaw Circles Suite 994, West Justin, IA 32868",70645,2024-05-04,58821,yard identify,5,399.75
96117,Samantha Bennett,"758 Shaw Circles Suite 994, West Justin, IA 32868",70645,2024-05-04,5537,why day,5,432.56
30446,Michael Franklin,"04482 Kelsey Manors Apt. 327, Dennishaven, IA 63182",73251,2024-07-30,60205,probably character,1,828.78
30446,Michael Franklin,"04482 Kelsey Manors Apt. 327, Dennishaven, IA 63182",73251,2024-07-30,84855,fund account,5,216.8
47479,Nicole Adams,"002 Rebecca Motorway Suite 783, Donnachester, OH 05793",98757,2024-06-23,46813,avoid loss,4,58.75
47479,Nicole Adams,"002 Rebecca Motorway Suite 783, Donnachester, OH 05793",98757,2024-06-23,99677,game test,1,780.7
47479,Nicole Adams,"002 Rebecca Motorway Suite 783, Donnachester, OH 05793",93785,2024-09-17,70166,let candidate,1,337.72
47479,Nicole Adams,"002 Rebecca Motorway Suite 783, Donnachester, OH 05793",93785,2024-09-17,99467,entire clear,4,168.62
47479,Nicole Adams,"002 Rebecca Motorway Suite 783, Donnachester, OH 05793",93785,2024-09-17,93476,subject court,5,378.85
8607,Veronica Sims,"55341 Yates Via Suite 789, Jodyfurt, SD 84498",9187,2024-08-07,2649,themselves person,5,382.08
8607,Veronica Sims,"55341 Yates Via Suite 789, Jodyfurt, SD 84498",52784,2024-05-18,68778,rule deal,2,111.08
8607,Veronica Sims,"55341 Yates Via Suite 789, Jodyfurt, SD 84498",52784,2024-05-18,70166,let candidate,2,337.72
8607,Veronica Sims,"55341 Yates Via Suite 789, Jodyfurt, SD 84498",73454,2024-09-20,70166,let candidate,4,337.72
8607,Veronica Sims,"55341 Yates Via Suite 789, Jodyfurt, SD 84498",73454,2024-09-20,70552,blood sister,3,901.46
8607,Veronica Sims,"55341 Yates Via Suite 789, Jodyfurt, SD 84498",36803,2024-01-16,31238,church interest,4,54.88
8607,Veronica Sims,"55341 Yates Via Suite 789, Jodyfurt, SD 84498",36803,2024-01-16,89010,state since,1,773.88
8607,Veronica Sims,"55341 Yates Via Suite 789, Jodyfurt, SD 84498",36803,2024-01-16,37001,draw beyond,4,478.75
41609,Nicole Frazier,"147 Joshua Rue, South Natalieville, ME 80580",2074,2024-08-29,35577,tough no,1,41.98
1134,Lindsey Campbell,"3442 Robert Courts Apt. 464, North Walter, NY 43074",92470,2024-03-22,285,provide friend,5,162.6
1134,Lindsey Campbell,"3442 Robert Courts Apt. 464, North Walter, NY 43074",92470,2024-03-22,99677,game test,1,780.7
1134,Lindsey Campbell,"3442 Robert Courts Apt. 464, North Walter, NY 43074",12453,2024-01-01,79139,administration success,2,378.98
45284,Stephanie Williams,"71581 Mary Prairie Suite 758, West Kenneth, FL 45561",53392,2023-12-16,60205,probably character,3,828.78
45284,Stephanie Williams,"71581 Mary Prairie Suite 758, West Kenneth, FL 45561",53392,2023-12-16,97994,remain discussion,4,534.48
45284,Stephanie Williams,"71581 Mary Prairie Suite 758, West Kenneth, FL 45561",53392,2023-12-16,78574,pretty little,3,275.46
45284,Stephanie Williams,"71581 Mary Prairie Suite 758, West Kenneth, FL 45561",62443,2024-07-19,4361,follow it,4,328.54
45284,Stephanie Williams,"71581 Mary Prairie Suite 758, West Kenneth, FL 45561",62443,2024-07-19,95733,south interview,3,259.25
45284,Stephanie Williams,"71581 Mary Prairie Suite 758, West Kenneth, FL 45561",62443,2024-07-19,91472,different state,2,513.47
45284,Stephanie Williams,"71581 Mary Prairie Suite 758, West Kenneth, FL 45561",33415,2024-10-10,41078,break of,1,395.12
1159,Patricia Barnes,"USCGC Taylor, FPO AE 06763",82605,2024-03-26,98176,single similar,1,698.81
1159,Patricia Barnes,"USCGC Taylor, FPO AE 06763",82605,2024-03-26,7628,call thought,5,671.06
1159,Patricia Barnes,"USCGC Taylor, FPO AE 06763",42798,2024-02-25,35618,now suddenly,2,725.87
1159,Patricia Barnes,"USCGC Taylor, FPO AE 06763",42798,2024-02-25,2235,senior work,2,871.17
1159,Patricia Barnes,"USCGC Taylor, FPO AE 06763",42798,2024-02-25,60947,front letter,1,793.46
33121,Glenn Vazquez,"10189 Eric Mill, Morganstad, WV 52330",40009,2023-12-10,30480,area world,5,919.25
33121,Glenn Vazquez,"10189 Eric Mill, Morganstad, WV 52330",40009,2023-12-10,38257,few trade,4,712.15
33121,Glenn Vazquez,"10189 Eric Mill, Morganstad, WV 52330",40049,2024-07-10,12041,most easy,1,550.4
33121,Glenn Vazquez,"10189 Eric Mill, Morganstad, WV 52330",1344,2024-08-08,13433,positive after,2,154.64
33121,Glenn Vazquez,"10189 Eric Mill, Morganstad, WV 52330",53657,2023-12-19,35740,fly catch,2,408.16
33121,Glenn Vazquez,"10189 Eric Mill, Morganstad, WV 52330",53657,2023-12-19,91241,Republican police,5,442.29
33121,Glenn Vazquez,"10189 Eric Mill, Morganstad, WV 52330",53657,2023-12-19,60205,probably character,1,828.78
154,Jessica Bright,"0278 Cohen Cliff, North Johnberg, NV 44191",83503,2023-12-22,4080,reach physical,2,879.22
154,Jessica Bright,"0278 Cohen Cliff, North Johnberg, NV 44191",67318,2024-09-14,20230,maintain finish,3,37.39
65087,Steven Medina,"281 Dennis Terrace, South Rachelshire, NH 73379",6070,2024-05-11,39707,record give,1,271.2
65087,Steven Medina,"281 Dennis Terrace, South Rachelshire, NH 73379",6070,2024-05-11,73670,government leg,4,838.01
65087,Steven Medina,"281 Dennis Terrace, South Rachelshire, NH 73379",6070,2024-05-11,66223,specific serious,5,763.48
65087,Steven Medina,"281 Dennis Terrace, South Rachelshire, NH 73379",84259,2024-03-18,1025,against return,5,307.44
65087,Steven Medina,"281 Dennis Terrace, South Rachelshire, NH 73379",84259,2024-03-18,91472,different state,5,513.47
65087,Steven Medina,"281 Dennis Terrace, South Rachelshire, NH 73379",84259,2024-03-18,91472,different state,2,513.47
65087,Steven Medina,"281 Dennis Terrace, South Rachelshire, NH 73379",4511,2024-09-14,68778,rule deal,5,111.08
65087,Steven Medina,"281 Dennis Terrace, South Rachelshire, NH 73379",4511,2024-09-14,10729,hotel degree,3,800.46
65087,Steven Medina,"281 Dennis Terrace, South Rachelshire, NH 73379",88911,2023-12-01,99467,entire clear,1,168.62
65087,Steven Medina,"281 Dennis Terrace, South Rachelshire, NH 73379",88911,2023-12-01,83028,impact reach,5,880.32
65087,Steven Medina,"281 Dennis Terrace, South Rachelshire, NH 73379",88911,2023-12-01,95733,south interview,4,259.25
5868,Timothy Brown,"24476 Thomas Branch, Lovemouth, MS 63098",61693,2024-04-24,95733,south interview,3,259.25
5868,Timothy Brown,"24476 Thomas Branch, Lovemouth, MS 63098",61693,2024-04-24,44518,build society,3,303.04
5868,Timothy Brown,"24476 Thomas Branch, Lovemouth, MS 63098",64535,2024-03-11,79139,administration success,4,378.98
5868,Timothy Brown,"24476 Thomas Branch, Lovemouth, MS 63098",64535,2024-03-11,73670,government leg,4,838.01
5868,Timothy Brown,"24476 Thomas Branch, Lovemouth, MS 63098",84861,2023-11-01,3588,collection child,1,52.62
5868,Timothy Brown,"24476 Thomas Branch, Lovemouth, MS 63098",1040,2024-02-29,35618,now suddenly,4,725.87
5868,Timothy Brown,"24476 Thomas Branch, Lovemouth, MS 63098",45463,2024-01-23,66829,indicate glass,4,655.22
43493,Amy Smith,"256 Anderson Locks Suite 506, North Dakota, GA 61743",39569,2024-05-03,29940,cause here,2,967.4
43493,Amy Smith,"256 Anderson Locks Suite 506, North Dakota, GA 61743",39569,2024-05-03,5537,why day,2,432.56
43493,Amy Smith,"256 Anderson Locks Suite 506, North Dakota, GA 61743",39569,2024-05-03,27975,make site,1,254.19
43493,Amy Smith,"256 Anderson Locks Suite 506, North Dakota, GA 61743",98533,2024-01-10,62170,choice compare,4,506.51
43493,Amy Smith,"256 Anderson Locks Suite 506, North Dakota, GA 61743",98533,2024-01-10,29397,level visit,3,346.42
43493,Amy Smith,"256 Anderson Locks Suite 506, North Dakota, GA 61743",98533,2024-01-10,31737,pull idea,2,700.12
88215,Melissa Garcia,"7077 Rubio Haven Apt. 156, Port Hayley, MO 50412",72015,2024-03-10,73670,government leg,1,838.01
3468,Stephanie Johnson,"257 Johns Lock Apt. 407, South Amanda, CT 53713",88463,2023-12-27,7628,call thought,3,671.06
3468,Stephanie Johnson,"257 Johns Lock Apt. 407, South Amanda, CT 53713",88463,2023-12-27,66223,specific serious,2,763.48
3468,Stephanie Johnson,"257 Johns Lock Apt. 407, South Amanda, CT 53713",85983,2024-09-02,89010,state since,2,773.88
3468,Stephanie Johnson,"257 Johns Lock Apt. 407, South Amanda, CT 53713",85983,2024-09-02,84855,fund account,3,216.8
3468,Stephanie Johnson,"257 Johns Lock Apt. 407, South Amanda, CT 53713",85983,2024-09-02,7628,call thought,1,671.06
66462,Joseph Ibarra,"531 Craig Falls Apt. 302, Fischerburgh, ID 15203",79302,2023-11-19,39707,record give,1,271.2
66462,Joseph Ibarra,"531 Craig Falls Apt. 302, Fischerburgh, ID 15203",79302,2023-11-19,57048,central finish,5,349.0
66462,Joseph Ibarra,"531 Craig Falls Apt. 302, Fischerburgh, ID 15203",79302,2023-11-19,31737,pull idea,4,700.12
66462,Joseph Ibarra,"531 Craig Falls Apt. 302, Fischerburgh, ID 15203",73109,2024-09-23,62070,firm it,4,709.83
66462,Joseph Ibarra,"531 Craig Falls Apt. 302, Fischerburgh, ID 15203",88402,2024-04-19,52265,international watch,4,110.68
66462,Joseph Ibarra,"531 Craig Falls Apt. 302, Fischerburgh, ID 15203",88402,2024-04-19,99677,game test,4,780.7
66462,Joseph Ibarra,"531 Craig Falls Apt. 302, Fischerburgh, ID 15203",88402,2024-04-19,84927,team allow,2,332.14
66462,Joseph Ibarra,"531 Craig Falls Apt. 302, Fischerburgh, ID 15203",32453,2024-08-07,1025,against return,5,307.44
66462,Joseph Ibarra,"531 Craig Falls Apt. 302, Fischerburgh, ID 15203",32453,2024-08-07,29397,level visit,3,346.42
19373,Kelly Wilson,"Unit 5133 Box 7530, DPO AE 56809",96945,2024-01-19,70918,team clear,3,59.7
19373,Kelly Wilson,"Unit 5133 Box 7530, DPO AE 56809",96945,2024-01-19,23419,represent which,1,615.92
19373,Kelly Wilson,"Unit 5133 Box 7530, DPO AE 56809",95271,2024-10-09,37534,dark few,2,290.77
19373,Kelly Wilson,"Unit 5133 Box 7530, DPO AE 56809",95271,2024-10-09,4459,admit measure,3,737.28
19373,Kelly Wilson,"Unit 5133 Box 7530, DPO AE 56809",95271,2024-10-09,99677,game test,5,780.7
19373,Kelly Wilson,"Unit 5133 Box 7530, DPO AE 56809",95490,2024-05-21,7458,could tell,4,311.26
19373,Kelly Wilson,"Unit 5133 Box 7530, DPO AE 56809",95490,2024-05-21,99677,game test,4,780.7
19373,Kelly Wilson,"Unit 5133 Box 7530, DPO AE 56809",95490,2024-05-21,14861,social ahead,3,118.94
19373,Kelly Wilson,"Unit 5133 Box 7530, DPO AE 56809",57601,2024-06-18,1025,against return,3,307.44
19373,Kelly Wilson,"Unit 5133 Box 7530, DPO AE 56809",57601,2024-06-18,74698,activity both,3,912.19
19373,Kelly Wilson,"Unit 5133 Box 7530, DPO AE 56809",29266,2024-08-05,73670,government leg,4,838.01
37651,Tanya Schwartz,"041 Theresa Place Apt. 945, West Christinafort, WY 84682",99954,2024-06-05,7628,call thought,2,671.06
37651,Tanya Schwartz,"041 Theresa Place Apt. 945, West Christinafort, WY 84682",99954,2024-06-05,2649,themselves person,5,382.08
37651,Tanya Schwartz,"041 Theresa Place Apt. 945, West Christinafort, WY 84682",99954,2024-06-05,62335,man series,4,619.45
37651,Tanya Schwartz,"041 Theresa Place Apt. 945, West Christinafort, WY 84682",92511,2024-01-16,37534,dark few,1,290.77
51724,Mark Walters,"08958 Hunter Overpass Apt. 218, Harringtonland, MD 56353",7793,2023-11-16,84855,fund account,2,216.8
51724,Mark Walters,"08958 Hunter Overpass Apt. 218, Harringtonland, MD 56353",40128,2023-12-26,12041,most easy,3,550.4
51724,Mark Walters,"08958 Hunter Overpass Apt. 218, Harringtonland, MD 56353",40128,2023-12-26,30480,area world,1,919.25
51724,Mark Walters,"08958 Hunter Overpass Apt. 218, Harringtonland, MD 56353",40128,2023-12-26,41078,break of,2,395.12
25184,Mark Brown,"02347 Tamara Greens Apt. 217, Kellymouth, IL 67627",16805,2023-12-25,65859,however group,4,565.77
25184,Mark Brown,"02347 Tamara Greens Apt. 217, Kellymouth, IL 67627",16805,2023-12-25,4459,admit measure,1,737.28
25184,Mark Brown,"02347 Tamara Greens Apt. 217, Kellymouth, IL 67627",16805,2023-12-25,13433,positive after,1,154.64
25184,Mark Brown,"02347 Tamara Greens Apt. 217, Kellymouth, IL 67627",99876,2024-04-04,12041,most easy,5,550.4
25184,Mark Brown,"02347 Tamara Greens Apt. 217, Kellymouth, IL 67627",99876,2024-04-04,99677,game test,1,780.7
25184,Mark Brown,"02347 Tamara Greens Apt. 217, Kellymouth, IL 67627",99876,2024-04-04,3588,collection child,3,52.62
25184,Mark Brown,"02347 Tamara Greens Apt. 217, Kellymouth, IL 67627",76920,2024-01-31,2649,themselves person,4,382.08
25184,Mark Brown,"02347 Tamara Greens Apt. 217, Kellymouth, IL 67627",76920,2024-01-31,44518,build society,1,303.04
25184,Mark Brown,"02347 Tamara Greens Apt. 217, Kellymouth, IL 67627",65467,2024-07-09,62070,firm it,3,709.83
25184,Mark Brown,"02347 Tamara Greens Apt. 217, Kellymouth, IL 67627",65467,2024-07-09,91362,training force,4,640.29
25184,Mark Brown,"02347 Tamara Greens Apt. 217, Kellymouth, IL 67627",65467,2024-07-09,23419,represent which,2,615.92
96588,Kathryn Gonzalez,"084 Martin Inlet Suite 584, Ericchester, MI 50434",66938,2024-02-27,3588,collection child,5,52.62
96588,Kathryn Gonzalez,"084 Martin Inlet Suite 584, Ericchester, MI 50434",66938,2024-02-27,87329,worker organization,1,990.26
96588,Kathryn Gonzalez,"084 Martin Inlet Suite 584, Ericchester, MI 50434",29317,2024-09-23,27041,popular figure,3,483.9
96588,Kathryn Gonzalez,"084 Martin Inlet Suite 584, Ericchester, MI 50434",29317,2024-09-23,87329,worker organization,2,990.26
96588,Kathryn Gonzalez,"084 Martin Inlet Suite 584, Ericchester, MI 50434",82153,2024-04-01,13433,positive after,4,154.64
96588,Kathryn Gonzalez,"084 Martin Inlet Suite 584, Ericchester, MI 50434",82153,2024-04-01,62070,firm it,3,709.83
96588,Kathryn Gonzalez,"084 Martin Inlet Suite 584, Ericchester, MI 50434",82153,2024-04-01,44518,build society,5,303.04
60046,Doris Camacho,"266 Jill Pike Apt. 498, West Paulmouth, MD 30818",54435,2024-01-07,77235,low nor,5,31.54
60046,Doris Camacho,"266 Jill Pike Apt. 498, West Paulmouth, MD 30818",54435,2024-01-07,77235,low nor,2,31.54
60046,Doris Camacho,"266 Jill Pike Apt. 498, West Paulmouth, MD 30818",58343,2024-08-14,31238,church interest,3,54.88
60046,Doris Camacho,"266 Jill Pike Apt. 498, West Paulmouth, MD 30818",58343,2024-08-14,98176,single similar,4,698.81
60046,Doris Camacho,"266 Jill Pike Apt. 498, West Paulmouth, MD 30818",58343,2024-08-14,27041,popular figure,5,483.9
60046,Doris Camacho,"266 Jill Pike Apt. 498, West Paulmouth, MD 30818",95348,2024-06-30,65859,however group,3,565.77
60046,Doris Camacho,"266 Jill Pike Apt. 498, West Paulmouth, MD 30818",95348,2024-06-30,88584,law within,4,851.28
60046,Doris Camacho,"266 Jill Pike Apt. 498, West Paulmouth, MD 30818",95348,2024-06-30,98176,single similar,5,698.81
25072,Laura Garcia,"10835 Moreno Summit, Heidiview, KY 31041",55638,2023-12-09,85138,same impact,2,638.88
25072,Laura Garcia,"10835 Moreno Summit, Heidiview, KY 31041",55638,2023-12-09,30480,area world,2,919.25
25072,Laura Garcia,"10835 Moreno Summit, Heidiview, KY 31041",38626,2024-01-31,70552,blood sister,5,901.46
25072,Laura Garcia,"10835 Moreno Summit, Heidiview, KY 31041",38626,2024-01-31,35740,fly catch,2,408.16
23126,Ms. Paige Santos,"197 Foster Mountains Apt. 601, North Jerryborough, VI 32611",3409,2024-02-22,2649,themselves person,4,382.08
23126,Ms. Paige Santos,"197 Foster Mountains Apt. 601, North Jerryborough, VI 32611",3409,2024-02-22,31737,pull idea,1,700.12
23126,Ms. Paige Santos,"197 Foster Mountains Apt. 601, North Jerryborough, VI 32611",3409,2024-02-22,84927,team allow,5,332.14
23126,Ms. Paige Santos,"197 Foster Mountains Apt. 601, North Jerryborough, VI 32611",2340,2024-09-14,27975,make site,1,254.19
23126,Ms. Paige Santos,"197 Foster Mountains Apt. 601, North Jerryborough, VI 32611",2340,2024-09-14,29940,cause here,2,967.4
23126,Ms. Paige Santos,"197 Foster Mountains Apt. 601, North Jerryborough, VI 32611",2340,2024-09-14,83028,impact reach,1,880.32
23126,Ms. Paige Santos,"197 Foster Mountains Apt. 601, North Jerryborough, VI 32611",60424,2024-09-11,29397,level visit,2,346.42
23126,Ms. Paige Santos,"197 Foster Mountains Apt. 601, North Jerryborough, VI 32611",60424,2024-09-11,22733,seat your,2,790.71
23126,Ms. Paige Santos,"197 Foster Mountains Apt. 601, North Jerryborough, VI 32611",49319,2024-07-26,12041,most easy,5,550.4
23126,Ms. Paige Santos,"197 Foster Mountains Apt. 601, North Jerryborough, VI 32611",37011,2023-12-12,88584,law within,3,851.28
53287,Erika Perkins,"1254 Vega Island Suite 258, Lake Courtney, RI 16892",23233,2024-07-23,5537,why day,1,432.56
53287,Erika Perkins,"1254 Vega Island Suite 258, Lake Courtney, RI 16892",5564,2024-02-17,91362,training force,3,640.29
53287,Erika Perkins,"1254 Vega Island Suite 258, Lake Courtney, RI 16892",5564,2024-02-17,84855,fund account,5,216.8
53287,Erika Perkins,"1254 Vega Island Suite 258, Lake Courtney, RI 16892",5564,2024-02-17,7628,call thought,2,671.06
53287,Erika Perkins,"1254 Vega Island Suite 258, Lake Courtney, RI 16892",9055,2024-08-25,31737,pull idea,2,700.12
53287,Erika Perkins,"1254 Vega Island Suite 258, Lake Courtney, RI 16892",42794,2023-11-16,27975,make site,4,254.19
53287,Erika Perkins,"1254 Vega Island Suite 258, Lake Courtney, RI 16892",42794,2023-11-16,44214,himself world,2,597.5
28857,Glenn Odonnell,"79133 Jeffrey Cliff Apt. 555, Port Tina, PW 87224",90123,2023-11-03,34209,new family,4,339.87
28857,Glenn Odonnell,"79133 Jeffrey Cliff Apt. 555, Port Tina, PW 87224",90123,2023-11-03,35740,fly catch,1,408.16
28857,Glenn Odonnell,"79133 Jeffrey Cliff Apt. 555, Port Tina, PW 87224",90123,2023-11-03,10729,hotel degree,4,800.46
28857,Glenn Odonnell,"79133 Jeffrey Cliff Apt. 555, Port Tina, PW 87224",42113,2024-10-12,44214,himself world,1,597.5
28857,Glenn Odonnell,"79133 Jeffrey Cliff Apt. 555, Port Tina, PW 87224",42113,2024-10-12,97994,remain discussion,5,534.48
28857,Glenn Odonnell,"79133 Jeffrey Cliff Apt. 555, Port Tina, PW 87224",42113,2024-10-12,4361,follow it,4,328.54
28857,Glenn Odonnell,"79133 Jeffrey Cliff Apt. 555, Port Tina, PW 87224",35103,2023-10-23,92810,citizen dream,3,876.79
28857,Glenn Odonnell,"79133 Jeffrey Cliff Apt. 555, Port Tina, PW 87224",35103,2023-10-23,57048,central finish,5,349.0
28857,Glenn Odonnell,"79133 Jeffrey Cliff Apt. 555, Port Tina, PW 87224",16126,2024-06-29,48648,some onto,4,35.31
13806,Sydney Jennings,"77304 Dixon Crest, East Sean, CA 11845",61131,2023-10-22,62335,man series,1,619.45
13806,Sydney Jennings,"77304 Dixon Crest, East Sean, CA 11845",2077,2024-01-17,49358,west build,5,812.37
13806,Sydney Jennings,"77304 Dixon Crest, East Sean, CA 11845",2077,2024-01-17,1025,against return,1,307.44
13806,Sydney Jennings,"77304 Dixon Crest, East Sean, CA 11845",2077,2024-01-17,66223,specific serious,3,763.48
5627,Julia Caldwell,"83186 Walsh Crossing Suite 816, East Jennifer, IA 87890",32492,2024-05-10,10729,hotel degree,1,800.46
5627,Julia Caldwell,"83186 Walsh Crossing Suite 816, East Jennifer, IA 87890",32492,2024-05-10,35740,fly catch,4,408.16
5627,Julia Caldwell,"83186 Walsh Crossing Suite 816, East Jennifer, IA 87890",32492,2024-05-10,5537,why day,1,432.56
5627,Julia Caldwell,"83186 Walsh Crossing Suite 816, East Jennifer, IA 87890",34666,2024-03-12,97994,remain discussion,1,534.48
5627,Julia Caldwell,"83186 Walsh Crossing Suite 816, East Jennifer, IA 87890",34666,2024-03-12,66986,stay away,5,171.66
5627,Julia Caldwell,"83186 Walsh Crossing Suite 816, East Jennifer, IA 87890",34666,2024-03-12,35740,fly catch,2,408.16
5627,Julia Caldwell,"83186 Walsh Crossing Suite 816, East Jennifer, IA 87890",15156,2024-02-10,99467,entire clear,4,168.62
5627,Julia Caldwell,"83186 Walsh Crossing Suite 816, East Jennifer, IA 87890",15156,2024-02-10,70918,team clear,4,59.7
5627,Julia Caldwell,"83186 Walsh Crossing Suite 816, East Jennifer, IA 87890",15156,2024-02-10,13892,son how,2,889.57
5627,Julia Caldwell,"83186 Walsh Crossing Suite 816, East Jennifer, IA 87890",26637,2023-12-21,66984,car data,3,115.17
5627,Julia Caldwell,"83186 Walsh Crossing Suite 816, East Jennifer, IA 87890",26637,2023-12-21,23504,may somebody,3,223.91
92002,James Lopez,"566 Kim Tunnel, Port Nancy, NJ 18195",29961,2024-04-23,68778,rule deal,2,111.08
92002,James Lopez,"566 Kim Tunnel, Port Nancy, NJ 18195",64348,2024-10-10,68778,rule deal,4,111.08
92002,James Lopez,"566 Kim Tunnel, Port Nancy, NJ 18195",64348,2024-10-10,13073,table after,4,92.97
92002,James Lopez,"566 Kim Tunnel, Port Nancy, NJ 18195",94539,2024-03-28,2649,themselves person,4,382.08
92002,James Lopez,"566 Kim Tunnel, Port Nancy, NJ 18195",94539,2024-03-28,13433,positive after,3,154.64
92002,James Lopez,"566 Kim Tunnel, Port Nancy, NJ 18195",92206,2024-04-25,66984,car data,1,115.17
92002,James Lopez,"566 Kim Tunnel, Port Nancy, NJ 18195",92206,2024-04-25,9991,each edge,2,185.47
20769,Leslie Villarreal,"61236 Mendez Village, Kleinchester, SC 29862",26085,2024-05-10,27041,popular figure,2,483.9
20769,Leslie Villarreal,"61236 Mendez Village, Kleinchester, SC 29862",26085,2024-05-10,52265,international watch,5,110.68
20769,Leslie Villarreal,"61236 Mendez Village, Kleinchester, SC 29862",73928,2023-11-27,35618,now suddenly,4,725.87
20769,Leslie Villarreal,"61236 Mendez Village, Kleinchester, SC 29862",73928,2023-11-27,66829,indicate glass,3,655.22
20769,Leslie Villarreal,"61236 Mendez Village, Kleinchester, SC 29862",73928,2023-11-27,48648,some onto,4,35.31
20769,Leslie Villarreal,"61236 Mendez Village, Kleinchester, SC 29862",4114,2024-03-23,29940,cause here,4,967.4
20769,Leslie Villarreal,"61236 Mendez Village, Kleinchester, SC 29862",4114,2024-03-23,34209,new family,5,339.87
20769,Leslie Villarreal,"61236 Mendez Village, Kleinchester, SC 29862",4114,2024-03-23,89010,state since,3,773.88
20769,Leslie Villarreal,"61236 Mendez Village, Kleinchester, SC 29862",80671,2024-03-11,285,provide friend,3,162.6
93048,Walter Ballard,"25161 Jones Highway, Justinport, WA 46087",91278,2024-01-12,4080,reach physical,3,879.22
93048,Walter Ballard,"25161 Jones Highway, Justinport, WA 46087",91278,2024-01-12,49358,west build,2,812.37
93048,Walter Ballard,"25161 Jones Highway, Justinport, WA 46087",26422,2024-07-18,34209,new family,5,339.87
93048,Walter Ballard,"25161 Jones Highway, Justinport, WA 46087",26422,2024-07-18,77235,low nor,5,31.54
93048,Walter Ballard,"25161 Jones Highway, Justinport, WA 46087",57456,2024-03-30,62335,man series,2,619.45
93048,Walter Ballard,"25161 Jones Highway, Justinport, WA 46087",57456,2024-03-30,7628,call thought,2,671.06
93048,Walter Ballard,"25161 Jones Highway, Justinport, WA 46087",58196,2024-09-16,68778,rule deal,4,111.08
93048,Walter Ballard,"25161 Jones Highway, Justinport, WA 46087",58196,2024-09-16,62335,man series,4,619.45
31666,Gary Lewis,"4048 Michael Pike Suite 526, Kimberlytown, ID 97849",20411,2024-09-30,83277,west western,1,882.67
31666,Gary Lewis,"4048 Michael Pike Suite 526, Kimberlytown, ID 97849",20411,2024-09-30,13073,table after,2,92.97
99532,James Nichols,"65026 Evans Burgs Suite 576, Port Lawrencestad, KY 74391",46180,2024-10-09,91472,different state,3,513.47
99532,James Nichols,"65026 Evans Burgs Suite 576, Port Lawrencestad, KY 74391",46180,2024-10-09,57048,central finish,5,349.0
99532,James Nichols,"65026 Evans Burgs Suite 576, Port Lawrencestad, KY 74391",33031,2023-12-05,41230,church always,2,428.98
99532,James Nichols,"65026 Evans Burgs Suite 576, Port Lawrencestad, KY 74391",33031,2023-12-05,70552,blood sister,5,901.46
99532,James Nichols,"65026 Evans Burgs Suite 576, Port Lawrencestad, KY 74391",33031,2023-12-05,23419,represent which,1,615.92
63541,Taylor Johnson,"345 Elizabeth Island, South Tanya, HI 91745",3801,2024-08-16,27975,make site,5,254.19
63541,Taylor Johnson,"345 Elizabeth Island, South Tanya, HI 91745",3801,2024-08-16,62170,choice compare,3,506.51
63541,Taylor Johnson,"345 Elizabeth Island, South Tanya, HI 91745",3801,2024-08-16,3436,he pattern,2,504.18
63541,Taylor Johnson,"345 Elizabeth Island, South Tanya, HI 91745",7182,2024-06-05,99677,game test,2,780.7
63541,Taylor Johnson,"345 Elizabeth Island, South Tanya, HI 91745",7182,2024-06-05,85138,same impact,5,638.88
63541,Taylor Johnson,"345 Elizabeth Island, South Tanya, HI 91745",83891,2024-06-28,92810,citizen dream,2,876.79
63541,Taylor Johnson,"345 Elizabeth Island, South Tanya, HI 91745",83891,2024-06-28,23419,represent which,1,615.92
63541,Taylor Johnson,"345 Elizabeth Island, South Tanya, HI 91745",62123,2024-01-08,13189,store daughter,3,150.25
63541,Taylor Johnson,"345 Elizabeth Island, South Tanya, HI 91745",5449,2024-03-01,23419,represent which,4,615.92
355,Tina Cooper,"3283 Peters Squares, Port Teresa, MO 75735",82441,2023-11-04,27041,popular figure,5,483.9
355,Tina Cooper,"3283 Peters Squares, Port Teresa, MO 75735",83318,2024-08-10,13433,positive after,4,154.64
355,Tina Cooper,"3283 Peters Squares, Port Teresa, MO 75735",83318,2024-08-10,66223,specific serious,5,763.48
355,Tina Cooper,"3283 Peters Squares, Port Teresa, MO 75735",14623,2023-11-02,77235,low nor,2,31.54
355,Tina Cooper,"3283 Peters Squares, Port Teresa, MO 75735",14623,2023-11-02,31737,pull idea,5,700.12
355,Tina Cooper,"3283 Peters Squares, Port Teresa, MO 75735",14623,2023-11-02,66829,indicate glass,4,655.22
355,Tina Cooper,"3283 Peters Squares, Port Teresa, MO 75735",12719,2024-01-06,78574,pretty little,2,275.46
24787,Sean Jones MD,"69954 Lowe Common, New Jackland, DE 92890",82105,2023-11-08,60947,front letter,1,793.46
24787,Sean Jones MD,"69954 Lowe Common, New Jackland, DE 92890",82105,2023-11-08,30480,area world,5,919.25
55382,Anthony Spencer,"18418 Mays Glens, New Christinefurt, VT 20716",78229,2024-05-16,70552,blood sister,1,901.46
55382,Anthony Spencer,"18418 Mays Glens, New Christinefurt, VT 20716",91744,2023-11-28,66829,indicate glass,2,655.22
55382,Anthony Spencer,"18418 Mays Glens, New Christinefurt, VT 20716",47587,2024-01-22,35577,tough no,3,41.98
85699,Gwendolyn Tran MD,"349 Baker Loop Suite 136, Stevenview, VI 46082",2753,2024-09-02,52265,international watch,4,110.68
85699,Gwendolyn Tran MD,"349 Baker Loop Suite 136, Stevenview, VI 46082",55444,2024-08-26,23504,may somebody,5,223.91
85699,Gwendolyn Tran MD,"349 Baker Loop Suite 136, Stevenview, VI 46082",55444,2024-08-26,83028,impact reach,3,880.32
85699,Gwendolyn Tran MD,"349 Baker Loop Suite 136, Stevenview, VI 46082",55444,2024-08-26,62762,amount seat,4,379.34
85699,Gwendolyn Tran MD,"349 Baker Loop Suite 136, Stevenview, VI 46082",36689,2024-04-01,31238,church interest,5,54.88
85699,Gwendolyn Tran MD,"349 Baker Loop Suite 136, Stevenview, VI 46082",36689,2024-04-01,64717,together system,1,136.24
85699,Gwendolyn Tran MD,"349 Baker Loop Suite 136, Stevenview, VI 46082",36689,2024-04-01,59794,economic power,5,146.78
85699,Gwendolyn Tran MD,"349 Baker Loop Suite 136, Stevenview, VI 46082",22777,2024-04-22,25025,mouth key,3,575.89
85699,Gwendolyn Tran MD,"349 Baker Loop Suite 136, Stevenview, VI 46082",36321,2024-02-17,49358,west build,5,812.37
85699,Gwendolyn Tran MD,"349 Baker Loop Suite 136, Stevenview, VI 46082",36321,2024-02-17,53539,radio develop,3,458.26
85699,Gwendolyn Tran MD,"349 Baker Loop Suite 136, Stevenview, VI 46082",36321,2024-02-17,70552,blood sister,2,901.46
59888,Corey Wilson,"375 Arroyo Villages, Matthewston, FM 97135",83377,2024-10-05,13892,son how,3,889.57
59888,Corey Wilson,"375 Arroyo Villages, Matthewston, FM 97135",83377,2024-10-05,37534,dark few,3,290.77
59888,Corey Wilson,"375 Arroyo Villages, Matthewston, FM 97135",10241,2024-01-15,2235,senior work,4,871.17
59888,Corey Wilson,"375 Arroyo Villages, Matthewston, FM 97135",10241,2024-01-15,13433,positive after,4,154.64
59888,Corey Wilson,"375 Arroyo Villages, Matthewston, FM 97135",10241,2024-01-15,4080,reach physical,3,879.22
59888,Corey Wilson,"375 Arroyo Villages, Matthewston, FM 97135",77794,2024-02-23,9991,each edge,1,185.47
59888,Corey Wilson,"375 Arroyo Villages, Matthewston, FM 97135",77794,2024-02-23,49358,west build,3,812.37
59888,Corey Wilson,"375 Arroyo Villages, Matthewston, FM 97135",77794,2024-02-23,38980,light together,4,757.42
59888,Corey Wilson,"375 Arroyo Villages, Matthewston, FM 97135",76128,2023-11-03,84927,team allow,3,332.14
59888,Corey Wilson,"375 Arroyo Villages, Matthewston, FM 97135",76128,2023-11-03,91241,Republican police,5,442.29
59888,Corey Wilson,"375 Arroyo Villages, Matthewston, FM 97135",76128,2023-11-03,83277,west western,1,882.67
59888,Corey Wilson,"375 Arroyo Villages, Matthewston, FM 97135",8361,2023-10-31,30480,area world,4,919.25
59888,Corey Wilson,"375 Arroyo Villages, Matthewston, FM 97135",8361,2023-10-31,4361,follow it,5,328.54
75306,William Jones,"660 Miguel Mountains, West Thomas, MN 76176",37034,2024-03-27,34209,new family,1,339.87
75306,William Jones,"660 Miguel Mountains, West Thomas, MN 76176",57422,2024-01-12,9868,reduce first,3,882.4
75306,William Jones,"660 Miguel Mountains, West Thomas, MN 76176",57422,2024-01-12,97994,remain discussion,3,534.48
75306,William Jones,"660 Miguel Mountains, West Thomas, MN 76176",57422,2024-01-12,23419,represent which,3,615.92
75306,William Jones,"660 Miguel Mountains, West Thomas, MN 76176",20057,2024-01-26,30630,share particularly,3,646.96
75306,William Jones,"660 Miguel Mountains, West Thomas, MN 76176",63409,2024-02-13,62762,amount seat,5,379.34
89808,Hannah Johnson,"420 Mandy Radial, Mckinneyport, VA 90974",65440,2024-04-29,70918,team clear,3,59.7
89808,Hannah Johnson,"420 Mandy Radial, Mckinneyport, VA 90974",68687,2024-01-06,66984,car data,4,115.17
89808,Hannah Johnson,"420 Mandy Radial, Mckinneyport, VA 90974",68687,2024-01-06,23504,may somebody,1,223.91
89808,Hannah Johnson,"420 Mandy Radial, Mckinneyport, VA 90974",12187,2024-03-05,89010,state since,5,773.88
89808,Hannah Johnson,"420 Mandy Radial, Mckinneyport, VA 90974",12187,2024-03-05,57048,central finish,3,349.0
89808,Hannah Johnson,"420 Mandy Radial, Mckinneyport, VA 90974",8109,2024-05-25,24491,friend senior,3,785.53
89808,Hannah Johnson,"420 Mandy Radial, Mckinneyport, VA 90974",8109,2024-05-25,27975,make site,3,254.19
89808,Hannah Johnson,"420 Mandy Radial, Mckinneyport, VA 90974",81268,2024-05-19,10729,hotel degree,4,800.46
89808,Hannah Johnson,"420 Mandy Radial, Mckinneyport, VA 90974",81268,2024-05-19,70166,let candidate,1,337.72
89808,Hannah Johnson,"420 Mandy Radial, Mckinneyport, VA 90974",81268,2024-05-19,25217,case full,1,221.27
7763,Richard Mills,"8228 Morris Stream, South Lynn, PA 35616",63932,2023-10-22,91472,different state,4,513.47
7763,Richard Mills,"8228 Morris Stream, South Lynn, PA 35616",63932,2023-10-22,2649,themselves person,1,382.08
90129,Robin Castillo,"78463 Jamie Lake Apt. 790, East Susanchester, NV 17286",38959,2024-06-22,30630,share particularly,2,646.96
90129,Robin Castillo,"78463 Jamie Lake Apt. 790, East Susanchester, NV 17286",38959,2024-06-22,14861,social ahead,3,118.94
90129,Robin Castillo,"78463 Jamie Lake Apt. 790, East Susanchester, NV 17286",38959,2024-06-22,89010,state since,5,773.88
28333,Mrs. Nancy Smith,"12856 Blake Corners Apt. 695, North Johnfurt, VT 23317",41857,2024-04-13,4080,reach physical,5,879.22
28333,Mrs. Nancy Smith,"12856 Blake Corners Apt. 695, North Johnfurt, VT 23317",41857,2024-04-13,64717,together system,4,136.24
28333,Mrs. Nancy Smith,"12856 Blake Corners Apt. 695, North Johnfurt, VT 23317",41857,2024-04-13,66986,stay away,3,171.66
33897,Daniel Williams,"7053 Wiley Overpass, Carrollberg, DC 62762",55551,2024-08-31,2235,senior work,1,871.17
33897,Daniel Williams,"7053 Wiley Overpass, Carrollberg, DC 62762",41944,2024-02-29,62335,man series,1,619.45
33897,Daniel Williams,"7053 Wiley Overpass, Carrollberg, DC 62762",41944,2024-02-29,62070,firm it,3,709.83
33897,Daniel Williams,"7053 Wiley Overpass, Carrollberg, DC 62762",95912,2024-08-03,1025,against return,5,307.44
33897,Daniel Williams,"7053 Wiley Overpass, Carrollberg, DC 62762",95912,2024-08-03,87329,worker organization,5,990.26
33897,Daniel Williams,"7053 Wiley Overpass, Carrollberg, DC 62762",95912,2024-08-03,3436,he pattern,2,504.18
33897,Daniel Williams,"7053 Wiley Overpass, Carrollberg, DC 62762",21188,2023-10-27,66986,stay away,4,171.66
33897,Daniel Williams,"7053 Wiley Overpass, Carrollberg, DC 62762",21188,2023-10-27,30480,area world,2,919.25
33897,Daniel Williams,"7053 Wiley Overpass, Carrollberg, DC 62762",21188,2023-10-27,13189,store daughter,2,150.25
39819,Laura Carter,"9598 Samuel Fork Apt. 158, North Suzanneport, ND 25132",28461,2023-11-04,13189,store daughter,3,150.25
39819,Laura Carter,"9598 Samuel Fork Apt. 158, North Suzanneport, ND 25132",28461,2023-11-04,62762,amount seat,5,379.34
39819,Laura Carter,"9598 Samuel Fork Apt. 158, North Suzanneport, ND 25132",42972,2024-06-12,83277,west western,1,882.67
72936,Jessica Gomez,"32868 Miranda Fall, Jonesmouth, SD 92980",24111,2023-11-16,27975,make site,1,254.19
26607,Ronald Cantrell,"7096 Roger Crescent Suite 971, Perezstad, NH 08958",99267,2024-08-09,84855,fund account,3,216.8
26607,Ronald Cantrell,"7096 Roger Crescent Suite 971, Perezstad, NH 08958",99267,2024-08-09,99677,game test,4,780.7
26607,Ronald Cantrell,"7096 Roger Crescent Suite 971, Perezstad, NH 08958",73599,2024-08-17,70552,blood sister,1,901.46
26607,Ronald Cantrell,"7096 Roger Crescent Suite 971, Perezstad, NH 08958",73599,2024-08-17,66829,indicate glass,4,655.22
26607,Ronald Cantrell,"7096 Roger Crescent Suite 971, Perezstad, NH 08958",73599,2024-08-17,91362,training force,2,640.29
14385,Steven Rowland,"931 Johnson Ville, New Robertahaven, WA 72116",57431,2024-05-02,5537,why day,1,432.56
14385,Steven Rowland,"931 Johnson Ville, New Robertahaven, WA 72116",57431,2024-05-02,41230,church always,2,428.98
14385,Steven Rowland,"931 Johnson Ville, New Robertahaven, WA 72116",57431,2024-05-02,91362,training force,2,640.29
14385,Steven Rowland,"931 Johnson Ville, New Robertahaven, WA 72116",90834,2024-05-20,49358,west build,4,812.37
10079,Ian Gibson,"812 Lee Field, Port Michelleshire, DC 32056",91465,2023-12-12,60205,probably character,1,828.78
94821,Jennifer Novak,"9446 Taylor Summit, South Tracey, AZ 84345",82388,2024-06-02,14861,social ahead,2,118.94
94821,Jennifer Novak,"9446 Taylor Summit, South Tracey, AZ 84345",82388,2024-06-02,37534,dark few,3,290.77
99705,David Frost,"PSC 7513, Box 4005, APO AA 58108",3455,2024-08-04,85138,same impact,3,638.88
99705,David Frost,"PSC 7513, Box 4005, APO AA 58108",3455,2024-08-04,285,provide friend,3,162.6
99705,David Frost,"PSC 7513, Box 4005, APO AA 58108",19278,2023-11-19,84855,fund account,5,216.8
99705,David Frost,"PSC 7513, Box 4005, APO AA 58108",55649,2024-07-23,34209,new family,1,339.87
99705,David Frost,"PSC 7513, Box 4005, APO AA 58108",55649,2024-07-23,68778,rule deal,2,111.08
99705,David Frost,"PSC 7513, Box 4005, APO AA 58108",55649,2024-07-23,62170,choice compare,1,506.51
99705,David Frost,"PSC 7513, Box 4005, APO AA 58108",16074,2024-06-13,30480,area world,4,919.25
99705,David Frost,"PSC 7513, Box 4005, APO AA 58108",16074,2024-06-13,78574,pretty little,4,275.46
99705,David Frost,"PSC 7513, Box 4005, APO AA 58108",16074,2024-06-13,91472,different state,2,513.47
99705,David Frost,"PSC 7513, Box 4005, APO AA 58108",32559,2023-12-17,66986,stay away,3,171.66
99705,David Frost,"PSC 7513, Box 4005, APO AA 58108",32559,2023-12-17,79139,administration success,4,378.98
95967,Annette Graves,"158 Potter Mill, Stevensonburgh, MN 18185",84295,2023-11-22,25025,mouth key,2,575.89
95967,Annette Graves,"158 Potter Mill, Stevensonburgh, MN 18185",84295,2023-11-22,30480,area world,1,919.25
95967,Annette Graves,"158 Potter Mill, Stevensonburgh, MN 18185",84295,2023-11-22,35618,now suddenly,5,725.87
95967,Annette Graves,"158 Potter Mill, Stevensonburgh, MN 18185",56544,2024-07-30,41230,church always,2,428.98
95967,Annette Graves,"158 Potter Mill, Stevensonburgh, MN 18185",86517,2024-04-15,34209,new family,1,339.87
95967,Annette Graves,"158 Potter Mill, Stevensonburgh, MN 18185",86517,2024-04-15,13892,son how,2,889.57
28225,Jesse Sosa,"368 Charles Hollow Suite 694, East Michaelchester, DE 45378",41018,2024-08-07,92810,citizen dream,2,876.79
28225,Jesse Sosa,"368 Charles Hollow Suite 694, East Michaelchester, DE 45378",41018,2024-08-07,1025,against return,5,307.44
28225,Jesse Sosa,"368 Charles Hollow Suite 694, East Michaelchester, DE 45378",41018,2024-08-07,44214,himself world,3,597.5
28225,Jesse Sosa,"368 Charles Hollow Suite 694, East Michaelchester, DE 45378",46437,2024-09-14,92810,citizen dream,5,876.79
28225,Jesse Sosa,"368 Charles Hollow Suite 694, East Michaelchester, DE 45378",46437,2024-09-14,62170,choice compare,4,506.51
28225,Jesse Sosa,"368 Charles Hollow Suite 694, East Michaelchester, DE 45378",91896,2024-07-29,89010,state since,2,773.88
51870,Joshua Strickland,"0379 Williams Station, Robertton, GU 33588",33210,2023-11-27,91362,training force,3,640.29
51870,Joshua Strickland,"0379 Williams Station, Robertton, GU 33588",33210,2023-11-27,59794,economic power,3,146.78
51870,Joshua Strickland,"0379 Williams Station, Robertton, GU 33588",1049,2023-11-13,58821,yard identify,3,399.75
51870,Joshua Strickland,"0379 Williams Station, Robertton, GU 33588",63655,2024-03-12,64717,together system,1,136.24
51870,Joshua Strickland,"0379 Williams Station, Robertton, GU 33588",63655,2024-03-12,98054,if top,3,973.01
51870,Joshua Strickland,"0379 Williams Station, Robertton, GU 33588",33041,2023-11-18,60205,probably character,3,828.78
40106,Taylor Bean,"681 Mary Flat Apt. 006, Kennedyville, OK 20428",19957,2024-10-15,62170,choice compare,1,506.51
40106,Taylor Bean,"681 Mary Flat Apt. 006, Kennedyville, OK 20428",19957,2024-10-15,12041,most easy,2,550.4
40106,Taylor Bean,"681 Mary Flat Apt. 006, Kennedyville, OK 20428",87143,2024-08-04,91241,Republican police,4,442.29
40106,Taylor Bean,"681 Mary Flat Apt. 006, Kennedyville, OK 20428",87143,2024-08-04,62762,amount seat,1,379.34
40106,Taylor Bean,"681 Mary Flat Apt. 006, Kennedyville, OK 20428",87143,2024-08-04,30630,share particularly,2,646.96
33445,Edward Bonilla,"566 Collins Stravenue Apt. 540, Port Paulamouth, OR 32787",33373,2023-12-13,70552,blood sister,3,901.46
33445,Edward Bonilla,"566 Collins Stravenue Apt. 540, Port Paulamouth, OR 32787",31889,2023-11-18,93476,subject court,3,378.85
33445,Edward Bonilla,"566 Collins Stravenue Apt. 540, Port Paulamouth, OR 32787",31889,2023-11-18,83277,west western,5,882.67
33445,Edward Bonilla,"566 Collins Stravenue Apt. 540, Port Paulamouth, OR 32787",31889,2023-11-18,23419,represent which,5,615.92
33445,Edward Bonilla,"566 Collins Stravenue Apt. 540, Port Paulamouth, OR 32787",6937,2024-08-10,22733,seat your,2,790.71
33445,Edward Bonilla,"566 Collins Stravenue Apt. 540, Port Paulamouth, OR 32787",6937,2024-08-10,38980,light together,4,757.42
33445,Edward Bonilla,"566 Collins Stravenue Apt. 540, Port Paulamouth, OR 32787",6937,2024-08-10,73670,government leg,2,838.01
33445,Edward Bonilla,"566 Collins Stravenue Apt. 540, Port Paulamouth, OR 32787",98654,2024-07-14,77235,low nor,5,31.54
33445,Edward Bonilla,"566 Collins Stravenue Apt. 540, Port Paulamouth, OR 32787",98654,2024-07-14,92810,citizen dream,5,876.79
33445,Edward Bonilla,"566 Collins Stravenue Apt. 540, Port Paulamouth, OR 32787",98654,2024-07-14,5537,why day,1,432.56
33445,Edward Bonilla,"566 Collins Stravenue Apt. 540, Port Paulamouth, OR 32787",92238,2024-05-22,24491,friend senior,1,785.53
33445,Edward Bonilla,"566 Collins Stravenue Apt. 540, Port Paulamouth, OR 32787",92238,2024-05-22,83028,impact reach,2,880.32
33445,Edward Bonilla,"566 Collins Stravenue Apt. 540, Port Paulamouth, OR 32787",92238,2024-05-22,44518,build society,5,303.04
3063,David Stevenson,"3322 Nicole Lodge Suite 971, East David, WY 63708",27153,2023-12-25,66223,specific serious,2,763.48
3063,David Stevenson,"3322 Nicole Lodge Suite 971, East David, WY 63708",27153,2023-12-25,93476,subject court,1,378.85
3063,David Stevenson,"3322 Nicole Lodge Suite 971, East David, WY 63708",8895,2024-03-18,13892,son how,5,889.57
3063,David Stevenson,"3322 Nicole Lodge Suite 971, East David, WY 63708",8895,2024-03-18,24491,friend senior,3,785.53
3063,David Stevenson,"3322 Nicole Lodge Suite 971, East David, WY 63708",99377,2024-01-28,37534,dark few,2,290.77
3063,David Stevenson,"3322 Nicole Lodge Suite 971, East David, WY 63708",99377,2024-01-28,85138,same impact,4,638.88
3063,David Stevenson,"3322 Nicole Lodge Suite 971, East David, WY 63708",99377,2024-01-28,44518,build society,4,303.04
3063,David Stevenson,"3322 Nicole Lodge Suite 971, East David, WY 63708",10780,2024-04-09,66829,indicate glass,3,655.22
3063,David Stevenson,"3322 Nicole Lodge Suite 971, East David, WY 63708",52891,2024-06-12,83277,west western,4,882.67
19430,Deborah Ramirez,"0793 Bell Light Suite 948, South Dawnberg, ME 73023",50255,2024-10-09,14861,social ahead,5,118.94
19430,Deborah Ramirez,"0793 Bell Light Suite 948, South Dawnberg, ME 73023",4073,2023-12-01,5537,why day,4,432.56
19430,Deborah Ramirez,"0793 Bell Light Suite 948, South Dawnberg, ME 73023",4073,2023-12-01,285,provide friend,2,162.6
19430,Deborah Ramirez,"0793 Bell Light Suite 948, South Dawnberg, ME 73023",4073,2023-12-01,38980,light together,4,757.42
62232,Alicia Richard,"14327 Keith Brook, Mooremouth, NM 60063",27270,2024-09-11,23504,may somebody,4,223.91
62232,Alicia Richard,"14327 Keith Brook, Mooremouth, NM 60063",27270,2024-09-11,84927,team allow,2,332.14
62232,Alicia Richard,"14327 Keith Brook, Mooremouth, NM 60063",27270,2024-09-11,66984,car data,4,115.17
62232,Alicia Richard,"14327 Keith Brook, Mooremouth, NM 60063",30852,2024-09-09,59794,economic power,4,146.78
62232,Alicia Richard,"14327 Keith Brook, Mooremouth, NM 60063",30852,2024-09-09,31238,church interest,1,54.88
54373,Evelyn Jones,"709 Scott Fort Apt. 924, East David, FL 17256",22589,2024-08-05,5537,why day,3,432.56
54373,Evelyn Jones,"709 Scott Fort Apt. 924, East David, FL 17256",22589,2024-08-05,14861,social ahead,3,118.94
54373,Evelyn Jones,"709 Scott Fort Apt. 924, East David, FL 17256",8580,2024-06-08,1025,against return,1,307.44
37995,Kelsey Jones,"3342 Wong Greens Suite 625, Smithbury, WV 39960",71347,2024-03-04,44214,himself world,5,597.5
37995,Kelsey Jones,"3342 Wong Greens Suite 625, Smithbury, WV 39960",71347,2024-03-04,92810,citizen dream,3,876.79
37995,Kelsey Jones,"3342 Wong Greens Suite 625, Smithbury, WV 39960",71347,2024-03-04,49358,west build,1,812.37
1584,Hannah Mitchell,"77146 Allen Rue, East Jennifer, WI 56526",67936,2024-06-17,22733,seat your,1,790.71
1584,Hannah Mitchell,"77146 Allen Rue, East Jennifer, WI 56526",67936,2024-06-17,49358,west build,4,812.37
1584,Hannah Mitchell,"77146 Allen Rue, East Jennifer, WI 56526",67936,2024-06-17,1025,against return,5,307.44
1584,Hannah Mitchell,"77146 Allen Rue, East Jennifer, WI 56526",87511,2024-03-03,44214,himself world,5,597.5
1584,Hannah Mitchell,"77146 Allen Rue, East Jennifer, WI 56526",87511,2024-03-03,44214,himself world,3,597.5
1584,Hannah Mitchell,"77146 Allen Rue, East Jennifer, WI 56526",40036,2024-06-27,23419,represent which,5,615.92
1584,Hannah Mitchell,"77146 Allen Rue, East Jennifer, WI 56526",40036,2024-06-27,66829,indicate glass,5,655.22
1584,Hannah Mitchell,"77146 Allen Rue, East Jennifer, WI 56526",40036,2024-06-27,3436,he pattern,5,504.18
1584,Hannah Mitchell,"77146 Allen Rue, East Jennifer, WI 56526",53221,2024-03-17,98054,if top,2,973.01
1584,Hannah Mitchell,"77146 Allen Rue, East Jennifer, WI 56526",88503,2024-01-17,2649,themselves person,3,382.08
1584,Hannah Mitchell,"77146 Allen Rue, East Jennifer, WI 56526",88503,2024-01-17,64717,together system,3,136.24
76208,Valerie Powell,"631 Rhonda Skyway, Georgeside, SD 04805",75333,2024-09-16,25025,mouth key,3,575.89
76208,Valerie Powell,"631 Rhonda Skyway, Georgeside, SD 04805",44368,2024-10-05,65859,however group,2,565.77
76208,Valerie Powell,"631 Rhonda Skyway, Georgeside, SD 04805",44368,2024-10-05,39680,wait phone,2,390.08
76208,Valerie Powell,"631 Rhonda Skyway, Georgeside, SD 04805",44368,2024-10-05,88584,law within,4,851.28
14015,Lisa Cherry,"37995 Davis Parkways, West Kennethburgh, IL 84918",24800,2024-03-26,98054,if top,1,973.01
14015,Lisa Cherry,"37995 Davis Parkways, West Kennethburgh, IL 84918",24800,2024-03-26,285,provide friend,1,162.6
14015,Lisa Cherry,"37995 Davis Parkways, West Kennethburgh, IL 84918",51723,2023-12-05,79139,administration success,1,378.98
14015,Lisa Cherry,"37995 Davis Parkways, West Kennethburgh, IL 84918",2695,2024-10-20,25025,mouth key,4,575.89
14015,Lisa Cherry,"37995 Davis Parkways, West Kennethburgh, IL 84918",2695,2024-10-20,4459,admit measure,2,737.28
14015,Lisa Cherry,"37995 Davis Parkways, West Kennethburgh, IL 84918",2695,2024-10-20,75590,fill condition,1,803.04
14015,Lisa Cherry,"37995 Davis Parkways, West Kennethburgh, IL 84918",59290,2024-08-12,9868,reduce first,4,882.4
14015,Lisa Cherry,"37995 Davis Parkways, West Kennethburgh, IL 84918",29729,2024-07-17,37001,draw beyond,5,478.75
14015,Lisa Cherry,"37995 Davis Parkways, West Kennethburgh, IL 84918",29729,2024-07-17,62170,choice compare,4,506.51
98284,George Ramos DDS,"39640 Alex Island Suite 039, North Nicholas, MP 47533",15769,2024-06-04,12041,most easy,1,550.4
98284,George Ramos DDS,"39640 Alex Island Suite 039, North Nicholas, MP 47533",15769,2024-06-04,89010,state since,4,773.88
98284,George Ramos DDS,"39640 Alex Island Suite 039, North Nicholas, MP 47533",2863,2023-12-24,53539,radio develop,4,458.26
98284,George Ramos DDS,"39640 Alex Island Suite 039, North Nicholas, MP 47533",2863,2023-12-24,41230,church always,3,428.98
98284,George Ramos DDS,"39640 Alex Island Suite 039, North Nicholas, MP 47533",11992,2024-09-20,70918,team clear,5,59.7
98284,George Ramos DDS,"39640 Alex Island Suite 039, North Nicholas, MP 47533",25597,2024-04-03,75590,fill condition,2,803.04
98284,George Ramos DDS,"39640 Alex Island Suite 039, North Nicholas, MP 47533",25597,2024-04-03,67406,threat mission,1,181.57
98284,George Ramos DDS,"39640 Alex Island Suite 039, North Nicholas, MP 47533",25597,2024-04-03,58821,yard identify,3,399.75
98284,George Ramos DDS,"39640 Alex Island Suite 039, North Nicholas, MP 47533",63888,2023-11-19,57048,central finish,3,349.0
64432,Amber Smith,"871 Nicole Shoals Apt. 211, Lake Larry, CO 74723",21245,2024-08-25,46813,avoid loss,3,58.75
64432,Amber Smith,"871 Nicole Shoals Apt. 211, Lake Larry, CO 74723",21245,2024-08-25,1025,against return,3,307.44
64432,Amber Smith,"871 Nicole Shoals Apt. 211, Lake Larry, CO 74723",21245,2024-08-25,13189,store daughter,4,150.25
64432,Amber Smith,"871 Nicole Shoals Apt. 211, Lake Larry, CO 74723",84155,2024-08-09,4459,admit measure,2,737.28
64432,Amber Smith,"871 Nicole Shoals Apt. 211, Lake Larry, CO 74723",84155,2024-08-09,70918,team clear,5,59.7
64432,Amber Smith,"871 Nicole Shoals Apt. 211, Lake Larry, CO 74723",22859,2024-06-27,67406,threat mission,5,181.57
64432,Amber Smith,"871 Nicole Shoals Apt. 211, Lake Larry, CO 74723",22859,2024-06-27,70552,blood sister,1,901.46
64432,Amber Smith,"871 Nicole Shoals Apt. 211, Lake Larry, CO 74723",50383,2024-08-24,95733,south interview,5,259.25
64432,Amber Smith,"871 Nicole Shoals Apt. 211, Lake Larry, CO 74723",31322,2024-06-28,4080,reach physical,3,879.22
61692,Jason Owens,"875 Simpson Springs Apt. 975, Brendaton, NE 15440",52244,2023-10-22,60205,probably character,2,828.78
61692,Jason Owens,"875 Simpson Springs Apt. 975, Brendaton, NE 15440",52244,2023-10-22,49358,west build,2,812.37
61692,Jason Owens,"875 Simpson Springs Apt. 975, Brendaton, NE 15440",86313,2024-09-18,73670,government leg,1,838.01
61692,Jason Owens,"875 Simpson Springs Apt. 975, Brendaton, NE 15440",86313,2024-09-18,79139,administration success,1,378.98
61692,Jason Owens,"875 Simpson Springs Apt. 975, Brendaton, NE 15440",86313,2024-09-18,9868,reduce first,2,882.4
61692,Jason Owens,"875 Simpson Springs Apt. 975, Brendaton, NE 15440",55318,2024-08-14,48648,some onto,3,35.31
61692,Jason Owens,"875 Simpson Springs Apt. 975, Brendaton, NE 15440",55318,2024-08-14,13189,store daughter,3,150.25
61692,Jason Owens,"875 Simpson Springs Apt. 975, Brendaton, NE 15440",61800,2023-12-21,59794,economic power,3,146.78
61692,Jason Owens,"875 Simpson Springs Apt. 975, Brendaton, NE 15440",61800,2023-12-21,95733,south interview,2,259.25
63083,Kevin Curtis,"183 Sarah Fords Suite 674, Lake Robertton, ND 30189",94014,2023-12-05,25217,case full,4,221.27
63083,Kevin Curtis,"183 Sarah Fords Suite 674, Lake Robertton, ND 30189",93441,2024-05-02,44518,build society,3,303.04
63083,Kevin Curtis,"183 Sarah Fords Suite 674, Lake Robertton, ND 30189",40566,2023-11-11,31238,church interest,2,54.88
63083,Kevin Curtis,"183 Sarah Fords Suite 674, Lake Robertton, ND 30189",40566,2023-11-11,66223,specific serious,1,763.48
63083,Kevin Curtis,"183 Sarah Fords Suite 674, Lake Robertton, ND 30189",40566,2023-11-11,66984,car data,2,115.17
81828,Vickie Watson,"6334 Costa Lake, Ashleyfort, FM 77118",25452,2023-10-22,53539,radio develop,1,458.26
81828,Vickie Watson,"6334 Costa Lake, Ashleyfort, FM 77118",25452,2023-10-22,52265,international watch,4,110.68
81828,Vickie Watson,"6334 Costa Lake, Ashleyfort, FM 77118",88225,2024-03-31,285,provide friend,5,162.6
81828,Vickie Watson,"6334 Costa Lake, Ashleyfort, FM 77118",88225,2024-03-31,58821,yard identify,4,399.75
81828,Vickie Watson,"6334 Costa Lake, Ashleyfort, FM 77118",88225,2024-03-31,35618,now suddenly,4,725.87
60581,Dustin Bailey,"4732 Alexa Cliff, Alyssaside, PR 08479",13426,2023-12-25,39680,wait phone,3,390.08
60581,Dustin Bailey,"4732 Alexa Cliff, Alyssaside, PR 08479",13426,2023-12-25,30480,area world,3,919.25
60581,Dustin Bailey,"4732 Alexa Cliff, Alyssaside, PR 08479",13426,2023-12-25,62762,amount seat,2,379.34
60581,Dustin Bailey,"4732 Alexa Cliff, Alyssaside, PR 08479",99906,2023-12-30,62335,man series,2,619.45
60581,Dustin Bailey,"4732 Alexa Cliff, Alyssaside, PR 08479",99906,2023-12-30,65859,however group,4,565.77
60581,Dustin Bailey,"4732 Alexa Cliff, Alyssaside, PR 08479",99906,2023-12-30,13892,son how,3,889.57
60581,Dustin Bailey,"4732 Alexa Cliff, Alyssaside, PR 08479",8478,2023-10-24,62070,firm it,1,709.83
60581,Dustin Bailey,"4732 Alexa Cliff, Alyssaside, PR 08479",8478,2023-10-24,10729,hotel degree,2,800.46
60581,Dustin Bailey,"4732 Alexa Cliff, Alyssaside, PR 08479",8478,2023-10-24,20230,maintain finish,4,37.39
60581,Dustin Bailey,"4732 Alexa Cliff, Alyssaside, PR 08479",94161,2024-03-08,67406,threat mission,3,181.57
60581,Dustin Bailey,"4732 Alexa Cliff, Alyssaside, PR 08479",94161,2024-03-08,57048,central finish,1,349.0
60581,Dustin Bailey,"4732 Alexa Cliff, Alyssaside, PR 08479",94161,2024-03-08,9868,reduce first,3,882.4
17528,Heather Wilson,"9941 Weeks Forge Suite 338, New Jessica, TN 18735",9634,2024-01-04,31737,pull idea,1,700.12
17528,Heather Wilson,"9941 Weeks Forge Suite 338, New Jessica, TN 18735",89763,2024-07-16,91472,different state,2,513.47
17528,Heather Wilson,"9941 Weeks Forge Suite 338, New Jessica, TN 18735",39840,2024-03-09,31737,pull idea,5,700.12
17528,Heather Wilson,"9941 Weeks Forge Suite 338, New Jessica, TN 18735",39840,2024-03-09,60947,front letter,3,793.46
30436,Jason Hill,"2350 Sanchez Forge Suite 508, Jayland, IN 56277",33689,2024-07-20,31238,church interest,4,54.88
30436,Jason Hill,"2350 Sanchez Forge Suite 508, Jayland, IN 56277",53276,2024-06-09,73670,government leg,2,838.01
30436,Jason Hill,"2350 Sanchez Forge Suite 508, Jayland, IN 56277",53276,2024-06-09,23504,may somebody,4,223.91
30436,Jason Hill,"2350 Sanchez Forge Suite 508, Jayland, IN 56277",53276,2024-06-09,285,provide friend,4,162.6
30436,Jason Hill,"2350 Sanchez Forge Suite 508, Jayland, IN 56277",20023,2024-10-19,84927,team allow,4,332.14
30436,Jason Hill,"2350 Sanchez Forge Suite 508, Jayland, IN 56277",98052,2024-07-29,62335,man series,3,619.45
30436,Jason Hill,"2350 Sanchez Forge Suite 508, Jayland, IN 56277",98052,2024-07-29,74698,activity both,3,912.19
30436,Jason Hill,"2350 Sanchez Forge Suite 508, Jayland, IN 56277",96563,2024-03-27,84927,team allow,3,332.14
42336,Karen Webb,"837 Gonzalez Union, Jeremyview, VA 94943",78399,2024-02-21,35618,now suddenly,1,725.87
42336,Karen Webb,"837 Gonzalez Union, Jeremyview, VA 94943",78399,2024-02-21,29397,level visit,3,346.42
42336,Karen Webb,"837 Gonzalez Union, Jeremyview, VA 94943",77109,2024-04-20,44518,build society,1,303.04
42336,Karen Webb,"837 Gonzalez Union, Jeremyview, VA 94943",77109,2024-04-20,20230,maintain finish,1,37.39
42336,Karen Webb,"837 Gonzalez Union, Jeremyview, VA 94943",77109,2024-04-20,84855,fund account,5,216.8
94833,Todd Smith Jr.,"430 Joseph Course, New Andrew, MH 84447",42061,2023-12-14,62335,man series,2,619.45
94833,Todd Smith Jr.,"430 Joseph Course, New Andrew, MH 84447",42061,2023-12-14,285,provide friend,3,162.6
94833,Todd Smith Jr.,"430 Joseph Course, New Andrew, MH 84447",69191,2023-12-22,37001,draw beyond,2,478.75
94833,Todd Smith Jr.,"430 Joseph Course, New Andrew, MH 84447",12914,2024-04-07,39707,record give,3,271.2
94833,Todd Smith Jr.,"430 Joseph Course, New Andrew, MH 84447",12914,2024-04-07,49358,west build,5,812.37
94833,Todd Smith Jr.,"430 Joseph Course, New Andrew, MH 84447",12914,2024-04-07,7458,could tell,5,311.26
50679,Aaron Fowler,"766 Hunt Dam Suite 151, Thomasbury, KY 54732",8779,2023-11-06,20230,maintain finish,3,37.39
50679,Aaron Fowler,"766 Hunt Dam Suite 151, Thomasbury, KY 54732",8779,2023-11-06,60947,front letter,4,793.46
50679,Aaron Fowler,"766 Hunt Dam Suite 151, Thomasbury, KY 54732",8779,2023-11-06,97994,remain discussion,5,534.48
50679,Aaron Fowler,"766 Hunt Dam Suite 151, Thomasbury, KY 54732",29477,2024-01-22,74698,activity both,3,912.19
50679,Aaron Fowler,"766 Hunt Dam Suite 151, Thomasbury, KY 54732",29477,2024-01-22,62170,choice compare,5,506.51
50679,Aaron Fowler,"766 Hunt Dam Suite 151, Thomasbury, KY 54732",29477,2024-01-22,60205,probably character,3,828.78
94248,John Fernandez,"5691 Bryan Trace, Rebeccaborough, IA 35812",58895,2023-12-14,48648,some onto,4,35.31
94248,John Fernandez,"5691 Bryan Trace, Rebeccaborough, IA 35812",58895,2023-12-14,13073,table after,3,92.97
94248,John Fernandez,"5691 Bryan Trace, Rebeccaborough, IA 35812",42210,2024-10-11,39680,wait phone,2,390.08
94248,John Fernandez,"5691 Bryan Trace, Rebeccaborough, IA 35812",42210,2024-10-11,37001,draw beyond,2,478.75
94248,John Fernandez,"5691 Bryan Trace, Rebeccaborough, IA 35812",42210,2024-10-11,87329,worker organization,1,990.26
94248,John Fernandez,"5691 Bryan Trace, Rebeccaborough, IA 35812",25317,2024-05-10,84855,fund account,4,216.8
94248,John Fernandez,"5691 Bryan Trace, Rebeccaborough, IA 35812",11436,2023-12-01,70166,let candidate,3,337.72
94248,John Fernandez,"5691 Bryan Trace, Rebeccaborough, IA 35812",11436,2023-12-01,4459,admit measure,2,737.28
94248,John Fernandez,"5691 Bryan Trace, Rebeccaborough, IA 35812",11436,2023-12-01,60205,probably character,3,828.78
46546,Tyler Tucker,"5737 Johnson Pines Apt. 581, South Shane, TX 31208",67086,2024-05-20,67406,threat mission,4,181.57
46546,Tyler Tucker,"5737 Johnson Pines Apt. 581, South Shane, TX 31208",67086,2024-05-20,62170,choice compare,1,506.51
46546,Tyler Tucker,"5737 Johnson Pines Apt. 581, South Shane, TX 31208",97265,2024-08-03,25025,mouth key,2,575.89
87365,Alejandro Harris,"57439 James Oval, West Jillian, MA 27197",49616,2024-06-10,35577,tough no,4,41.98
87365,Alejandro Harris,"57439 James Oval, West Jillian, MA 27197",49616,2024-06-10,34209,new family,5,339.87
87365,Alejandro Harris,"57439 James Oval, West Jillian, MA 27197",1306,2024-04-11,48648,some onto,4,35.31
87365,Alejandro Harris,"57439 James Oval, West Jillian, MA 27197",1306,2024-04-11,58821,yard identify,1,399.75
87365,Alejandro Harris,"57439 James Oval, West Jillian, MA 27197",1306,2024-04-11,62070,firm it,1,709.83
87365,Alejandro Harris,"57439 James Oval, West Jillian, MA 27197",92618,2024-10-08,20230,maintain finish,2,37.39
82879,Frank Williams,"117 Green Junction, Rhondaview, DC 24689",87695,2024-02-04,44518,build society,1,303.04
82879,Frank Williams,"117 Green Junction, Rhondaview, DC 24689",87695,2024-02-04,68778,rule deal,4,111.08
82879,Frank Williams,"117 Green Junction, Rhondaview, DC 24689",26715,2024-09-18,83277,west western,1,882.67
82879,Frank Williams,"117 Green Junction, Rhondaview, DC 24689",26715,2024-09-18,57048,central finish,1,349.0
82879,Frank Williams,"117 Green Junction, Rhondaview, DC 24689",26715,2024-09-18,44518,build society,1,303.04
82879,Frank Williams,"117 Green Junction, Rhondaview, DC 24689",28807,2024-06-07,84855,fund account,5,216.8
82879,Frank Williams,"117 Green Junction, Rhondaview, DC 24689",18782,2024-06-20,73670,government leg,3,838.01
82879,Frank Williams,"117 Green Junction, Rhondaview, DC 24689",18782,2024-06-20,84855,fund account,4,216.8
32593,Lydia Davis,"3338 Crystal Drive, North Amandahaven, RI 29993",78252,2023-11-14,34209,new family,2,339.87
32593,Lydia Davis,"3338 Crystal Drive, North Amandahaven, RI 29993",52947,2024-06-26,89010,state since,2,773.88
32593,Lydia Davis,"3338 Crystal Drive, North Amandahaven, RI 29993",52947,2024-06-26,285,provide friend,4,162.6
32593,Lydia Davis,"3338 Crystal Drive, North Amandahaven, RI 29993",52947,2024-06-26,64717,together system,4,136.24
32593,Lydia Davis,"3338 Crystal Drive, North Amandahaven, RI 29993",90633,2024-09-21,13433,positive after,5,154.64
32593,Lydia Davis,"3338 Crystal Drive, North Amandahaven, RI 29993",8076,2024-04-20,62070,firm it,3,709.83
32593,Lydia Davis,"3338 Crystal Drive, North Amandahaven, RI 29993",8076,2024-04-20,38257,few trade,1,712.15
32593,Lydia Davis,"3338 Crystal Drive, North Amandahaven, RI 29993",8076,2024-04-20,66986,stay away,3,171.66
22828,Derek Herrera,"7422 Jennings Rapids Suite 444, East Alejandroport, UT 45207",55898,2024-02-19,62170,choice compare,5,506.51
22828,Derek Herrera,"7422 Jennings Rapids Suite 444, East Alejandroport, UT 45207",55898,2024-02-19,30480,area world,2,919.25
22828,Derek Herrera,"7422 Jennings Rapids Suite 444, East Alejandroport, UT 45207",55898,2024-02-19,14861,social ahead,4,118.94
22828,Derek Herrera,"7422 Jennings Rapids Suite 444, East Alejandroport, UT 45207",3923,2024-07-21,13073,table after,1,92.97
22828,Derek Herrera,"7422 Jennings Rapids Suite 444, East Alejandroport, UT 45207",3923,2024-07-21,84855,fund account,1,216.8
77336,Kelly Johnson,"90258 Padilla Neck Apt. 078, New Crystal, OR 36601",44799,2024-09-08,30630,share particularly,5,646.96
77336,Kelly Johnson,"90258 Padilla Neck Apt. 078, New Crystal, OR 36601",53636,2024-06-27,41078,break of,1,395.12
77336,Kelly Johnson,"90258 Padilla Neck Apt. 078, New Crystal, OR 36601",53636,2024-06-27,30480,area world,1,919.25
2513,Tracy Brown,"85458 Hannah Turnpike Suite 773, Rodriguezhaven, VI 40262",64552,2024-02-13,13073,table after,4,92.97
2513,Tracy Brown,"85458 Hannah Turnpike Suite 773, Rodriguezhaven, VI 40262",64552,2024-02-13,83028,impact reach,4,880.32
2513,Tracy Brown,"85458 Hannah Turnpike Suite 773, Rodriguezhaven, VI 40262",64552,2024-02-13,35618,now suddenly,3,725.87
2513,Tracy Brown,"85458 Hannah Turnpike Suite 773, Rodriguezhaven, VI 40262",26623,2024-07-04,9868,reduce first,1,882.4
2513,Tracy Brown,"85458 Hannah Turnpike Suite 773, Rodriguezhaven, VI 40262",26623,2024-07-04,35618,now suddenly,4,725.87
2513,Tracy Brown,"85458 Hannah Turnpike Suite 773, Rodriguezhaven, VI 40262",58586,2024-01-23,91362,training force,3,640.29
2513,Tracy Brown,"85458 Hannah Turnpike Suite 773, Rodriguezhaven, VI 40262",58586,2024-01-23,91362,training force,3,640.29
2513,Tracy Brown,"85458 Hannah Turnpike Suite 773, Rodriguezhaven, VI 40262",23396,2023-10-22,66829,indicate glass,1,655.22
2513,Tracy Brown,"85458 Hannah Turnpike Suite 773, Rodriguezhaven, VI 40262",23396,2023-10-22,66986,stay away,5,171.66
98232,Nicole Castillo,"17957 Combs Motorway, West Amytown, CA 45370",59669,2024-01-22,83028,impact reach,5,880.32
98232,Nicole Castillo,"17957 Combs Motorway, West Amytown, CA 45370",59669,2024-01-22,68778,rule deal,2,111.08
98232,Nicole Castillo,"17957 Combs Motorway, West Amytown, CA 45370",52758,2024-09-14,92810,citizen dream,5,876.79
98232,Nicole Castillo,"17957 Combs Motorway, West Amytown, CA 45370",52758,2024-09-14,91241,Republican police,5,442.29
98232,Nicole Castillo,"17957 Combs Motorway, West Amytown, CA 45370",64752,2024-08-04,73670,government leg,2,838.01
98232,Nicole Castillo,"17957 Combs Motorway, West Amytown, CA 45370",65013,2024-03-01,99467,entire clear,2,168.62
98232,Nicole Castillo,"17957 Combs Motorway, West Amytown, CA 45370",65013,2024-03-01,27975,make site,4,254.19
52922,David Andrews,"19151 Bailey Motorway, Timothyport, WV 62241",72307,2024-01-29,98176,single similar,2,698.81
52922,David Andrews,"19151 Bailey Motorway, Timothyport, WV 62241",72307,2024-01-29,4361,follow it,2,328.54
52922,David Andrews,"19151 Bailey Motorway, Timothyport, WV 62241",88050,2024-09-23,37001,draw beyond,1,478.75
52922,David Andrews,"19151 Bailey Motorway, Timothyport, WV 62241",88050,2024-09-23,91362,training force,4,640.29
52922,David Andrews,"19151 Bailey Motorway, Timothyport, WV 62241",16131,2024-03-10,70166,let candidate,2,337.72
52922,David Andrews,"19151 Bailey Motorway, Timothyport, WV 62241",72943,2024-07-04,39680,wait phone,1,390.08
38954,Manuel Thomas,"USCGC Pennington, FPO AP 77347",17901,2024-01-24,91362,training force,1,640.29
38954,Manuel Thomas,"USCGC Pennington, FPO AP 77347",31027,2024-09-06,4361,follow it,5,328.54
76571,Deborah Watts,"68880 Timothy Mill Apt. 205, Lake Kenneth, SD 54417",35839,2024-03-23,5537,why day,1,432.56
76571,Deborah Watts,"68880 Timothy Mill Apt. 205, Lake Kenneth, SD 54417",56964,2024-03-08,7628,call thought,2,671.06
26641,Meghan Vasquez,"04964 Alan Knolls Suite 687, Myershaven, AL 13316",73169,2024-08-13,37001,draw beyond,1,478.75
26641,Meghan Vasquez,"04964 Alan Knolls Suite 687, Myershaven, AL 13316",45297,2024-08-06,46813,avoid loss,4,58.75
72902,Rebecca Novak,"92454 Jeremiah Ridge Apt. 926, Lake Bethland, DE 86305",37920,2024-07-13,98054,if top,1,973.01
72902,Rebecca Novak,"92454 Jeremiah Ridge Apt. 926, Lake Bethland, DE 86305",37920,2024-07-13,84855,fund account,2,216.8
72902,Rebecca Novak,"92454 Jeremiah Ridge Apt. 926, Lake Bethland, DE 86305",63542,2024-02-08,91472,different state,4,513.47
72902,Rebecca Novak,"92454 Jeremiah Ridge Apt. 926, Lake Bethland, DE 86305",52473,2024-05-07,79139,administration success,2,378.98
72902,Rebecca Novak,"92454 Jeremiah Ridge Apt. 926, Lake Bethland, DE 86305",52473,2024-05-07,23504,may somebody,5,223.91
72902,Rebecca Novak,"92454 Jeremiah Ridge Apt. 926, Lake Bethland, DE 86305",52473,2024-05-07,2649,themselves person,2,382.08
72902,Rebecca Novak,"92454 Jeremiah Ridge Apt. 926, Lake Bethland, DE 86305",47806,2024-09-20,88584,law within,1,851.28
72902,Rebecca Novak,"92454 Jeremiah Ridge Apt. 926, Lake Bethland, DE 86305",47806,2024-09-20,23504,may somebody,5,223.91
81380,Arthur Jackson,"0255 Brandi Divide, North Ashleyport, KS 40282",66880,2024-05-13,24491,friend senior,1,785.53
81380,Arthur Jackson,"0255 Brandi Divide, North Ashleyport, KS 40282",45873,2024-02-12,62070,firm it,1,709.83
81380,Arthur Jackson,"0255 Brandi Divide, North Ashleyport, KS 40282",45873,2024-02-12,13189,store daughter,2,150.25
81380,Arthur Jackson,"0255 Brandi Divide, North Ashleyport, KS 40282",16039,2024-01-05,93476,subject court,2,378.85
81380,Arthur Jackson,"0255 Brandi Divide, North Ashleyport, KS 40282",16039,2024-01-05,66984,car data,1,115.17
81380,Arthur Jackson,"0255 Brandi Divide, North Ashleyport, KS 40282",4791,2024-06-08,35740,fly catch,3,408.16
71569,Gary Snyder,"674 Beard Curve, Port Tyler, DC 96800",28853,2024-09-18,98176,single similar,5,698.81
71569,Gary Snyder,"674 Beard Curve, Port Tyler, DC 96800",28853,2024-09-18,10729,hotel degree,1,800.46
71569,Gary Snyder,"674 Beard Curve, Port Tyler, DC 96800",60643,2024-10-09,57048,central finish,4,349.0
71569,Gary Snyder,"674 Beard Curve, Port Tyler, DC 96800",60643,2024-10-09,60205,probably character,2,828.78
71569,Gary Snyder,"674 Beard Curve, Port Tyler, DC 96800",60643,2024-10-09,91362,training force,1,640.29
71569,Gary Snyder,"674 Beard Curve, Port Tyler, DC 96800",71110,2024-08-11,41230,church always,4,428.98
71569,Gary Snyder,"674 Beard Curve, Port Tyler, DC 96800",27781,2024-04-07,35740,fly catch,5,408.16
66940,Charles Wall,"422 Cameron Skyway Suite 477, Annetteburgh, OH 69775",52999,2024-02-05,44214,himself world,4,597.5
66940,Charles Wall,"422 Cameron Skyway Suite 477, Annetteburgh, OH 69775",52999,2024-02-05,23419,represent which,1,615.92
66940,Charles Wall,"422 Cameron Skyway Suite 477, Annetteburgh, OH 69775",17290,2024-09-14,83028,impact reach,1,880.32
66940,Charles Wall,"422 Cameron Skyway Suite 477, Annetteburgh, OH 69775",31434,2023-11-19,37534,dark few,1,290.77
66940,Charles Wall,"422 Cameron Skyway Suite 477, Annetteburgh, OH 69775",12981,2024-04-07,58821,yard identify,1,399.75
66940,Charles Wall,"422 Cameron Skyway Suite 477, Annetteburgh, OH 69775",12981,2024-04-07,13073,table after,5,92.97
54952,Caitlin Anderson,"2050 Chelsey Course Suite 528, New Lawrence, HI 13694",3797,2024-06-11,77235,low nor,4,31.54
54952,Caitlin Anderson,"2050 Chelsey Course Suite 528, New Lawrence, HI 13694",3797,2024-06-11,91362,training force,1,640.29
54952,Caitlin Anderson,"2050 Chelsey Course Suite 528, New Lawrence, HI 13694",3797,2024-06-11,29397,level visit,2,346.42
54952,Caitlin Anderson,"2050 Chelsey Course Suite 528, New Lawrence, HI 13694",59961,2024-07-29,34209,new family,5,339.87
54952,Caitlin Anderson,"2050 Chelsey Course Suite 528, New Lawrence, HI 13694",59961,2024-07-29,29940,cause here,5,967.4
54952,Caitlin Anderson,"2050 Chelsey Course Suite 528, New Lawrence, HI 13694",59961,2024-07-29,29397,level visit,4,346.42
54952,Caitlin Anderson,"2050 Chelsey Course Suite 528, New Lawrence, HI 13694",2033,2024-06-13,3436,he pattern,3,504.18
54952,Caitlin Anderson,"2050 Chelsey Course Suite 528, New Lawrence, HI 13694",2033,2024-06-13,91241,Republican police,3,442.29
99564,Michelle Evans,"3209 Lee Spurs Apt. 987, Amyberg, KY 68397",83476,2024-02-22,25025,mouth key,1,575.89
99564,Michelle Evans,"3209 Lee Spurs Apt. 987, Amyberg, KY 68397",83476,2024-02-22,3436,he pattern,5,504.18
99564,Michelle Evans,"3209 Lee Spurs Apt. 987, Amyberg, KY 68397",83476,2024-02-22,13892,son how,5,889.57
99564,Michelle Evans,"3209 Lee Spurs Apt. 987, Amyberg, KY 68397",43110,2024-02-27,44518,build society,3,303.04
99564,Michelle Evans,"3209 Lee Spurs Apt. 987, Amyberg, KY 68397",36121,2023-12-31,285,provide friend,2,162.6
99564,Michelle Evans,"3209 Lee Spurs Apt. 987, Amyberg, KY 68397",36121,2023-12-31,68778,rule deal,2,111.08
99564,Michelle Evans,"3209 Lee Spurs Apt. 987, Amyberg, KY 68397",60728,2024-09-19,25025,mouth key,4,575.89
99564,Michelle Evans,"3209 Lee Spurs Apt. 987, Amyberg, KY 68397",13555,2023-11-27,31238,church interest,5,54.88
99564,Michelle Evans,"3209 Lee Spurs Apt. 987, Amyberg, KY 68397",13555,2023-11-27,83028,impact reach,2,880.32
35033,Rebekah Jensen,"94271 Alejandra Lodge, Cunninghamstad, SD 20173",32263,2024-10-13,52265,international watch,3,110.68
35033,Rebekah Jensen,"94271 Alejandra Lodge, Cunninghamstad, SD 20173",32263,2024-10-13,83028,impact reach,2,880.32
35033,Rebekah Jensen,"94271 Alejandra Lodge, Cunninghamstad, SD 20173",39500,2024-07-11,89010,state since,2,773.88
35033,Rebekah Jensen,"94271 Alejandra Lodge, Cunninghamstad, SD 20173",39500,2024-07-11,41230,church always,4,428.98
12990,Russell Swanson,"7858 Diane Mountains, New Laurastad, CO 61620",12373,2024-08-19,99467,entire clear,4,168.62
75531,Ryan Small,"78960 Mcmillan Drive Apt. 767, Harrisonton, NE 57559",18217,2024-06-29,98054,if top,1,973.01
75531,Ryan Small,"78960 Mcmillan Drive Apt. 767, Harrisonton, NE 57559",33481,2024-04-08,4361,follow it,3,328.54
75531,Ryan Small,"78960 Mcmillan Drive Apt. 767, Harrisonton, NE 57559",33481,2024-04-08,66829,indicate glass,5,655.22
75531,Ryan Small,"78960 Mcmillan Drive Apt. 767, Harrisonton, NE 57559",33481,2024-04-08,34209,new family,2,339.87
75531,Ryan Small,"78960 Mcmillan Drive Apt. 767, Harrisonton, NE 57559",73615,2024-01-11,2235,senior work,4,871.17
75531,Ryan Small,"78960 Mcmillan Drive Apt. 767, Harrisonton, NE 57559",73615,2024-01-11,13892,son how,4,889.57
75531,Ryan Small,"78960 Mcmillan Drive Apt. 767, Harrisonton, NE 57559",73615,2024-01-11,37001,draw beyond,1,478.75
75531,Ryan Small,"78960 Mcmillan Drive Apt. 767, Harrisonton, NE 57559",27411,2024-04-24,84927,team allow,5,332.14
75531,Ryan Small,"78960 Mcmillan Drive Apt. 767, Harrisonton, NE 57559",27411,2024-04-24,30630,share particularly,4,646.96
36487,Hayley Russell,"86504 Daniel Prairie, South Sandrabury, IL 74468",59208,2024-08-12,66829,indicate glass,1,655.22
36487,Hayley Russell,"86504 Daniel Prairie, South Sandrabury, IL 74468",59208,2024-08-12,67406,threat mission,3,181.57
36487,Hayley Russell,"86504 Daniel Prairie, South Sandrabury, IL 74468",89433,2024-08-01,66984,car data,1,115.17
36487,Hayley Russell,"86504 Daniel Prairie, South Sandrabury, IL 74468",63491,2023-11-20,91472,different state,2,513.47
36487,Hayley Russell,"86504 Daniel Prairie, South Sandrabury, IL 74468",63491,2023-11-20,70552,blood sister,4,901.46
36487,Hayley Russell,"86504 Daniel Prairie, South Sandrabury, IL 74468",63491,2023-11-20,29397,level visit,4,346.42
36487,Hayley Russell,"86504 Daniel Prairie, South Sandrabury, IL 74468",81381,2024-08-28,85138,same impact,1,638.88
36487,Hayley Russell,"86504 Daniel Prairie, South Sandrabury, IL 74468",81381,2024-08-28,25217,case full,2,221.27
36487,Hayley Russell,"86504 Daniel Prairie, South Sandrabury, IL 74468",81381,2024-08-28,84927,team allow,5,332.14
36487,Hayley Russell,"86504 Daniel Prairie, South Sandrabury, IL 74468",11673,2024-06-12,13189,store daughter,1,150.25
36487,Hayley Russell,"86504 Daniel Prairie, South Sandrabury, IL 74468",11673,2024-06-12,78574,pretty little,2,275.46
36487,Hayley Russell,"86504 Daniel Prairie, South Sandrabury, IL 74468",11673,2024-06-12,41078,break of,1,395.12
32667,Nicole Smith,"01994 Russell Manor, New Keithberg, ID 16143",60448,2024-06-04,12041,most easy,2,550.4
53606,Alexis Herring,"36809 Lisa Roads Apt. 943, Hesterhaven, NV 74226",56753,2024-08-29,92810,citizen dream,2,876.79
53606,Alexis Herring,"36809 Lisa Roads Apt. 943, Hesterhaven, NV 74226",10558,2024-07-24,70166,let candidate,5,337.72
53606,Alexis Herring,"36809 Lisa Roads Apt. 943, Hesterhaven, NV 74226",10558,2024-07-24,30630,share particularly,1,646.96
53606,Alexis Herring,"36809 Lisa Roads Apt. 943, Hesterhaven, NV 74226",10558,2024-07-24,93476,subject court,2,378.85
53606,Alexis Herring,"36809 Lisa Roads Apt. 943, Hesterhaven, NV 74226",31891,2024-04-20,38980,light together,2,757.42
53606,Alexis Herring,"36809 Lisa Roads Apt. 943, Hesterhaven, NV 74226",31891,2024-04-20,44518,build society,5,303.04
53606,Alexis Herring,"36809 Lisa Roads Apt. 943, Hesterhaven, NV 74226",31891,2024-04-20,3436,he pattern,3,504.18
53606,Alexis Herring,"36809 Lisa Roads Apt. 943, Hesterhaven, NV 74226",70691,2024-08-13,99677,game test,3,780.7
53606,Alexis Herring,"36809 Lisa Roads Apt. 943, Hesterhaven, NV 74226",70691,2024-08-13,5537,why day,3,432.56
53606,Alexis Herring,"36809 Lisa Roads Apt. 943, Hesterhaven, NV 74226",70691,2024-08-13,98054,if top,1,973.01
53606,Alexis Herring,"36809 Lisa Roads Apt. 943, Hesterhaven, NV 74226",82843,2023-12-31,41078,break of,4,395.12
65626,Melissa Wade,"167 Thornton Rest Apt. 314, East Justin, NV 35180",62388,2024-08-02,99467,entire clear,3,168.62
65626,Melissa Wade,"167 Thornton Rest Apt. 314, East Justin, NV 35180",62388,2024-08-02,38980,light together,5,757.42
65626,Melissa Wade,"167 Thornton Rest Apt. 314, East Justin, NV 35180",31026,2024-09-24,41078,break of,5,395.12
65626,Melissa Wade,"167 Thornton Rest Apt. 314, East Justin, NV 35180",31026,2024-09-24,13892,son how,1,889.57
65626,Melissa Wade,"167 Thornton Rest Apt. 314, East Justin, NV 35180",31026,2024-09-24,41078,break of,5,395.12
65626,Melissa Wade,"167 Thornton Rest Apt. 314, East Justin, NV 35180",40688,2024-01-14,285,provide friend,1,162.6
65626,Melissa Wade,"167 Thornton Rest Apt. 314, East Justin, NV 35180",40688,2024-01-14,83028,impact reach,3,880.32
65626,Melissa Wade,"167 Thornton Rest Apt. 314, East Justin, NV 35180",99724,2024-02-17,29940,cause here,3,967.4
65626,Melissa Wade,"167 Thornton Rest Apt. 314, East Justin, NV 35180",99724,2024-02-17,13892,son how,1,889.57
65626,Melissa Wade,"167 Thornton Rest Apt. 314, East Justin, NV 35180",87904,2024-05-27,35740,fly catch,3,408.16
65626,Melissa Wade,"167 Thornton Rest Apt. 314, East Justin, NV 35180",87904,2024-05-27,5537,why day,2,432.56
65626,Melissa Wade,"167 Thornton Rest Apt. 314, East Justin, NV 35180",87904,2024-05-27,99467,entire clear,3,168.62
80489,Dr. Brittney Jackson,"702 Jennifer Village, Gonzalezchester, ND 88632",79515,2024-06-16,29397,level visit,1,346.42
80489,Dr. Brittney Jackson,"702 Jennifer Village, Gonzalezchester, ND 88632",79515,2024-06-16,74698,activity both,5,912.19
80489,Dr. Brittney Jackson,"702 Jennifer Village, Gonzalezchester, ND 88632",79515,2024-06-16,87329,worker organization,3,990.26
80489,Dr. Brittney Jackson,"702 Jennifer Village, Gonzalezchester, ND 88632",20008,2024-09-22,34209,new family,3,339.87
80489,Dr. Brittney Jackson,"702 Jennifer Village, Gonzalezchester, ND 88632",20008,2024-09-22,29397,level visit,4,346.42
80489,Dr. Brittney Jackson,"702 Jennifer Village, Gonzalezchester, ND 88632",98695,2024-07-22,4459,admit measure,3,737.28
80489,Dr. Brittney Jackson,"702 Jennifer Village, Gonzalezchester, ND 88632",98695,2024-07-22,9991,each edge,4,185.47
80489,Dr. Brittney Jackson,"702 Jennifer Village, Gonzalezchester, ND 88632",98695,2024-07-22,52265,international watch,4,110.68
80489,Dr. Brittney Jackson,"702 Jennifer Village, Gonzalezchester, ND 88632",65068,2024-09-03,12041,most easy,5,550.4
80489,Dr. Brittney Jackson,"702 Jennifer Village, Gonzalezchester, ND 88632",65068,2024-09-03,37001,draw beyond,4,478.75
80489,Dr. Brittney Jackson,"702 Jennifer Village, Gonzalezchester, ND 88632",70590,2024-09-21,99467,entire clear,3,168.62
80489,Dr. Brittney Jackson,"702 Jennifer Village, Gonzalezchester, ND 88632",70590,2024-09-21,84927,team allow,2,332.14
80489,Dr. Brittney Jackson,"702 Jennifer Village, Gonzalezchester, ND 88632",70590,2024-09-21,35740,fly catch,5,408.16
41788,Mark Matthews,"84861 Joseph Grove, Vasquezfurt, MN 48794",56610,2024-09-26,83028,impact reach,1,880.32
41788,Mark Matthews,"84861 Joseph Grove, Vasquezfurt, MN 48794",56610,2024-09-26,44518,build society,4,303.04
41788,Mark Matthews,"84861 Joseph Grove, Vasquezfurt, MN 48794",56610,2024-09-26,91241,Republican police,2,442.29
57058,Jeremiah Davis,"97192 Danielle Underpass, Port Phillipfort, WV 69801",66835,2024-07-07,31737,pull idea,5,700.12
57058,Jeremiah Davis,"97192 Danielle Underpass, Port Phillipfort, WV 69801",66835,2024-07-07,91472,different state,2,513.47
57058,Jeremiah Davis,"97192 Danielle Underpass, Port Phillipfort, WV 69801",66835,2024-07-07,14861,social ahead,5,118.94
57058,Jeremiah Davis,"97192 Danielle Underpass, Port Phillipfort, WV 69801",47020,2024-05-03,73670,government leg,2,838.01
57058,Jeremiah Davis,"97192 Danielle Underpass, Port Phillipfort, WV 69801",47020,2024-05-03,38257,few trade,4,712.15
57058,Jeremiah Davis,"97192 Danielle Underpass, Port Phillipfort, WV 69801",4710,2024-09-17,67406,threat mission,3,181.57
57058,Jeremiah Davis,"97192 Danielle Underpass, Port Phillipfort, WV 69801",4710,2024-09-17,83277,west western,2,882.67
57058,Jeremiah Davis,"97192 Danielle Underpass, Port Phillipfort, WV 69801",96959,2023-12-14,66984,car data,5,115.17
57058,Jeremiah Davis,"97192 Danielle Underpass, Port Phillipfort, WV 69801",96959,2023-12-14,70166,let candidate,3,337.72
57058,Jeremiah Davis,"97192 Danielle Underpass, Port Phillipfort, WV 69801",96959,2023-12-14,84855,fund account,5,216.8
57058,Jeremiah Davis,"97192 Danielle Underpass, Port Phillipfort, WV 69801",25648,2024-01-20,13892,son how,1,889.57
13327,Laura Cobb,"028 Michelle Dam Apt. 938, Matthewmouth, ME 75434",80452,2024-06-30,25025,mouth key,5,575.89
13327,Laura Cobb,"028 Michelle Dam Apt. 938, Matthewmouth, ME 75434",169,2024-05-31,91362,training force,1,640.29
85270,Jonathan Taylor,"2306 Cheryl Stravenue, Phillipsbury, ID 61022",55972,2024-07-12,9991,each edge,4,185.47
85270,Jonathan Taylor,"2306 Cheryl Stravenue, Phillipsbury, ID 61022",55972,2024-07-12,41230,church always,1,428.98
85270,Jonathan Taylor,"2306 Cheryl Stravenue, Phillipsbury, ID 61022",55972,2024-07-12,57048,central finish,1,349.0
85270,Jonathan Taylor,"2306 Cheryl Stravenue, Phillipsbury, ID 61022",3569,2024-02-23,20230,maintain finish,3,37.39
85270,Jonathan Taylor,"2306 Cheryl Stravenue, Phillipsbury, ID 61022",3569,2024-02-23,59794,economic power,1,146.78
85270,Jonathan Taylor,"2306 Cheryl Stravenue, Phillipsbury, ID 61022",3569,2024-02-23,29940,cause here,2,967.4
24256,Mark Maldonado,"Unit 6146 Box 2506, DPO AE 48211",14747,2024-05-05,62335,man series,1,619.45
70773,Megan Frank,"3752 Robert Inlet Suite 250, Madelineborough, GA 56831",59496,2023-11-21,5537,why day,2,432.56
70773,Megan Frank,"3752 Robert Inlet Suite 250, Madelineborough, GA 56831",25379,2024-03-08,39707,record give,3,271.2
70773,Megan Frank,"3752 Robert Inlet Suite 250, Madelineborough, GA 56831",25379,2024-03-08,3588,collection child,5,52.62
70773,Megan Frank,"3752 Robert Inlet Suite 250, Madelineborough, GA 56831",78259,2023-11-11,285,provide friend,5,162.6
70773,Megan Frank,"3752 Robert Inlet Suite 250, Madelineborough, GA 56831",78259,2023-11-11,73670,government leg,4,838.01
70773,Megan Frank,"3752 Robert Inlet Suite 250, Madelineborough, GA 56831",78259,2023-11-11,67406,threat mission,3,181.57
39245,Amy Hernandez,"9415 Mills Point Suite 530, East Eric, OK 05536",40138,2023-10-29,62762,amount seat,4,379.34
39245,Amy Hernandez,"9415 Mills Point Suite 530, East Eric, OK 05536",40138,2023-10-29,34209,new family,2,339.87
39245,Amy Hernandez,"9415 Mills Point Suite 530, East Eric, OK 05536",40138,2023-10-29,52265,international watch,1,110.68
39245,Amy Hernandez,"9415 Mills Point Suite 530, East Eric, OK 05536",70722,2024-09-28,39707,record give,2,271.2
39245,Amy Hernandez,"9415 Mills Point Suite 530, East Eric, OK 05536",70722,2024-09-28,75590,fill condition,4,803.04
39245,Amy Hernandez,"9415 Mills Point Suite 530, East Eric, OK 05536",84694,2023-11-04,27975,make site,3,254.19
39245,Amy Hernandez,"9415 Mills Point Suite 530, East Eric, OK 05536",84694,2023-11-04,3588,collection child,5,52.62
39245,Amy Hernandez,"9415 Mills Point Suite 530, East Eric, OK 05536",47125,2024-06-13,59794,economic power,5,146.78
45480,Michael Turner,"6395 Gardner Ranch Suite 045, Elizabethfurt, NY 80564",11137,2023-11-26,95733,south interview,5,259.25
45480,Michael Turner,"6395 Gardner Ranch Suite 045, Elizabethfurt, NY 80564",11137,2023-11-26,13892,son how,5,889.57
45480,Michael Turner,"6395 Gardner Ranch Suite 045, Elizabethfurt, NY 80564",11137,2023-11-26,91362,training force,3,640.29
45480,Michael Turner,"6395 Gardner Ranch Suite 045, Elizabethfurt, NY 80564",68587,2024-02-11,39707,record give,1,271.2
45480,Michael Turner,"6395 Gardner Ranch Suite 045, Elizabethfurt, NY 80564",68587,2024-02-11,66829,indicate glass,3,655.22
45480,Michael Turner,"6395 Gardner Ranch Suite 045, Elizabethfurt, NY 80564",12509,2024-03-21,60205,probably character,1,828.78
45480,Michael Turner,"6395 Gardner Ranch Suite 045, Elizabethfurt, NY 80564",12509,2024-03-21,83028,impact reach,4,880.32
45480,Michael Turner,"6395 Gardner Ranch Suite 045, Elizabethfurt, NY 80564",12509,2024-03-21,59794,economic power,5,146.78
45480,Michael Turner,"6395 Gardner Ranch Suite 045, Elizabethfurt, NY 80564",94203,2024-02-03,23419,represent which,1,615.92
92118,Russell Chang,"20414 Frances Glens, Ruizstad, IL 05367",67602,2024-03-29,1025,against return,2,307.44
92118,Russell Chang,"20414 Frances Glens, Ruizstad, IL 05367",64477,2024-10-03,84855,fund account,5,216.8
92118,Russell Chang,"20414 Frances Glens, Ruizstad, IL 05367",64477,2024-10-03,83028,impact reach,5,880.32
92118,Russell Chang,"20414 Frances Glens, Ruizstad, IL 05367",73401,2023-11-04,23419,represent which,3,615.92
92118,Russell Chang,"20414 Frances Glens, Ruizstad, IL 05367",73401,2023-11-04,37001,draw beyond,3,478.75
92118,Russell Chang,"20414 Frances Glens, Ruizstad, IL 05367",73401,2023-11-04,77235,low nor,2,31.54
92118,Russell Chang,"20414 Frances Glens, Ruizstad, IL 05367",66649,2024-05-15,95733,south interview,1,259.25
92118,Russell Chang,"20414 Frances Glens, Ruizstad, IL 05367",69402,2024-05-13,39680,wait phone,3,390.08
10624,Richard Chaney,"1282 Dunn Mall Apt. 380, West Jonathan, NM 95166",3327,2024-02-06,23419,represent which,3,615.92
19628,Mrs. Mary Davenport DDS,"4435 Carol Locks, Morganmouth, VA 96493",41394,2024-06-28,44214,himself world,5,597.5
82531,Bruce Green,"926 Bates Isle Apt. 150, Lake Jessicaside, AR 07527",7678,2024-10-10,98054,if top,2,973.01
82531,Bruce Green,"926 Bates Isle Apt. 150, Lake Jessicaside, AR 07527",7678,2024-10-10,48648,some onto,1,35.31
82531,Bruce Green,"926 Bates Isle Apt. 150, Lake Jessicaside, AR 07527",7678,2024-10-10,97994,remain discussion,4,534.48
53360,Mary Hawkins,"60258 Scott Camp Suite 953, Browningport, MI 35413",26349,2024-01-19,44518,build society,5,303.04
53360,Mary Hawkins,"60258 Scott Camp Suite 953, Browningport, MI 35413",26349,2024-01-19,98054,if top,1,973.01
53360,Mary Hawkins,"60258 Scott Camp Suite 953, Browningport, MI 35413",71852,2023-12-11,65859,however group,1,565.77
53360,Mary Hawkins,"60258 Scott Camp Suite 953, Browningport, MI 35413",71852,2023-12-11,39707,record give,2,271.2
53360,Mary Hawkins,"60258 Scott Camp Suite 953, Browningport, MI 35413",71852,2023-12-11,83277,west western,4,882.67
53360,Mary Hawkins,"60258 Scott Camp Suite 953, Browningport, MI 35413",12374,2024-04-17,67406,threat mission,4,181.57
46833,Jeremy Barber,"7266 James Lake Apt. 785, Jenkinsmouth, VI 89817",20550,2024-04-12,41230,church always,4,428.98
46833,Jeremy Barber,"7266 James Lake Apt. 785, Jenkinsmouth, VI 89817",20550,2024-04-12,5537,why day,3,432.56
46833,Jeremy Barber,"7266 James Lake Apt. 785, Jenkinsmouth, VI 89817",76535,2024-02-08,92810,citizen dream,4,876.79
46833,Jeremy Barber,"7266 James Lake Apt. 785, Jenkinsmouth, VI 89817",76535,2024-02-08,41078,break of,1,395.12
46833,Jeremy Barber,"7266 James Lake Apt. 785, Jenkinsmouth, VI 89817",63122,2024-03-09,73670,government leg,4,838.01
46833,Jeremy Barber,"7266 James Lake Apt. 785, Jenkinsmouth, VI 89817",63122,2024-03-09,13433,positive after,5,154.64
46833,Jeremy Barber,"7266 James Lake Apt. 785, Jenkinsmouth, VI 89817",63122,2024-03-09,73670,government leg,4,838.01
80354,Justin Davis,"25080 Christine Highway Suite 196, Kirkberg, NJ 24191",30525,2023-11-24,44518,build society,4,303.04
91797,Teresa Bennett,"Unit 0633 Box 5561, DPO AA 70748",3839,2024-02-26,67406,threat mission,1,181.57
91797,Teresa Bennett,"Unit 0633 Box 5561, DPO AA 70748",69360,2024-09-09,59794,economic power,4,146.78
91797,Teresa Bennett,"Unit 0633 Box 5561, DPO AA 70748",2758,2024-02-26,12041,most easy,3,550.4
91797,Teresa Bennett,"Unit 0633 Box 5561, DPO AA 70748",2758,2024-02-26,92810,citizen dream,4,876.79
91797,Teresa Bennett,"Unit 0633 Box 5561, DPO AA 70748",2758,2024-02-26,20230,maintain finish,1,37.39
91797,Teresa Bennett,"Unit 0633 Box 5561, DPO AA 70748",70585,2024-10-17,84855,fund account,1,216.8
91797,Teresa Bennett,"Unit 0633 Box 5561, DPO AA 70748",70585,2024-10-17,66984,car data,4,115.17
91797,Teresa Bennett,"Unit 0633 Box 5561, DPO AA 70748",70585,2024-10-17,88584,law within,2,851.28
6596,Richard Sullivan,"61558 Alex Bypass Suite 215, Donnaburgh, MH 21365",51090,2024-03-31,30630,share particularly,5,646.96
6596,Richard Sullivan,"61558 Alex Bypass Suite 215, Donnaburgh, MH 21365",64334,2024-01-07,99677,game test,4,780.7
6596,Richard Sullivan,"61558 Alex Bypass Suite 215, Donnaburgh, MH 21365",64334,2024-01-07,52265,international watch,1,110.68
6596,Richard Sullivan,"61558 Alex Bypass Suite 215, Donnaburgh, MH 21365",84782,2024-03-02,74698,activity both,1,912.19
6596,Richard Sullivan,"61558 Alex Bypass Suite 215, Donnaburgh, MH 21365",84782,2024-03-02,30480,area world,5,919.25
6596,Richard Sullivan,"61558 Alex Bypass Suite 215, Donnaburgh, MH 21365",83452,2024-10-20,75590,fill condition,4,803.04
6596,Richard Sullivan,"61558 Alex Bypass Suite 215, Donnaburgh, MH 21365",30471,2024-04-24,41078,break of,5,395.12
6596,Richard Sullivan,"61558 Alex Bypass Suite 215, Donnaburgh, MH 21365",30471,2024-04-24,3588,collection child,3,52.62
6596,Richard Sullivan,"61558 Alex Bypass Suite 215, Donnaburgh, MH 21365",30471,2024-04-24,66829,indicate glass,3,655.22
27066,Terri Richmond,"26124 Hanson Lock Suite 913, Denisechester, IL 93768",38125,2024-04-05,46813,avoid loss,3,58.75
27066,Terri Richmond,"26124 Hanson Lock Suite 913, Denisechester, IL 93768",38125,2024-04-05,95733,south interview,1,259.25
27066,Terri Richmond,"26124 Hanson Lock Suite 913, Denisechester, IL 93768",38125,2024-04-05,30480,area world,1,919.25
61423,Keith Nelson,"87498 Garrett Overpass Suite 286, Brownfurt, NV 18095",80610,2024-08-03,7628,call thought,5,671.06
61423,Keith Nelson,"87498 Garrett Overpass Suite 286, Brownfurt, NV 18095",26628,2024-05-11,44214,himself world,4,597.5
61423,Keith Nelson,"87498 Garrett Overpass Suite 286, Brownfurt, NV 18095",26628,2024-05-11,10729,hotel degree,5,800.46
61423,Keith Nelson,"87498 Garrett Overpass Suite 286, Brownfurt, NV 18095",26628,2024-05-11,7628,call thought,5,671.06
58166,Brian Wilson,"31946 Lucas Common Apt. 407, New Phillip, DE 70883",98834,2024-06-05,13073,table after,5,92.97
58166,Brian Wilson,"31946 Lucas Common Apt. 407, New Phillip, DE 70883",98834,2024-06-05,22733,seat your,2,790.71
58166,Brian Wilson,"31946 Lucas Common Apt. 407, New Phillip, DE 70883",66551,2023-12-22,3588,collection child,3,52.62
58166,Brian Wilson,"31946 Lucas Common Apt. 407, New Phillip, DE 70883",66551,2023-12-22,12041,most easy,4,550.4
58166,Brian Wilson,"31946 Lucas Common Apt. 407, New Phillip, DE 70883",3392,2024-10-10,84855,fund account,2,216.8
58166,Brian Wilson,"31946 Lucas Common Apt. 407, New Phillip, DE 70883",3392,2024-10-10,37001,draw beyond,2,478.75
58166,Brian Wilson,"31946 Lucas Common Apt. 407, New Phillip, DE 70883",25927,2024-01-13,2235,senior work,4,871.17
58166,Brian Wilson,"31946 Lucas Common Apt. 407, New Phillip, DE 70883",25927,2024-01-13,65859,however group,5,565.77
58166,Brian Wilson,"31946 Lucas Common Apt. 407, New Phillip, DE 70883",25927,2024-01-13,31238,church interest,2,54.88
58166,Brian Wilson,"31946 Lucas Common Apt. 407, New Phillip, DE 70883",33465,2023-11-30,91241,Republican police,5,442.29
97701,Joe Hale,"USNS Brown, FPO AA 24037",61036,2024-03-04,13189,store daughter,2,150.25
97701,Joe Hale,"USNS Brown, FPO AA 24037",57697,2024-02-11,34209,new family,2,339.87
97701,Joe Hale,"USNS Brown, FPO AA 24037",57697,2024-02-11,3588,collection child,5,52.62
6650,Brooke Wilson,"PSC 8945, Box 1641, APO AE 86265",91680,2024-01-01,39680,wait phone,2,390.08
6650,Brooke Wilson,"PSC 8945, Box 1641, APO AE 86265",91680,2024-01-01,44518,build society,1,303.04
6650,Brooke Wilson,"PSC 8945, Box 1641, APO AE 86265",66415,2024-04-18,27041,popular figure,3,483.9
6650,Brooke Wilson,"PSC 8945, Box 1641, APO AE 86265",66415,2024-04-18,93476,subject court,5,378.85
6650,Brooke Wilson,"PSC 8945, Box 1641, APO AE 86265",66415,2024-04-18,92810,citizen dream,4,876.79
6650,Brooke Wilson,"PSC 8945, Box 1641, APO AE 86265",52233,2024-03-21,35618,now suddenly,4,725.87
6650,Brooke Wilson,"PSC 8945, Box 1641, APO AE 86265",52233,2024-03-21,13892,son how,2,889.57
6650,Brooke Wilson,"PSC 8945, Box 1641, APO AE 86265",52233,2024-03-21,27041,popular figure,5,483.9
6650,Brooke Wilson,"PSC 8945, Box 1641, APO AE 86265",16279,2024-03-16,10729,hotel degree,3,800.46
6650,Brooke Wilson,"PSC 8945, Box 1641, APO AE 86265",16279,2024-03-16,92810,citizen dream,2,876.79
6650,Brooke Wilson,"PSC 8945, Box 1641, APO AE 86265",16279,2024-03-16,2649,themselves person,3,382.08
6650,Brooke Wilson,"PSC 8945, Box 1641, APO AE 86265",13511,2024-10-09,89010,state since,3,773.88
6650,Brooke Wilson,"PSC 8945, Box 1641, APO AE 86265",13511,2024-10-09,48648,some onto,1,35.31
6650,Brooke Wilson,"PSC 8945, Box 1641, APO AE 86265",13511,2024-10-09,7458,could tell,4,311.26
29603,Lori Harris,"56921 Nicholas Orchard, South Davidberg, MO 51580",90086,2024-04-22,75590,fill condition,3,803.04
29603,Lori Harris,"56921 Nicholas Orchard, South Davidberg, MO 51580",90086,2024-04-22,35577,tough no,1,41.98
29603,Lori Harris,"56921 Nicholas Orchard, South Davidberg, MO 51580",15269,2024-08-02,10729,hotel degree,4,800.46
29603,Lori Harris,"56921 Nicholas Orchard, South Davidberg, MO 51580",15269,2024-08-02,88584,law within,4,851.28
29603,Lori Harris,"56921 Nicholas Orchard, South Davidberg, MO 51580",15269,2024-08-02,66984,car data,5,115.17
29603,Lori Harris,"56921 Nicholas Orchard, South Davidberg, MO 51580",96925,2023-10-22,44518,build society,5,303.04
29603,Lori Harris,"56921 Nicholas Orchard, South Davidberg, MO 51580",58662,2024-09-25,7628,call thought,4,671.06
14145,Linda Mckenzie,"418 Sutton Villages, New Larryburgh, VI 66499",52531,2024-02-16,66984,car data,4,115.17
14145,Linda Mckenzie,"418 Sutton Villages, New Larryburgh, VI 66499",68292,2024-04-17,57048,central finish,2,349.0
14145,Linda Mckenzie,"418 Sutton Villages, New Larryburgh, VI 66499",68292,2024-04-17,31737,pull idea,5,700.12
14145,Linda Mckenzie,"418 Sutton Villages, New Larryburgh, VI 66499",68292,2024-04-17,62070,firm it,2,709.83
92998,Samantha Delgado,"PSC 6950, Box 8880, APO AP 28767",18924,2024-03-11,41078,break of,1,395.12
92998,Samantha Delgado,"PSC 6950, Box 8880, APO AP 28767",18924,2024-03-11,95733,south interview,1,259.25
92998,Samantha Delgado,"PSC 6950, Box 8880, APO AP 28767",18924,2024-03-11,38980,light together,2,757.42
92998,Samantha Delgado,"PSC 6950, Box 8880, APO AP 28767",9851,2024-03-21,9991,each edge,5,185.47
92998,Samantha Delgado,"PSC 6950, Box 8880, APO AP 28767",9851,2024-03-21,14861,social ahead,5,118.94
21660,Jessica Brooks,"88685 Jennifer Fork Apt. 144, Cassieside, ME 53864",41200,2024-07-30,62170,choice compare,5,506.51
21660,Jessica Brooks,"88685 Jennifer Fork Apt. 144, Cassieside, ME 53864",71923,2024-05-31,79139,administration success,2,378.98
21660,Jessica Brooks,"88685 Jennifer Fork Apt. 144, Cassieside, ME 53864",71923,2024-05-31,7628,call thought,1,671.06
21660,Jessica Brooks,"88685 Jennifer Fork Apt. 144, Cassieside, ME 53864",71923,2024-05-31,84855,fund account,4,216.8
21660,Jessica Brooks,"88685 Jennifer Fork Apt. 144, Cassieside, ME 53864",87857,2024-01-17,57048,central finish,1,349.0
21660,Jessica Brooks,"88685 Jennifer Fork Apt. 144, Cassieside, ME 53864",87857,2024-01-17,22733,seat your,5,790.71
21660,Jessica Brooks,"88685 Jennifer Fork Apt. 144, Cassieside, ME 53864",87857,2024-01-17,52265,international watch,5,110.68
23208,Candice Morales,"74974 Ashley Rest, Loribury, PA 71953",35377,2024-10-20,67406,threat mission,5,181.57
23208,Candice Morales,"74974 Ashley Rest, Loribury, PA 71953",35377,2024-10-20,67406,threat mission,3,181.57
23208,Candice Morales,"74974 Ashley Rest, Loribury, PA 71953",35377,2024-10-20,91241,Republican police,4,442.29
23208,Candice Morales,"74974 Ashley Rest, Loribury, PA 71953",83949,2023-10-24,2649,themselves person,4,382.08
23208,Candice Morales,"74974 Ashley Rest, Loribury, PA 71953",61676,2024-07-02,12041,most easy,5,550.4
28639,Catherine Garrett,"4403 Barbara Causeway Suite 356, New Robertshire, VT 27190",56775,2024-09-24,62170,choice compare,1,506.51
28639,Catherine Garrett,"4403 Barbara Causeway Suite 356, New Robertshire, VT 27190",56775,2024-09-24,62070,firm it,4,709.83
28639,Catherine Garrett,"4403 Barbara Causeway Suite 356, New Robertshire, VT 27190",56775,2024-09-24,4361,follow it,3,328.54
28639,Catherine Garrett,"4403 Barbara Causeway Suite 356, New Robertshire, VT 27190",46972,2024-07-20,2649,themselves person,1,382.08
74358,Jason Young,"67609 Fred Knolls, East Michael, ID 37507",75258,2024-08-26,2649,themselves person,2,382.08
74358,Jason Young,"67609 Fred Knolls, East Michael, ID 37507",75258,2024-08-26,9991,each edge,4,185.47
74358,Jason Young,"67609 Fred Knolls, East Michael, ID 37507",70682,2024-09-06,48648,some onto,2,35.31
74358,Jason Young,"67609 Fred Knolls, East Michael, ID 37507",70682,2024-09-06,7628,call thought,5,671.06
74358,Jason Young,"67609 Fred Knolls, East Michael, ID 37507",55391,2023-11-06,83277,west western,3,882.67
74358,Jason Young,"67609 Fred Knolls, East Michael, ID 37507",55391,2023-11-06,35740,fly catch,4,408.16
74358,Jason Young,"67609 Fred Knolls, East Michael, ID 37507",65332,2024-09-07,35577,tough no,2,41.98
74358,Jason Young,"67609 Fred Knolls, East Michael, ID 37507",65332,2024-09-07,13073,table after,2,92.97
74358,Jason Young,"67609 Fred Knolls, East Michael, ID 37507",65332,2024-09-07,44518,build society,3,303.04
74358,Jason Young,"67609 Fred Knolls, East Michael, ID 37507",49217,2024-06-07,70918,team clear,4,59.7
74358,Jason Young,"67609 Fred Knolls, East Michael, ID 37507",49217,2024-06-07,66984,car data,4,115.17
74358,Jason Young,"67609 Fred Knolls, East Michael, ID 37507",49217,2024-06-07,23504,may somebody,3,223.91
23938,Donna Swanson,"631 Jones Streets Suite 816, Millerview, CT 00946",76293,2024-01-18,27975,make site,4,254.19
23938,Donna Swanson,"631 Jones Streets Suite 816, Millerview, CT 00946",76293,2024-01-18,13189,store daughter,1,150.25
23938,Donna Swanson,"631 Jones Streets Suite 816, Millerview, CT 00946",76293,2024-01-18,13073,table after,4,92.97
23938,Donna Swanson,"631 Jones Streets Suite 816, Millerview, CT 00946",699,2024-01-25,23504,may somebody,2,223.91
23938,Donna Swanson,"631 Jones Streets Suite 816, Millerview, CT 00946",699,2024-01-25,38257,few trade,1,712.15
23938,Donna Swanson,"631 Jones Streets Suite 816, Millerview, CT 00946",4494,2024-05-16,75590,fill condition,3,803.04
40747,Debra Melton,"206 Johnson Keys Suite 013, Julieport, ME 80144",43590,2023-11-16,62170,choice compare,4,506.51
40747,Debra Melton,"206 Johnson Keys Suite 013, Julieport, ME 80144",43590,2023-11-16,9991,each edge,2,185.47
6689,Steven Carr,"2838 Alyssa Drive, Madisonshire, FM 30549",89974,2024-07-31,285,provide friend,2,162.6
6689,Steven Carr,"2838 Alyssa Drive, Madisonshire, FM 30549",76133,2024-04-25,66223,specific serious,1,763.48
6689,Steven Carr,"2838 Alyssa Drive, Madisonshire, FM 30549",97106,2024-10-11,25025,mouth key,1,575.89
6689,Steven Carr,"2838 Alyssa Drive, Madisonshire, FM 30549",45890,2024-06-11,92810,citizen dream,3,876.79
6689,Steven Carr,"2838 Alyssa Drive, Madisonshire, FM 30549",45890,2024-06-11,64717,together system,3,136.24
6689,Steven Carr,"2838 Alyssa Drive, Madisonshire, FM 30549",23393,2024-04-12,83277,west western,5,882.67
21669,Alexander Ward,"USS Waters, FPO AP 73118",13128,2024-02-24,58821,yard identify,2,399.75
21669,Alexander Ward,"USS Waters, FPO AP 73118",13128,2024-02-24,13892,son how,2,889.57
21669,Alexander Ward,"USS Waters, FPO AP 73118",13128,2024-02-24,83277,west western,5,882.67
21669,Alexander Ward,"USS Waters, FPO AP 73118",39804,2024-10-01,70552,blood sister,2,901.46
21669,Alexander Ward,"USS Waters, FPO AP 73118",59761,2024-05-14,64717,together system,3,136.24
79537,Jesse Herman PhD,"307 David Mountain Apt. 046, Maryville, PR 96309",61667,2024-10-08,9868,reduce first,2,882.4
79537,Jesse Herman PhD,"307 David Mountain Apt. 046, Maryville, PR 96309",61667,2024-10-08,34209,new family,3,339.87
78342,Thomas White,"03991 Sara Burgs Suite 069, Ryanhaven, KY 96392",88061,2023-11-21,65859,however group,1,565.77
78342,Thomas White,"03991 Sara Burgs Suite 069, Ryanhaven, KY 96392",88061,2023-11-21,84855,fund account,2,216.8
78342,Thomas White,"03991 Sara Burgs Suite 069, Ryanhaven, KY 96392",65711,2024-09-17,25025,mouth key,3,575.89
78342,Thomas White,"03991 Sara Burgs Suite 069, Ryanhaven, KY 96392",65711,2024-09-17,97994,remain discussion,5,534.48
42864,Ebony Howard,"365 Sara Views, Dianaside, LA 48378",30625,2023-12-19,62335,man series,1,619.45
42864,Ebony Howard,"365 Sara Views, Dianaside, LA 48378",30625,2023-12-19,30630,share particularly,1,646.96
42864,Ebony Howard,"365 Sara Views, Dianaside, LA 48378",30625,2023-12-19,60205,probably character,4,828.78
42864,Ebony Howard,"365 Sara Views, Dianaside, LA 48378",14639,2023-12-17,84927,team allow,3,332.14
42864,Ebony Howard,"365 Sara Views, Dianaside, LA 48378",14639,2023-12-17,73670,government leg,2,838.01
42864,Ebony Howard,"365 Sara Views, Dianaside, LA 48378",14639,2023-12-17,39707,record give,2,271.2
42864,Ebony Howard,"365 Sara Views, Dianaside, LA 48378",82167,2024-07-10,30630,share particularly,4,646.96
42864,Ebony Howard,"365 Sara Views, Dianaside, LA 48378",82167,2024-07-10,95733,south interview,4,259.25
42864,Ebony Howard,"365 Sara Views, Dianaside, LA 48378",57310,2023-12-01,3436,he pattern,5,504.18
42864,Ebony Howard,"365 Sara Views, Dianaside, LA 48378",57310,2023-12-01,87329,worker organization,1,990.26
42864,Ebony Howard,"365 Sara Views, Dianaside, LA 48378",32217,2024-06-20,4361,follow it,2,328.54
88227,Zachary King,"56051 Kevin Orchard, North William, NH 08947",63072,2024-02-14,34209,new family,5,339.87
88227,Zachary King,"56051 Kevin Orchard, North William, NH 08947",63072,2024-02-14,60205,probably character,2,828.78
10433,Hector Nelson,"660 Christopher Forges Apt. 413, Rachelland, RI 94829",11395,2024-04-01,66223,specific serious,4,763.48
10433,Hector Nelson,"660 Christopher Forges Apt. 413, Rachelland, RI 94829",11395,2024-04-01,59794,economic power,1,146.78
10433,Hector Nelson,"660 Christopher Forges Apt. 413, Rachelland, RI 94829",73453,2024-05-04,52265,international watch,5,110.68
22736,Debbie Anderson,"852 Benjamin Meadow Apt. 630, New Lauren, SD 39247",24482,2024-09-17,35577,tough no,5,41.98
22736,Debbie Anderson,"852 Benjamin Meadow Apt. 630, New Lauren, SD 39247",24482,2024-09-17,13073,table after,4,92.97
22736,Debbie Anderson,"852 Benjamin Meadow Apt. 630, New Lauren, SD 39247",24482,2024-09-17,99677,game test,2,780.7
22736,Debbie Anderson,"852 Benjamin Meadow Apt. 630, New Lauren, SD 39247",26323,2024-02-24,3588,collection child,2,52.62
97980,Daniel Greer,"572 Brent Parks, Gregorymouth, IL 97356",14073,2024-04-30,2235,senior work,1,871.17
97980,Daniel Greer,"572 Brent Parks, Gregorymouth, IL 97356",14073,2024-04-30,48648,some onto,2,35.31
13356,David Taylor,"313 Ingram Brooks Apt. 352, Lake Nancyberg, NM 85096",82823,2024-07-24,13433,positive after,5,154.64
13356,David Taylor,"313 Ingram Brooks Apt. 352, Lake Nancyberg, NM 85096",82823,2024-07-24,10729,hotel degree,5,800.46
13356,David Taylor,"313 Ingram Brooks Apt. 352, Lake Nancyberg, NM 85096",82823,2024-07-24,83277,west western,2,882.67
13356,David Taylor,"313 Ingram Brooks Apt. 352, Lake Nancyberg, NM 85096",58775,2023-12-27,66829,indicate glass,1,655.22
13356,David Taylor,"313 Ingram Brooks Apt. 352, Lake Nancyberg, NM 85096",73860,2024-06-24,23419,represent which,1,615.92
13356,David Taylor,"313 Ingram Brooks Apt. 352, Lake Nancyberg, NM 85096",73860,2024-06-24,9991,each edge,3,185.47
13356,David Taylor,"313 Ingram Brooks Apt. 352, Lake Nancyberg, NM 85096",73860,2024-06-24,93476,subject court,5,378.85
13356,David Taylor,"313 Ingram Brooks Apt. 352, Lake Nancyberg, NM 85096",48587,2024-05-17,41230,church always,5,428.98
13356,David Taylor,"313 Ingram Brooks Apt. 352, Lake Nancyberg, NM 85096",48587,2024-05-17,12041,most easy,1,550.4
13356,David Taylor,"313 Ingram Brooks Apt. 352, Lake Nancyberg, NM 85096",48587,2024-05-17,88584,law within,1,851.28
60827,Taylor Williams,"190 Cervantes Parkways, Lake Michaelberg, MA 27632",52040,2024-01-15,84927,team allow,4,332.14
60827,Taylor Williams,"190 Cervantes Parkways, Lake Michaelberg, MA 27632",52040,2024-01-15,75590,fill condition,5,803.04
60827,Taylor Williams,"190 Cervantes Parkways, Lake Michaelberg, MA 27632",52040,2024-01-15,31737,pull idea,5,700.12
60827,Taylor Williams,"190 Cervantes Parkways, Lake Michaelberg, MA 27632",60359,2024-03-30,79139,administration success,5,378.98
60827,Taylor Williams,"190 Cervantes Parkways, Lake Michaelberg, MA 27632",56294,2024-03-04,2235,senior work,5,871.17
60827,Taylor Williams,"190 Cervantes Parkways, Lake Michaelberg, MA 27632",56294,2024-03-04,91472,different state,4,513.47
60827,Taylor Williams,"190 Cervantes Parkways, Lake Michaelberg, MA 27632",56294,2024-03-04,39680,wait phone,2,390.08
60827,Taylor Williams,"190 Cervantes Parkways, Lake Michaelberg, MA 27632",41054,2024-01-31,9868,reduce first,4,882.4
60827,Taylor Williams,"190 Cervantes Parkways, Lake Michaelberg, MA 27632",41054,2024-01-31,7458,could tell,4,311.26
60827,Taylor Williams,"190 Cervantes Parkways, Lake Michaelberg, MA 27632",46987,2024-05-19,4459,admit measure,1,737.28
45194,John Higgins,"0254 Deborah Ford, Lake Ricardochester, IA 75221",70993,2024-01-12,62762,amount seat,4,379.34
45194,John Higgins,"0254 Deborah Ford, Lake Ricardochester, IA 75221",96050,2023-11-21,39707,record give,2,271.2
45194,John Higgins,"0254 Deborah Ford, Lake Ricardochester, IA 75221",69274,2024-06-11,87329,worker organization,1,990.26
45194,John Higgins,"0254 Deborah Ford, Lake Ricardochester, IA 75221",69274,2024-06-11,78574,pretty little,2,275.46
45194,John Higgins,"0254 Deborah Ford, Lake Ricardochester, IA 75221",69274,2024-06-11,91472,different state,5,513.47
35703,Darren Rodriguez,"57143 Christopher Loop, Benjaminchester, NJ 20732",39349,2024-02-29,58821,yard identify,3,399.75
35703,Darren Rodriguez,"57143 Christopher Loop, Benjaminchester, NJ 20732",78963,2024-08-02,30480,area world,1,919.25
35703,Darren Rodriguez,"57143 Christopher Loop, Benjaminchester, NJ 20732",1369,2023-12-19,7628,call thought,2,671.06
35703,Darren Rodriguez,"57143 Christopher Loop, Benjaminchester, NJ 20732",1369,2023-12-19,37001,draw beyond,1,478.75
35703,Darren Rodriguez,"57143 Christopher Loop, Benjaminchester, NJ 20732",58666,2024-03-03,9991,each edge,3,185.47
35703,Darren Rodriguez,"57143 Christopher Loop, Benjaminchester, NJ 20732",58666,2024-03-03,41078,break of,5,395.12
35703,Darren Rodriguez,"57143 Christopher Loop, Benjaminchester, NJ 20732",58666,2024-03-03,85138,same impact,4,638.88
22365,Maria Herrera,"61118 Jillian Causeway, West Brookeberg, PR 88286",91687,2023-11-28,65859,however group,4,565.77
22365,Maria Herrera,"61118 Jillian Causeway, West Brookeberg, PR 88286",91687,2023-11-28,48648,some onto,3,35.31
22365,Maria Herrera,"61118 Jillian Causeway, West Brookeberg, PR 88286",61279,2023-11-13,41078,break of,2,395.12
22365,Maria Herrera,"61118 Jillian Causeway, West Brookeberg, PR 88286",36900,2023-11-02,37001,draw beyond,5,478.75
36662,Elizabeth Crawford,"444 Kara Summit Apt. 272, West Kelly, NJ 19940",35217,2024-06-12,7458,could tell,3,311.26
36662,Elizabeth Crawford,"444 Kara Summit Apt. 272, West Kelly, NJ 19940",35217,2024-06-12,66986,stay away,2,171.66
88537,Timothy Mason,"15842 Rebecca Court, Alexanderside, ID 32788",35507,2024-09-02,84927,team allow,3,332.14
88537,Timothy Mason,"15842 Rebecca Court, Alexanderside, ID 32788",3154,2024-05-09,35618,now suddenly,2,725.87
88537,Timothy Mason,"15842 Rebecca Court, Alexanderside, ID 32788",75128,2023-10-24,88584,law within,3,851.28
88537,Timothy Mason,"15842 Rebecca Court, Alexanderside, ID 32788",75128,2023-10-24,38980,light together,1,757.42
88537,Timothy Mason,"15842 Rebecca Court, Alexanderside, ID 32788",75128,2023-10-24,39707,record give,5,271.2
75311,Cindy Sanchez,"777 Black Curve, Richardshire, WV 53833",19414,2024-04-28,91362,training force,5,640.29
95137,Stephanie Torres,"Unit 2519 Box 9317, DPO AA 20011",21112,2024-04-08,64717,together system,5,136.24
95137,Stephanie Torres,"Unit 2519 Box 9317, DPO AA 20011",21112,2024-04-08,35740,fly catch,5,408.16
40353,Paul Martin,"67197 Kathleen Trafficway, Wardland, AS 39376",49045,2024-02-29,52265,international watch,3,110.68
40353,Paul Martin,"67197 Kathleen Trafficway, Wardland, AS 39376",49045,2024-02-29,38980,light together,4,757.42
40353,Paul Martin,"67197 Kathleen Trafficway, Wardland, AS 39376",49045,2024-02-29,70166,let candidate,3,337.72
40353,Paul Martin,"67197 Kathleen Trafficway, Wardland, AS 39376",23941,2024-01-25,13073,table after,3,92.97
40353,Paul Martin,"67197 Kathleen Trafficway, Wardland, AS 39376",23941,2024-01-25,41078,break of,5,395.12
40353,Paul Martin,"67197 Kathleen Trafficway, Wardland, AS 39376",23941,2024-01-25,85138,same impact,1,638.88
71882,Joann Flores,"56965 Zachary Shores, East Christopher, DE 07118",31904,2024-10-17,44518,build society,2,303.04
71882,Joann Flores,"56965 Zachary Shores, East Christopher, DE 07118",31904,2024-10-17,73670,government leg,4,838.01
71882,Joann Flores,"56965 Zachary Shores, East Christopher, DE 07118",31904,2024-10-17,85138,same impact,2,638.88
71882,Joann Flores,"56965 Zachary Shores, East Christopher, DE 07118",69398,2023-11-30,91241,Republican police,1,442.29
29340,Cameron Boone,"2698 Jennifer Well Apt. 887, Michaelborough, MN 11621",56843,2024-04-26,41230,church always,2,428.98
29340,Cameron Boone,"2698 Jennifer Well Apt. 887, Michaelborough, MN 11621",29776,2023-12-23,10729,hotel degree,4,800.46
29340,Cameron Boone,"2698 Jennifer Well Apt. 887, Michaelborough, MN 11621",29776,2023-12-23,84927,team allow,4,332.14
29340,Cameron Boone,"2698 Jennifer Well Apt. 887, Michaelborough, MN 11621",29776,2023-12-23,74698,activity both,1,912.19
85733,Denise Hughes,"71346 Paul Creek Apt. 686, Hollyside, UT 52297",92950,2024-09-15,70166,let candidate,2,337.72
85733,Denise Hughes,"71346 Paul Creek Apt. 686, Hollyside, UT 52297",92950,2024-09-15,62335,man series,4,619.45
85733,Denise Hughes,"71346 Paul Creek Apt. 686, Hollyside, UT 52297",86187,2024-03-20,25025,mouth key,3,575.89
85733,Denise Hughes,"71346 Paul Creek Apt. 686, Hollyside, UT 52297",81181,2024-05-26,75590,fill condition,3,803.04
83515,Christine Blake,"00967 Sandoval Mount Suite 023, Lunaberg, TN 16132",94155,2024-04-15,91362,training force,1,640.29
83515,Christine Blake,"00967 Sandoval Mount Suite 023, Lunaberg, TN 16132",94155,2024-04-15,38980,light together,4,757.42
83515,Christine Blake,"00967 Sandoval Mount Suite 023, Lunaberg, TN 16132",77830,2024-06-19,22733,seat your,4,790.71
83515,Christine Blake,"00967 Sandoval Mount Suite 023, Lunaberg, TN 16132",77830,2024-06-19,62070,firm it,1,709.83
93560,Christopher Jones,"Unit 9586 Box 4931, DPO AP 91098",61160,2024-01-16,48648,some onto,3,35.31
93560,Christopher Jones,"Unit 9586 Box 4931, DPO AP 91098",61160,2024-01-16,66829,indicate glass,2,655.22
93560,Christopher Jones,"Unit 9586 Box 4931, DPO AP 91098",61160,2024-01-16,285,provide friend,2,162.6
93560,Christopher Jones,"Unit 9586 Box 4931, DPO AP 91098",90075,2024-07-30,85138,same impact,4,638.88
93560,Christopher Jones,"Unit 9586 Box 4931, DPO AP 91098",90075,2024-07-30,66223,specific serious,3,763.48
93560,Christopher Jones,"Unit 9586 Box 4931, DPO AP 91098",62795,2024-08-09,37001,draw beyond,3,478.75
93560,Christopher Jones,"Unit 9586 Box 4931, DPO AP 91098",62795,2024-08-09,37001,draw beyond,2,478.75
82631,Kelly Weaver,"USS Coleman, FPO AP 14754",19138,2024-05-15,37001,draw beyond,3,478.75
82631,Kelly Weaver,"USS Coleman, FPO AP 14754",19138,2024-05-15,35618,now suddenly,1,725.87
82631,Kelly Weaver,"USS Coleman, FPO AP 14754",19138,2024-05-15,78574,pretty little,2,275.46
82631,Kelly Weaver,"USS Coleman, FPO AP 14754",95270,2024-05-05,83277,west western,4,882.67
82631,Kelly Weaver,"USS Coleman, FPO AP 14754",64011,2024-01-11,31238,church interest,2,54.88
82631,Kelly Weaver,"USS Coleman, FPO AP 14754",80600,2024-05-21,88584,law within,5,851.28
82631,Kelly Weaver,"USS Coleman, FPO AP 14754",80600,2024-05-21,31737,pull idea,3,700.12
82631,Kelly Weaver,"USS Coleman, FPO AP 14754",80600,2024-05-21,57048,central finish,5,349.0
90372,Timothy Saunders,"325 Regina Corner Suite 811, Roblesshire, UT 05302",97216,2024-06-14,77235,low nor,4,31.54
90372,Timothy Saunders,"325 Regina Corner Suite 811, Roblesshire, UT 05302",97216,2024-06-14,60205,probably character,2,828.78
90372,Timothy Saunders,"325 Regina Corner Suite 811, Roblesshire, UT 05302",46558,2023-12-13,13189,store daughter,4,150.25
90372,Timothy Saunders,"325 Regina Corner Suite 811, Roblesshire, UT 05302",43691,2024-07-29,60205,probably character,4,828.78
96088,Roger Johnson,"Unit 7078 Box 4072, DPO AE 19870",95687,2023-12-11,87329,worker organization,5,990.26
96088,Roger Johnson,"Unit 7078 Box 4072, DPO AE 19870",95687,2023-12-11,7628,call thought,5,671.06
96088,Roger Johnson,"Unit 7078 Box 4072, DPO AE 19870",95687,2023-12-11,20230,maintain finish,3,37.39
96088,Roger Johnson,"Unit 7078 Box 4072, DPO AE 19870",81387,2023-11-15,62170,choice compare,1,506.51
96088,Roger Johnson,"Unit 7078 Box 4072, DPO AE 19870",78310,2024-08-21,70918,team clear,1,59.7
96088,Roger Johnson,"Unit 7078 Box 4072, DPO AE 19870",78310,2024-08-21,38980,light together,4,757.42
96088,Roger Johnson,"Unit 7078 Box 4072, DPO AE 19870",78310,2024-08-21,68778,rule deal,4,111.08
96088,Roger Johnson,"Unit 7078 Box 4072, DPO AE 19870",83483,2024-06-07,25217,case full,1,221.27
96088,Roger Johnson,"Unit 7078 Box 4072, DPO AE 19870",24874,2024-10-20,49358,west build,2,812.37
96088,Roger Johnson,"Unit 7078 Box 4072, DPO AE 19870",24874,2024-10-20,77235,low nor,2,31.54
94542,Sabrina Holloway,"5963 Gibson Mountains Suite 126, Jesusland, FL 04971",17331,2024-06-07,41078,break of,5,395.12
94542,Sabrina Holloway,"5963 Gibson Mountains Suite 126, Jesusland, FL 04971",17331,2024-06-07,60205,probably character,3,828.78
94542,Sabrina Holloway,"5963 Gibson Mountains Suite 126, Jesusland, FL 04971",46475,2024-10-01,285,provide friend,4,162.6
94542,Sabrina Holloway,"5963 Gibson Mountains Suite 126, Jesusland, FL 04971",46475,2024-10-01,13433,positive after,3,154.64
94542,Sabrina Holloway,"5963 Gibson Mountains Suite 126, Jesusland, FL 04971",46475,2024-10-01,37001,draw beyond,1,478.75
79231,Roberta Martinez,"0047 Laura Skyway Apt. 390, Jonesshire, MI 59068",94854,2024-03-24,41230,church always,2,428.98
79231,Roberta Martinez,"0047 Laura Skyway Apt. 390, Jonesshire, MI 59068",84509,2024-09-29,68778,rule deal,3,111.08
79231,Roberta Martinez,"0047 Laura Skyway Apt. 390, Jonesshire, MI 59068",84509,2024-09-29,2235,senior work,1,871.17
47226,David Green,"21860 Johnson Mountains, Ryanburgh, HI 15614",83725,2023-11-18,79139,administration success,1,378.98
47226,David Green,"21860 Johnson Mountains, Ryanburgh, HI 15614",83725,2023-11-18,29397,level visit,3,346.42
47226,David Green,"21860 Johnson Mountains, Ryanburgh, HI 15614",3014,2024-06-28,25025,mouth key,5,575.89
47226,David Green,"21860 Johnson Mountains, Ryanburgh, HI 15614",3014,2024-06-28,66984,car data,5,115.17
47226,David Green,"21860 Johnson Mountains, Ryanburgh, HI 15614",3014,2024-06-28,67406,threat mission,5,181.57
25928,Samantha Shepherd,"19407 Silva Corner Suite 458, Sharonhaven, NY 28589",1060,2023-11-24,35740,fly catch,5,408.16
25928,Samantha Shepherd,"19407 Silva Corner Suite 458, Sharonhaven, NY 28589",29473,2024-07-12,13189,store daughter,4,150.25
25928,Samantha Shepherd,"19407 Silva Corner Suite 458, Sharonhaven, NY 28589",94146,2024-04-28,66986,stay away,5,171.66
25928,Samantha Shepherd,"19407 Silva Corner Suite 458, Sharonhaven, NY 28589",94146,2024-04-28,31737,pull idea,4,700.12
25928,Samantha Shepherd,"19407 Silva Corner Suite 458, Sharonhaven, NY 28589",70876,2024-07-06,91472,different state,3,513.47
25928,Samantha Shepherd,"19407 Silva Corner Suite 458, Sharonhaven, NY 28589",70876,2024-07-06,2235,senior work,1,871.17
25928,Samantha Shepherd,"19407 Silva Corner Suite 458, Sharonhaven, NY 28589",19481,2024-06-22,22733,seat your,2,790.71
25928,Samantha Shepherd,"19407 Silva Corner Suite 458, Sharonhaven, NY 28589",19481,2024-06-22,97994,remain discussion,1,534.48
25928,Samantha Shepherd,"19407 Silva Corner Suite 458, Sharonhaven, NY 28589",19481,2024-06-22,67406,threat mission,1,181.57
75860,Jennifer Henderson,"96440 Brian Crossroad, South Sierra, AK 43078",58374,2024-07-11,67406,threat mission,4,181.57
75860,Jennifer Henderson,"96440 Brian Crossroad, South Sierra, AK 43078",58374,2024-07-11,91472,different state,5,513.47
75860,Jennifer Henderson,"96440 Brian Crossroad, South Sierra, AK 43078",58374,2024-07-11,27975,make site,5,254.19
75860,Jennifer Henderson,"96440 Brian Crossroad, South Sierra, AK 43078",2565,2024-01-24,68778,rule deal,3,111.08
75860,Jennifer Henderson,"96440 Brian Crossroad, South Sierra, AK 43078",2565,2024-01-24,13189,store daughter,3,150.25
92748,Rachel Howard,"96557 Thomas Lakes, West Davidport, PA 50348",71009,2024-09-06,22733,seat your,1,790.71
92748,Rachel Howard,"96557 Thomas Lakes, West Davidport, PA 50348",71009,2024-09-06,27975,make site,3,254.19
92748,Rachel Howard,"96557 Thomas Lakes, West Davidport, PA 50348",71009,2024-09-06,13073,table after,3,92.97
7090,Jason Rose,"2872 Velez Fort, North Jeffrey, AR 17063",3851,2024-02-21,10729,hotel degree,3,800.46
7090,Jason Rose,"2872 Velez Fort, North Jeffrey, AR 17063",71571,2024-10-21,41230,church always,3,428.98
80637,Joshua Ellis,"Unit 9976 Box 8583, DPO AA 30599",9467,2024-04-13,35577,tough no,1,41.98
50153,Monique Davis,"92703 Long Circle Apt. 462, Turnerburgh, AZ 43196",12235,2024-02-21,93476,subject court,3,378.85
50153,Monique Davis,"92703 Long Circle Apt. 462, Turnerburgh, AZ 43196",12235,2024-02-21,22733,seat your,3,790.71
50153,Monique Davis,"92703 Long Circle Apt. 462, Turnerburgh, AZ 43196",23067,2023-11-22,3436,he pattern,3,504.18
50153,Monique Davis,"92703 Long Circle Apt. 462, Turnerburgh, AZ 43196",6040,2024-10-12,66986,stay away,4,171.66
50153,Monique Davis,"92703 Long Circle Apt. 462, Turnerburgh, AZ 43196",6040,2024-10-12,10729,hotel degree,3,800.46
50153,Monique Davis,"92703 Long Circle Apt. 462, Turnerburgh, AZ 43196",57825,2023-12-24,66986,stay away,5,171.66
63456,Rachel Schwartz,"3263 Johnson Dale Suite 906, Princeside, MP 42598",71784,2024-08-16,39680,wait phone,2,390.08
63456,Rachel Schwartz,"3263 Johnson Dale Suite 906, Princeside, MP 42598",71784,2024-08-16,98054,if top,2,973.01
63456,Rachel Schwartz,"3263 Johnson Dale Suite 906, Princeside, MP 42598",20871,2024-08-05,30480,area world,5,919.25
7897,David Brewer,"3194 Regina View, West Christinaland, AL 37558",6460,2023-12-19,1025,against return,4,307.44
7897,David Brewer,"3194 Regina View, West Christinaland, AL 37558",6460,2023-12-19,13189,store daughter,3,150.25
7897,David Brewer,"3194 Regina View, West Christinaland, AL 37558",52845,2023-11-12,13189,store daughter,5,150.25
7897,David Brewer,"3194 Regina View, West Christinaland, AL 37558",52845,2023-11-12,4080,reach physical,3,879.22
7897,David Brewer,"3194 Regina View, West Christinaland, AL 37558",99120,2024-07-17,88584,law within,2,851.28
7897,David Brewer,"3194 Regina View, West Christinaland, AL 37558",437,2024-06-14,29940,cause here,3,967.4
7897,David Brewer,"3194 Regina View, West Christinaland, AL 37558",437,2024-06-14,83277,west western,1,882.67
7897,David Brewer,"3194 Regina View, West Christinaland, AL 37558",10762,2024-09-17,4459,admit measure,4,737.28
25263,Brian Flores,"732 Wood Square Apt. 225, Deannaview, NM 82092",68629,2023-12-23,83277,west western,3,882.67
25263,Brian Flores,"732 Wood Square Apt. 225, Deannaview, NM 82092",68629,2023-12-23,60947,front letter,4,793.46
25263,Brian Flores,"732 Wood Square Apt. 225, Deannaview, NM 82092",90837,2024-10-21,38257,few trade,2,712.15
25263,Brian Flores,"732 Wood Square Apt. 225, Deannaview, NM 82092",90837,2024-10-21,66986,stay away,5,171.66
25263,Brian Flores,"732 Wood Square Apt. 225, Deannaview, NM 82092",5736,2023-12-05,1025,against return,1,307.44
89814,Dean Garcia,"795 Antonio Square Suite 063, East Michelleton, MA 09128",50842,2024-03-17,92810,citizen dream,1,876.79
89814,Dean Garcia,"795 Antonio Square Suite 063, East Michelleton, MA 09128",12286,2024-03-26,13433,positive after,4,154.64
89814,Dean Garcia,"795 Antonio Square Suite 063, East Michelleton, MA 09128",12286,2024-03-26,37001,draw beyond,5,478.75
89814,Dean Garcia,"795 Antonio Square Suite 063, East Michelleton, MA 09128",85054,2024-01-30,93476,subject court,4,378.85
89814,Dean Garcia,"795 Antonio Square Suite 063, East Michelleton, MA 09128",85054,2024-01-30,84927,team allow,2,332.14
89814,Dean Garcia,"795 Antonio Square Suite 063, East Michelleton, MA 09128",53535,2024-03-28,10729,hotel degree,2,800.46
29536,Craig Hughes,"932 Richard Station, Michealberg, OH 50213",63198,2023-11-16,27975,make site,1,254.19
29536,Craig Hughes,"932 Richard Station, Michealberg, OH 50213",63198,2023-11-16,62170,choice compare,1,506.51
56630,Amy Ray,"350 Tyrone Corners, South Jamiefort, TN 91079",1527,2024-05-11,37534,dark few,4,290.77
56630,Amy Ray,"350 Tyrone Corners, South Jamiefort, TN 91079",62430,2024-07-11,74698,activity both,2,912.19
56630,Amy Ray,"350 Tyrone Corners, South Jamiefort, TN 91079",72149,2023-12-02,68778,rule deal,3,111.08
56630,Amy Ray,"350 Tyrone Corners, South Jamiefort, TN 91079",72149,2023-12-02,23419,represent which,3,615.92
56630,Amy Ray,"350 Tyrone Corners, South Jamiefort, TN 91079",72149,2023-12-02,44518,build society,1,303.04
56630,Amy Ray,"350 Tyrone Corners, South Jamiefort, TN 91079",87713,2024-09-10,12041,most easy,2,550.4
56630,Amy Ray,"350 Tyrone Corners, South Jamiefort, TN 91079",87713,2024-09-10,4459,admit measure,3,737.28
56630,Amy Ray,"350 Tyrone Corners, South Jamiefort, TN 91079",87713,2024-09-10,66986,stay away,5,171.66
95918,Steven Lucas,"PSC 6823, Box 2767, APO AA 79232",84073,2023-12-30,52265,international watch,4,110.68
95918,Steven Lucas,"PSC 6823, Box 2767, APO AA 79232",61635,2024-02-04,87329,worker organization,5,990.26
95918,Steven Lucas,"PSC 6823, Box 2767, APO AA 79232",61635,2024-02-04,3436,he pattern,1,504.18
95918,Steven Lucas,"PSC 6823, Box 2767, APO AA 79232",61635,2024-02-04,58821,yard identify,5,399.75
95918,Steven Lucas,"PSC 6823, Box 2767, APO AA 79232",95036,2024-05-25,3588,collection child,3,52.62
95918,Steven Lucas,"PSC 6823, Box 2767, APO AA 79232",95036,2024-05-25,60205,probably character,4,828.78
95918,Steven Lucas,"PSC 6823, Box 2767, APO AA 79232",22203,2024-02-20,20230,maintain finish,4,37.39
95918,Steven Lucas,"PSC 6823, Box 2767, APO AA 79232",22203,2024-02-20,99467,entire clear,1,168.62
95918,Steven Lucas,"PSC 6823, Box 2767, APO AA 79232",22203,2024-02-20,35618,now suddenly,3,725.87
64407,Brian Bennett,"33498 Kramer Neck Apt. 999, New Pamela, OK 91501",48453,2024-02-26,87329,worker organization,4,990.26
51625,Nancy Harrison,"USCGC Griffith, FPO AE 22180",63262,2024-08-09,60205,probably character,5,828.78
51625,Nancy Harrison,"USCGC Griffith, FPO AE 22180",63262,2024-08-09,57048,central finish,2,349.0
51625,Nancy Harrison,"USCGC Griffith, FPO AE 22180",63262,2024-08-09,91362,training force,5,640.29
83343,Richard Farley,"67532 Wilson Rapid Suite 922, Williamstad, NJ 58758",63983,2024-01-12,2649,themselves person,1,382.08
83343,Richard Farley,"67532 Wilson Rapid Suite 922, Williamstad, NJ 58758",34696,2024-03-11,99677,game test,3,780.7
83343,Richard Farley,"67532 Wilson Rapid Suite 922, Williamstad, NJ 58758",8007,2023-12-26,30630,share particularly,4,646.96
83343,Richard Farley,"67532 Wilson Rapid Suite 922, Williamstad, NJ 58758",8007,2023-12-26,2235,senior work,2,871.17
83343,Richard Farley,"67532 Wilson Rapid Suite 922, Williamstad, NJ 58758",82028,2024-06-15,37001,draw beyond,2,478.75
83343,Richard Farley,"67532 Wilson Rapid Suite 922, Williamstad, NJ 58758",82028,2024-06-15,89010,state since,1,773.88
83343,Richard Farley,"67532 Wilson Rapid Suite 922, Williamstad, NJ 58758",82028,2024-06-15,7628,call thought,2,671.06
33425,Diane Brown,"164 Smith Drives, Cassiefort, SC 69372",66434,2023-11-24,62762,amount seat,1,379.34
33425,Diane Brown,"164 Smith Drives, Cassiefort, SC 69372",66434,2023-11-24,3588,collection child,1,52.62
33425,Diane Brown,"164 Smith Drives, Cassiefort, SC 69372",66434,2023-11-24,4459,admit measure,4,737.28
33425,Diane Brown,"164 Smith Drives, Cassiefort, SC 69372",36640,2023-11-01,29940,cause here,2,967.4
33425,Diane Brown,"164 Smith Drives, Cassiefort, SC 69372",36640,2023-11-01,57048,central finish,5,349.0
33425,Diane Brown,"164 Smith Drives, Cassiefort, SC 69372",78187,2023-12-27,37534,dark few,1,290.77
33425,Diane Brown,"164 Smith Drives, Cassiefort, SC 69372",78187,2023-12-27,91241,Republican police,3,442.29
33425,Diane Brown,"164 Smith Drives, Cassiefort, SC 69372",78187,2023-12-27,24491,friend senior,3,785.53
33425,Diane Brown,"164 Smith Drives, Cassiefort, SC 69372",46695,2023-11-26,31238,church interest,2,54.88
18428,Jeffrey Santos,"65886 Miller Vista Apt. 540, Justinbury, NJ 50089",71794,2024-02-15,9991,each edge,2,185.47
18428,Jeffrey Santos,"65886 Miller Vista Apt. 540, Justinbury, NJ 50089",71794,2024-02-15,31238,church interest,1,54.88
29662,Kristin Woods,"939 Frazier Passage Suite 218, Jonesville, TN 80901",28547,2024-06-12,98054,if top,4,973.01
29662,Kristin Woods,"939 Frazier Passage Suite 218, Jonesville, TN 80901",28547,2024-06-12,49358,west build,2,812.37
29662,Kristin Woods,"939 Frazier Passage Suite 218, Jonesville, TN 80901",28547,2024-06-12,37001,draw beyond,5,478.75
29662,Kristin Woods,"939 Frazier Passage Suite 218, Jonesville, TN 80901",2897,2023-11-28,62335,man series,4,619.45
29662,Kristin Woods,"939 Frazier Passage Suite 218, Jonesville, TN 80901",2897,2023-11-28,78574,pretty little,3,275.46
29662,Kristin Woods,"939 Frazier Passage Suite 218, Jonesville, TN 80901",31429,2024-10-06,60947,front letter,1,793.46
29662,Kristin Woods,"939 Frazier Passage Suite 218, Jonesville, TN 80901",31429,2024-10-06,3588,collection child,2,52.62
29662,Kristin Woods,"939 Frazier Passage Suite 218, Jonesville, TN 80901",1803,2024-05-17,1025,against return,1,307.44
29662,Kristin Woods,"939 Frazier Passage Suite 218, Jonesville, TN 80901",1803,2024-05-17,1025,against return,2,307.44
29662,Kristin Woods,"939 Frazier Passage Suite 218, Jonesville, TN 80901",1803,2024-05-17,66223,specific serious,4,763.48
29662,Kristin Woods,"939 Frazier Passage Suite 218, Jonesville, TN 80901",48415,2024-01-23,27975,make site,5,254.19
29662,Kristin Woods,"939 Frazier Passage Suite 218, Jonesville, TN 80901",48415,2024-01-23,91241,Republican police,4,442.29
29662,Kristin Woods,"939 Frazier Passage Suite 218, Jonesville, TN 80901",48415,2024-01-23,87329,worker organization,5,990.26
50698,Hunter Lutz,"94923 Andrew Fort, Westbury, WV 48348",1383,2024-09-27,285,provide friend,4,162.6
50698,Hunter Lutz,"94923 Andrew Fort, Westbury, WV 48348",1383,2024-09-27,34209,new family,2,339.87
41351,Seth Stout,"707 Eric Inlet Apt. 505, New Joseph, MO 21043",57662,2024-05-06,31238,church interest,4,54.88
41351,Seth Stout,"707 Eric Inlet Apt. 505, New Joseph, MO 21043",57662,2024-05-06,2235,senior work,5,871.17
41351,Seth Stout,"707 Eric Inlet Apt. 505, New Joseph, MO 21043",87001,2024-07-26,91241,Republican police,5,442.29
41351,Seth Stout,"707 Eric Inlet Apt. 505, New Joseph, MO 21043",87001,2024-07-26,13073,table after,4,92.97
80118,Christina Riddle,"43052 Ortiz Points, Hernandezchester, ME 92743",80646,2024-06-17,20230,maintain finish,5,37.39
80118,Christina Riddle,"43052 Ortiz Points, Hernandezchester, ME 92743",80646,2024-06-17,4361,follow it,4,328.54
80118,Christina Riddle,"43052 Ortiz Points, Hernandezchester, ME 92743",80646,2024-06-17,70552,blood sister,3,901.46
80118,Christina Riddle,"43052 Ortiz Points, Hernandezchester, ME 92743",14355,2024-01-12,35740,fly catch,5,408.16
80118,Christina Riddle,"43052 Ortiz Points, Hernandezchester, ME 92743",6080,2024-04-02,38257,few trade,3,712.15
80118,Christina Riddle,"43052 Ortiz Points, Hernandezchester, ME 92743",9012,2024-08-09,98054,if top,1,973.01
69006,Erica Jones,"385 Mccoy Prairie Suite 420, New Jaclynview, AL 47196",88628,2024-05-03,62170,choice compare,2,506.51
69006,Erica Jones,"385 Mccoy Prairie Suite 420, New Jaclynview, AL 47196",21830,2024-02-10,39707,record give,1,271.2
69006,Erica Jones,"385 Mccoy Prairie Suite 420, New Jaclynview, AL 47196",21830,2024-02-10,84927,team allow,2,332.14
69006,Erica Jones,"385 Mccoy Prairie Suite 420, New Jaclynview, AL 47196",21830,2024-02-10,29397,level visit,5,346.42
69006,Erica Jones,"385 Mccoy Prairie Suite 420, New Jaclynview, AL 47196",11434,2024-09-21,12041,most easy,1,550.4
69006,Erica Jones,"385 Mccoy Prairie Suite 420, New Jaclynview, AL 47196",74685,2023-11-23,3436,he pattern,5,504.18
69006,Erica Jones,"385 Mccoy Prairie Suite 420, New Jaclynview, AL 47196",74685,2023-11-23,30480,area world,4,919.25
49609,Geoffrey Cole,"627 Adam Port Suite 477, Lake Joshua, AL 07021",34387,2024-05-21,53539,radio develop,3,458.26
49609,Geoffrey Cole,"627 Adam Port Suite 477, Lake Joshua, AL 07021",34387,2024-05-21,25025,mouth key,5,575.89
49609,Geoffrey Cole,"627 Adam Port Suite 477, Lake Joshua, AL 07021",34387,2024-05-21,73670,government leg,2,838.01
49609,Geoffrey Cole,"627 Adam Port Suite 477, Lake Joshua, AL 07021",46451,2024-08-08,13073,table after,4,92.97
49609,Geoffrey Cole,"627 Adam Port Suite 477, Lake Joshua, AL 07021",46451,2024-08-08,93476,subject court,4,378.85
49609,Geoffrey Cole,"627 Adam Port Suite 477, Lake Joshua, AL 07021",5181,2024-04-11,52265,international watch,1,110.68
49609,Geoffrey Cole,"627 Adam Port Suite 477, Lake Joshua, AL 07021",81393,2023-11-13,59794,economic power,2,146.78
93603,Nancy Finley,"10996 Ryan Curve, North Shannon, MI 21664",36486,2024-07-02,66986,stay away,4,171.66
61852,Susan Martin,"02173 Lisa Lane, Hodgesshire, PR 48017",9774,2024-08-12,20230,maintain finish,5,37.39
61852,Susan Martin,"02173 Lisa Lane, Hodgesshire, PR 48017",9774,2024-08-12,29940,cause here,4,967.4
61852,Susan Martin,"02173 Lisa Lane, Hodgesshire, PR 48017",85226,2024-07-03,22733,seat your,2,790.71
61852,Susan Martin,"02173 Lisa Lane, Hodgesshire, PR 48017",85226,2024-07-03,91241,Republican police,1,442.29
61852,Susan Martin,"02173 Lisa Lane, Hodgesshire, PR 48017",85226,2024-07-03,44214,himself world,4,597.5
61852,Susan Martin,"02173 Lisa Lane, Hodgesshire, PR 48017",1638,2024-07-01,7458,could tell,1,311.26
61852,Susan Martin,"02173 Lisa Lane, Hodgesshire, PR 48017",87372,2024-03-28,41230,church always,4,428.98
61852,Susan Martin,"02173 Lisa Lane, Hodgesshire, PR 48017",87372,2024-03-28,7458,could tell,5,311.26
61852,Susan Martin,"02173 Lisa Lane, Hodgesshire, PR 48017",87372,2024-03-28,25217,case full,1,221.27
61852,Susan Martin,"02173 Lisa Lane, Hodgesshire, PR 48017",86033,2024-03-09,70166,let candidate,3,337.72
61852,Susan Martin,"02173 Lisa Lane, Hodgesshire, PR 48017",86033,2024-03-09,20230,maintain finish,1,37.39
61852,Susan Martin,"02173 Lisa Lane, Hodgesshire, PR 48017",86033,2024-03-09,13892,son how,1,889.57
51623,Scott Brown,"4954 Fletcher Pine Apt. 520, West Timothy, VI 25908",13812,2024-10-13,9868,reduce first,4,882.4
51623,Scott Brown,"4954 Fletcher Pine Apt. 520, West Timothy, VI 25908",79670,2024-01-17,62762,amount seat,2,379.34
51623,Scott Brown,"4954 Fletcher Pine Apt. 520, West Timothy, VI 25908",79670,2024-01-17,14861,social ahead,1,118.94
12961,Kyle Baker,"71272 Judy Gateway Suite 005, East Cindyfurt, CA 86650",56176,2024-01-08,99677,game test,1,780.7
12961,Kyle Baker,"71272 Judy Gateway Suite 005, East Cindyfurt, CA 86650",56176,2024-01-08,92810,citizen dream,4,876.79
99239,Megan Dodson,"3885 Kelly Camp, Rebeccatown, MH 39271",87184,2024-02-22,83028,impact reach,2,880.32
99239,Megan Dodson,"3885 Kelly Camp, Rebeccatown, MH 39271",87184,2024-02-22,23419,represent which,1,615.92
99239,Megan Dodson,"3885 Kelly Camp, Rebeccatown, MH 39271",87184,2024-02-22,93476,subject court,1,378.85
99239,Megan Dodson,"3885 Kelly Camp, Rebeccatown, MH 39271",86944,2024-02-25,39680,wait phone,3,390.08
99239,Megan Dodson,"3885 Kelly Camp, Rebeccatown, MH 39271",86944,2024-02-25,23504,may somebody,1,223.91
99239,Megan Dodson,"3885 Kelly Camp, Rebeccatown, MH 39271",59161,2024-07-11,23504,may somebody,1,223.91
99239,Megan Dodson,"3885 Kelly Camp, Rebeccatown, MH 39271",59161,2024-07-11,39707,record give,2,271.2
27323,Melissa Taylor,"4607 Jacqueline Loaf, North Anthony, CT 62874",17342,2024-08-29,74698,activity both,3,912.19
27323,Melissa Taylor,"4607 Jacqueline Loaf, North Anthony, CT 62874",17342,2024-08-29,2235,senior work,3,871.17
27323,Melissa Taylor,"4607 Jacqueline Loaf, North Anthony, CT 62874",93350,2024-03-17,285,provide friend,3,162.6
27323,Melissa Taylor,"4607 Jacqueline Loaf, North Anthony, CT 62874",57146,2024-05-03,31238,church interest,2,54.88
27323,Melissa Taylor,"4607 Jacqueline Loaf, North Anthony, CT 62874",57146,2024-05-03,60947,front letter,1,793.46
85000,April Jones,"897 Jessica Meadow Apt. 578, Ryanville, SC 81312",57007,2024-06-14,35740,fly catch,1,408.16
85000,April Jones,"897 Jessica Meadow Apt. 578, Ryanville, SC 81312",57007,2024-06-14,4361,follow it,3,328.54
85000,April Jones,"897 Jessica Meadow Apt. 578, Ryanville, SC 81312",57007,2024-06-14,93476,subject court,2,378.85
85000,April Jones,"897 Jessica Meadow Apt. 578, Ryanville, SC 81312",90188,2024-08-29,35577,tough no,2,41.98
85000,April Jones,"897 Jessica Meadow Apt. 578, Ryanville, SC 81312",90188,2024-08-29,7458,could tell,3,311.26
85000,April Jones,"897 Jessica Meadow Apt. 578, Ryanville, SC 81312",90188,2024-08-29,70552,blood sister,3,901.46
85000,April Jones,"897 Jessica Meadow Apt. 578, Ryanville, SC 81312",29955,2024-01-02,62335,man series,1,619.45
85000,April Jones,"897 Jessica Meadow Apt. 578, Ryanville, SC 81312",29955,2024-01-02,2235,senior work,5,871.17
85000,April Jones,"897 Jessica Meadow Apt. 578, Ryanville, SC 81312",29955,2024-01-02,29397,level visit,5,346.42
37471,Stephen Haynes,"PSC 0131, Box 6121, APO AE 61376",47345,2024-01-07,98054,if top,5,973.01
37471,Stephen Haynes,"PSC 0131, Box 6121, APO AE 61376",47345,2024-01-07,3436,he pattern,3,504.18
37471,Stephen Haynes,"PSC 0131, Box 6121, APO AE 61376",43845,2024-07-12,75590,fill condition,1,803.04
37471,Stephen Haynes,"PSC 0131, Box 6121, APO AE 61376",43845,2024-07-12,13073,table after,5,92.97
37471,Stephen Haynes,"PSC 0131, Box 6121, APO AE 61376",62525,2024-10-10,67406,threat mission,4,181.57
37471,Stephen Haynes,"PSC 0131, Box 6121, APO AE 61376",74553,2024-01-08,62170,choice compare,2,506.51
37471,Stephen Haynes,"PSC 0131, Box 6121, APO AE 61376",74553,2024-01-08,37001,draw beyond,4,478.75
37471,Stephen Haynes,"PSC 0131, Box 6121, APO AE 61376",74553,2024-01-08,91241,Republican police,3,442.29
58614,Richard Torres,"8577 Carey Stream Suite 324, Port John, KY 66949",61865,2024-03-22,53539,radio develop,1,458.26
58614,Richard Torres,"8577 Carey Stream Suite 324, Port John, KY 66949",61865,2024-03-22,25025,mouth key,3,575.89
58614,Richard Torres,"8577 Carey Stream Suite 324, Port John, KY 66949",61865,2024-03-22,59794,economic power,5,146.78
33763,Gina Russo,"843 Jeffrey Radial, Suttonburgh, CO 48933",88314,2024-07-30,84927,team allow,1,332.14
33763,Gina Russo,"843 Jeffrey Radial, Suttonburgh, CO 48933",88314,2024-07-30,92810,citizen dream,4,876.79
33763,Gina Russo,"843 Jeffrey Radial, Suttonburgh, CO 48933",88314,2024-07-30,27975,make site,2,254.19
33763,Gina Russo,"843 Jeffrey Radial, Suttonburgh, CO 48933",51687,2024-04-14,85138,same impact,4,638.88
33763,Gina Russo,"843 Jeffrey Radial, Suttonburgh, CO 48933",51687,2024-04-14,87329,worker organization,1,990.26
33763,Gina Russo,"843 Jeffrey Radial, Suttonburgh, CO 48933",56719,2024-03-09,52265,international watch,2,110.68
33763,Gina Russo,"843 Jeffrey Radial, Suttonburgh, CO 48933",56719,2024-03-09,25217,case full,5,221.27
33763,Gina Russo,"843 Jeffrey Radial, Suttonburgh, CO 48933",56719,2024-03-09,77235,low nor,1,31.54
26355,Sarah Mason,"238 Murray Stream, North Micheal, MS 89672",9482,2024-08-07,20230,maintain finish,4,37.39
26355,Sarah Mason,"238 Murray Stream, North Micheal, MS 89672",9482,2024-08-07,7628,call thought,1,671.06
26355,Sarah Mason,"238 Murray Stream, North Micheal, MS 89672",9482,2024-08-07,3436,he pattern,5,504.18
26355,Sarah Mason,"238 Murray Stream, North Micheal, MS 89672",26756,2023-11-05,91362,training force,4,640.29
26355,Sarah Mason,"238 Murray Stream, North Micheal, MS 89672",26756,2023-11-05,24491,friend senior,2,785.53
26355,Sarah Mason,"238 Murray Stream, North Micheal, MS 89672",26756,2023-11-05,14861,social ahead,3,118.94
89317,Tyler Mccann,"32490 Richmond Mountain, Royborough, FL 20679",51377,2024-03-08,24491,friend senior,3,785.53
89317,Tyler Mccann,"32490 Richmond Mountain, Royborough, FL 20679",51377,2024-03-08,44518,build society,4,303.04
89317,Tyler Mccann,"32490 Richmond Mountain, Royborough, FL 20679",51377,2024-03-08,91241,Republican police,1,442.29
89317,Tyler Mccann,"32490 Richmond Mountain, Royborough, FL 20679",73309,2024-07-13,5537,why day,3,432.56
89317,Tyler Mccann,"32490 Richmond Mountain, Royborough, FL 20679",73309,2024-07-13,4080,reach physical,2,879.22
89317,Tyler Mccann,"32490 Richmond Mountain, Royborough, FL 20679",73309,2024-07-13,7628,call thought,1,671.06
89317,Tyler Mccann,"32490 Richmond Mountain, Royborough, FL 20679",83500,2024-08-11,67406,threat mission,5,181.57
89317,Tyler Mccann,"32490 Richmond Mountain, Royborough, FL 20679",83500,2024-08-11,1025,against return,5,307.44
89317,Tyler Mccann,"32490 Richmond Mountain, Royborough, FL 20679",59027,2024-02-24,87329,worker organization,1,990.26
89317,Tyler Mccann,"32490 Richmond Mountain, Royborough, FL 20679",59027,2024-02-24,84855,fund account,1,216.8
89317,Tyler Mccann,"32490 Richmond Mountain, Royborough, FL 20679",37096,2024-10-20,31737,pull idea,1,700.12
36722,Jordan Henson,"61770 Torres Rue, New Kathleenfort, NY 48498",81075,2024-06-12,3588,collection child,5,52.62
36722,Jordan Henson,"61770 Torres Rue, New Kathleenfort, NY 48498",26615,2023-11-15,79139,administration success,2,378.98
36722,Jordan Henson,"61770 Torres Rue, New Kathleenfort, NY 48498",26615,2023-11-15,30480,area world,4,919.25
36722,Jordan Henson,"61770 Torres Rue, New Kathleenfort, NY 48498",26615,2023-11-15,2649,themselves person,4,382.08
36722,Jordan Henson,"61770 Torres Rue, New Kathleenfort, NY 48498",60418,2024-09-09,62335,man series,1,619.45
36722,Jordan Henson,"61770 Torres Rue, New Kathleenfort, NY 48498",60418,2024-09-09,78574,pretty little,1,275.46
36722,Jordan Henson,"61770 Torres Rue, New Kathleenfort, NY 48498",61285,2024-03-15,83277,west western,3,882.67
36722,Jordan Henson,"61770 Torres Rue, New Kathleenfort, NY 48498",61285,2024-03-15,91241,Republican police,1,442.29
52707,Rebecca Miles,"8423 Andrew Heights, East Mandy, NH 81560",66402,2023-10-29,66986,stay away,2,171.66
52707,Rebecca Miles,"8423 Andrew Heights, East Mandy, NH 81560",66402,2023-10-29,13433,positive after,3,154.64
52707,Rebecca Miles,"8423 Andrew Heights, East Mandy, NH 81560",33281,2024-05-17,5537,why day,2,432.56
92946,Eugene Arnold,"76653 Scott Mills Suite 842, Elizabethborough, MD 09777",53245,2024-09-23,75590,fill condition,3,803.04
92946,Eugene Arnold,"76653 Scott Mills Suite 842, Elizabethborough, MD 09777",53245,2024-09-23,4459,admit measure,2,737.28
92946,Eugene Arnold,"76653 Scott Mills Suite 842, Elizabethborough, MD 09777",53245,2024-09-23,75590,fill condition,2,803.04
92946,Eugene Arnold,"76653 Scott Mills Suite 842, Elizabethborough, MD 09777",58031,2024-09-04,62170,choice compare,4,506.51
92946,Eugene Arnold,"76653 Scott Mills Suite 842, Elizabethborough, MD 09777",58031,2024-09-04,13073,table after,4,92.97
92946,Eugene Arnold,"76653 Scott Mills Suite 842, Elizabethborough, MD 09777",58031,2024-09-04,12041,most easy,1,550.4
92946,Eugene Arnold,"76653 Scott Mills Suite 842, Elizabethborough, MD 09777",47531,2024-08-20,34209,new family,3,339.87
92946,Eugene Arnold,"76653 Scott Mills Suite 842, Elizabethborough, MD 09777",47531,2024-08-20,13073,table after,5,92.97
52602,Amanda Ramirez,"2803 Perkins Pine, East Andrew, MA 02872",51469,2024-09-15,12041,most easy,3,550.4
78745,Richard Velasquez,"402 Misty Burg, East Kathystad, WY 18274",19556,2024-01-08,58821,yard identify,4,399.75
78745,Richard Velasquez,"402 Misty Burg, East Kathystad, WY 18274",19556,2024-01-08,4459,admit measure,3,737.28
78745,Richard Velasquez,"402 Misty Burg, East Kathystad, WY 18274",19556,2024-01-08,9991,each edge,2,185.47
78745,Richard Velasquez,"402 Misty Burg, East Kathystad, WY 18274",91606,2024-08-31,23419,represent which,3,615.92
78745,Richard Velasquez,"402 Misty Burg, East Kathystad, WY 18274",91606,2024-08-31,13892,son how,4,889.57
78745,Richard Velasquez,"402 Misty Burg, East Kathystad, WY 18274",91606,2024-08-31,10729,hotel degree,3,800.46
78745,Richard Velasquez,"402 Misty Burg, East Kathystad, WY 18274",9981,2024-05-10,25025,mouth key,5,575.89
78745,Richard Velasquez,"402 Misty Burg, East Kathystad, WY 18274",9981,2024-05-10,84855,fund account,2,216.8
78745,Richard Velasquez,"402 Misty Burg, East Kathystad, WY 18274",9981,2024-05-10,78574,pretty little,1,275.46
69579,Carol Sanchez DVM,"Unit 7304 Box 1033, DPO AA 16621",80252,2024-06-10,79139,administration success,4,378.98
35168,Teresa Hernandez,"77602 Johnson Mountain Suite 468, East Taraburgh, ND 51794",25293,2023-11-22,5537,why day,4,432.56
35168,Teresa Hernandez,"77602 Johnson Mountain Suite 468, East Taraburgh, ND 51794",25293,2023-11-22,3436,he pattern,1,504.18
35168,Teresa Hernandez,"77602 Johnson Mountain Suite 468, East Taraburgh, ND 51794",25293,2023-11-22,31737,pull idea,2,700.12
95497,Angela Lucas,"6773 Robert Spur Suite 392, Jasonville, MH 48630",37804,2024-05-20,83028,impact reach,3,880.32
95497,Angela Lucas,"6773 Robert Spur Suite 392, Jasonville, MH 48630",22504,2023-11-14,64717,together system,5,136.24
95497,Angela Lucas,"6773 Robert Spur Suite 392, Jasonville, MH 48630",22504,2023-11-14,66223,specific serious,2,763.48
95497,Angela Lucas,"6773 Robert Spur Suite 392, Jasonville, MH 48630",22504,2023-11-14,44518,build society,5,303.04
87661,Andrew Smith,"2006 Monroe Drives, Leeborough, MP 28641",25630,2024-04-27,2235,senior work,4,871.17
87661,Andrew Smith,"2006 Monroe Drives, Leeborough, MP 28641",64205,2024-02-12,20230,maintain finish,2,37.39
87661,Andrew Smith,"2006 Monroe Drives, Leeborough, MP 28641",36727,2024-05-02,20230,maintain finish,4,37.39
87661,Andrew Smith,"2006 Monroe Drives, Leeborough, MP 28641",36727,2024-05-02,88584,law within,2,851.28
87661,Andrew Smith,"2006 Monroe Drives, Leeborough, MP 28641",36727,2024-05-02,60205,probably character,2,828.78
87661,Andrew Smith,"2006 Monroe Drives, Leeborough, MP 28641",39134,2024-05-01,92810,citizen dream,2,876.79
87661,Andrew Smith,"2006 Monroe Drives, Leeborough, MP 28641",39134,2024-05-01,66223,specific serious,2,763.48
87661,Andrew Smith,"2006 Monroe Drives, Leeborough, MP 28641",39134,2024-05-01,2235,senior work,1,871.17
44662,Francisco Jefferson,"842 Kathy Locks, New Jenniferborough, CT 43162",28395,2024-05-16,13433,positive after,4,154.64
44662,Francisco Jefferson,"842 Kathy Locks, New Jenniferborough, CT 43162",28395,2024-05-16,30630,share particularly,5,646.96
44662,Francisco Jefferson,"842 Kathy Locks, New Jenniferborough, CT 43162",79632,2023-12-31,99677,game test,1,780.7
44662,Francisco Jefferson,"842 Kathy Locks, New Jenniferborough, CT 43162",79632,2023-12-31,79139,administration success,5,378.98
44662,Francisco Jefferson,"842 Kathy Locks, New Jenniferborough, CT 43162",79632,2023-12-31,70166,let candidate,2,337.72
47146,Cassandra Stevens,"26910 Simon Lights, Cynthiafort, NJ 01223",50398,2024-05-16,58821,yard identify,5,399.75
47146,Cassandra Stevens,"26910 Simon Lights, Cynthiafort, NJ 01223",99632,2024-06-23,31238,church interest,5,54.88
47146,Cassandra Stevens,"26910 Simon Lights, Cynthiafort, NJ 01223",99632,2024-06-23,44214,himself world,4,597.5
47146,Cassandra Stevens,"26910 Simon Lights, Cynthiafort, NJ 01223",99632,2024-06-23,27041,popular figure,3,483.9
98416,Susan Rodriguez,"16529 Martinez Route, West Carolstad, VA 87392",51960,2024-03-31,65859,however group,4,565.77
98416,Susan Rodriguez,"16529 Martinez Route, West Carolstad, VA 87392",51960,2024-03-31,31737,pull idea,3,700.12
98416,Susan Rodriguez,"16529 Martinez Route, West Carolstad, VA 87392",51960,2024-03-31,31737,pull idea,1,700.12
98416,Susan Rodriguez,"16529 Martinez Route, West Carolstad, VA 87392",15698,2024-07-28,79139,administration success,2,378.98
98416,Susan Rodriguez,"16529 Martinez Route, West Carolstad, VA 87392",15698,2024-07-28,20230,maintain finish,3,37.39
98416,Susan Rodriguez,"16529 Martinez Route, West Carolstad, VA 87392",57364,2024-08-14,83277,west western,2,882.67
49986,Michelle Duncan,"Unit 1657 Box 5161, DPO AA 82565",58159,2024-03-06,9991,each edge,5,185.47
49986,Michelle Duncan,"Unit 1657 Box 5161, DPO AA 82565",84885,2024-09-22,59794,economic power,4,146.78
49986,Michelle Duncan,"Unit 1657 Box 5161, DPO AA 82565",84885,2024-09-22,23419,represent which,4,615.92
49986,Michelle Duncan,"Unit 1657 Box 5161, DPO AA 82565",84885,2024-09-22,79139,administration success,1,378.98
49986,Michelle Duncan,"Unit 1657 Box 5161, DPO AA 82565",13299,2023-12-24,67406,threat mission,5,181.57
49986,Michelle Duncan,"Unit 1657 Box 5161, DPO AA 82565",13299,2023-12-24,4361,follow it,1,328.54
33496,Amanda Williams,"42467 William Isle, North Jamesborough, OK 62890",92505,2024-05-17,31238,church interest,1,54.88
33496,Amanda Williams,"42467 William Isle, North Jamesborough, OK 62890",92505,2024-05-17,57048,central finish,1,349.0
33496,Amanda Williams,"42467 William Isle, North Jamesborough, OK 62890",95513,2024-05-16,2235,senior work,5,871.17
33496,Amanda Williams,"42467 William Isle, North Jamesborough, OK 62890",51491,2024-03-01,66984,car data,5,115.17
33496,Amanda Williams,"42467 William Isle, North Jamesborough, OK 62890",51491,2024-03-01,27041,popular figure,1,483.9
7550,Lynn Hunt,"08684 Daniel Ranch, Hughesberg, MD 24593",10697,2024-04-21,83277,west western,5,882.67
7550,Lynn Hunt,"08684 Daniel Ranch, Hughesberg, MD 24593",10697,2024-04-21,285,provide friend,5,162.6
7550,Lynn Hunt,"08684 Daniel Ranch, Hughesberg, MD 24593",10697,2024-04-21,12041,most easy,3,550.4
7550,Lynn Hunt,"08684 Daniel Ranch, Hughesberg, MD 24593",24937,2024-03-04,84855,fund account,3,216.8
7550,Lynn Hunt,"08684 Daniel Ranch, Hughesberg, MD 24593",24937,2024-03-04,4080,reach physical,3,879.22
7550,Lynn Hunt,"08684 Daniel Ranch, Hughesberg, MD 24593",1072,2024-03-15,7458,could tell,3,311.26
7550,Lynn Hunt,"08684 Daniel Ranch, Hughesberg, MD 24593",1072,2024-03-15,53539,radio develop,2,458.26
7550,Lynn Hunt,"08684 Daniel Ranch, Hughesberg, MD 24593",1072,2024-03-15,83277,west western,1,882.67
7550,Lynn Hunt,"08684 Daniel Ranch, Hughesberg, MD 24593",68678,2024-03-13,70166,let candidate,1,337.72
31403,Deanna Rogers,"05266 Fisher Pines, South Richard, CT 51411",67333,2024-03-22,38257,few trade,2,712.15
31403,Deanna Rogers,"05266 Fisher Pines, South Richard, CT 51411",67333,2024-03-22,84855,fund account,4,216.8
31403,Deanna Rogers,"05266 Fisher Pines, South Richard, CT 51411",67333,2024-03-22,70918,team clear,2,59.7
31403,Deanna Rogers,"05266 Fisher Pines, South Richard, CT 51411",84669,2024-06-25,1025,against return,1,307.44
31403,Deanna Rogers,"05266 Fisher Pines, South Richard, CT 51411",25772,2024-02-15,99677,game test,4,780.7
31403,Deanna Rogers,"05266 Fisher Pines, South Richard, CT 51411",25772,2024-02-15,65859,however group,4,565.77
90922,Victor Roman,"47339 Perez Spring, Jenniferport, PW 59814",78071,2024-02-08,48648,some onto,5,35.31
90922,Victor Roman,"47339 Perez Spring, Jenniferport, PW 59814",67811,2024-04-22,39680,wait phone,2,390.08
90922,Victor Roman,"47339 Perez Spring, Jenniferport, PW 59814",67811,2024-04-22,88584,law within,5,851.28
90922,Victor Roman,"47339 Perez Spring, Jenniferport, PW 59814",67811,2024-04-22,75590,fill condition,1,803.04
90922,Victor Roman,"47339 Perez Spring, Jenniferport, PW 59814",93999,2023-10-23,3588,collection child,4,52.62
90922,Victor Roman,"47339 Perez Spring, Jenniferport, PW 59814",72923,2024-01-12,22733,seat your,5,790.71
90922,Victor Roman,"47339 Perez Spring, Jenniferport, PW 59814",72923,2024-01-12,53539,radio develop,4,458.26
90922,Victor Roman,"47339 Perez Spring, Jenniferport, PW 59814",72923,2024-01-12,48648,some onto,4,35.31
19176,Jeremy Edwards,"2857 Zachary Corner, Whitneyshire, GA 46910",64142,2024-03-30,7628,call thought,2,671.06
19176,Jeremy Edwards,"2857 Zachary Corner, Whitneyshire, GA 46910",38445,2024-09-22,3588,collection child,1,52.62
19176,Jeremy Edwards,"2857 Zachary Corner, Whitneyshire, GA 46910",38445,2024-09-22,27041,popular figure,1,483.9
19176,Jeremy Edwards,"2857 Zachary Corner, Whitneyshire, GA 46910",61145,2024-09-20,34209,new family,3,339.87
90651,Amber Clarke,"364 Daniel Walks, Lake Adammouth, WA 01822",29499,2024-09-19,30480,area world,3,919.25
90651,Amber Clarke,"364 Daniel Walks, Lake Adammouth, WA 01822",29499,2024-09-19,4080,reach physical,4,879.22
90651,Amber Clarke,"364 Daniel Walks, Lake Adammouth, WA 01822",17430,2024-06-23,62762,amount seat,3,379.34
90651,Amber Clarke,"364 Daniel Walks, Lake Adammouth, WA 01822",4690,2024-09-14,39707,record give,2,271.2
43538,Amy Robles,"61029 Travis Springs, Stevenbury, WA 46001",53770,2024-01-15,13892,son how,5,889.57
43538,Amy Robles,"61029 Travis Springs, Stevenbury, WA 46001",53770,2024-01-15,99467,entire clear,4,168.62
43538,Amy Robles,"61029 Travis Springs, Stevenbury, WA 46001",53770,2024-01-15,39707,record give,2,271.2
43538,Amy Robles,"61029 Travis Springs, Stevenbury, WA 46001",88685,2023-10-30,93476,subject court,3,378.85
43538,Amy Robles,"61029 Travis Springs, Stevenbury, WA 46001",88685,2023-10-30,57048,central finish,5,349.0
12784,Lisa Mayer,"2436 Mason Causeway, Lake David, VT 62825",22016,2024-09-18,97994,remain discussion,1,534.48
12784,Lisa Mayer,"2436 Mason Causeway, Lake David, VT 62825",22016,2024-09-18,62070,firm it,2,709.83
12784,Lisa Mayer,"2436 Mason Causeway, Lake David, VT 62825",22016,2024-09-18,35740,fly catch,5,408.16
12784,Lisa Mayer,"2436 Mason Causeway, Lake David, VT 62825",93359,2024-05-16,75590,fill condition,1,803.04
12784,Lisa Mayer,"2436 Mason Causeway, Lake David, VT 62825",20992,2024-05-19,4080,reach physical,2,879.22
12784,Lisa Mayer,"2436 Mason Causeway, Lake David, VT 62825",20992,2024-05-19,1025,against return,1,307.44
61430,William Fletcher,"38376 Hicks Brook Apt. 167, Christineland, MA 79821",65930,2023-10-25,9868,reduce first,4,882.4
61430,William Fletcher,"38376 Hicks Brook Apt. 167, Christineland, MA 79821",65930,2023-10-25,25217,case full,4,221.27
61430,William Fletcher,"38376 Hicks Brook Apt. 167, Christineland, MA 79821",65930,2023-10-25,9991,each edge,4,185.47
86067,Ross Davidson,"6690 Vanessa Stravenue, Hammondbury, IL 79494",56459,2024-02-04,62762,amount seat,2,379.34
86067,Ross Davidson,"6690 Vanessa Stravenue, Hammondbury, IL 79494",68705,2024-04-23,35740,fly catch,2,408.16
86067,Ross Davidson,"6690 Vanessa Stravenue, Hammondbury, IL 79494",68705,2024-04-23,20230,maintain finish,4,37.39
86067,Ross Davidson,"6690 Vanessa Stravenue, Hammondbury, IL 79494",68705,2024-04-23,38257,few trade,5,712.15
99323,Albert Gutierrez,"786 Jeffrey Road Apt. 377, Atkinsonchester, SC 31367",54705,2024-01-20,12041,most easy,5,550.4
99323,Albert Gutierrez,"786 Jeffrey Road Apt. 377, Atkinsonchester, SC 31367",53458,2024-01-06,2649,themselves person,2,382.08
99323,Albert Gutierrez,"786 Jeffrey Road Apt. 377, Atkinsonchester, SC 31367",53458,2024-01-06,285,provide friend,3,162.6
99323,Albert Gutierrez,"786 Jeffrey Road Apt. 377, Atkinsonchester, SC 31367",53458,2024-01-06,70918,team clear,1,59.7
99323,Albert Gutierrez,"786 Jeffrey Road Apt. 377, Atkinsonchester, SC 31367",30754,2023-10-26,23419,represent which,3,615.92
99323,Albert Gutierrez,"786 Jeffrey Road Apt. 377, Atkinsonchester, SC 31367",30754,2023-10-26,35577,tough no,3,41.98
99323,Albert Gutierrez,"786 Jeffrey Road Apt. 377, Atkinsonchester, SC 31367",30754,2023-10-26,23419,represent which,5,615.92
99323,Albert Gutierrez,"786 Jeffrey Road Apt. 377, Atkinsonchester, SC 31367",28038,2023-12-04,4459,admit measure,2,737.28
99323,Albert Gutierrez,"786 Jeffrey Road Apt. 377, Atkinsonchester, SC 31367",28038,2023-12-04,3436,he pattern,4,504.18
44089,Nicole Torres,"8694 Ramos Road Apt. 694, Lindatown, CA 36290",20387,2024-10-19,60947,front letter,2,793.46
44089,Nicole Torres,"8694 Ramos Road Apt. 694, Lindatown, CA 36290",20387,2024-10-19,66829,indicate glass,3,655.22
44089,Nicole Torres,"8694 Ramos Road Apt. 694, Lindatown, CA 36290",46768,2024-01-08,34209,new family,4,339.87
84506,Alexis Castro,"99370 Farrell Gateway, East Karen, VT 67325",37173,2024-03-10,66986,stay away,2,171.66
84506,Alexis Castro,"99370 Farrell Gateway, East Karen, VT 67325",37173,2024-03-10,30630,share particularly,5,646.96
84506,Alexis Castro,"99370 Farrell Gateway, East Karen, VT 67325",37173,2024-03-10,83028,impact reach,1,880.32
57500,Shannon King,"28311 Michael Plains Apt. 675, Padillatown, AR 11221",44992,2024-09-10,1025,against return,5,307.44
57500,Shannon King,"28311 Michael Plains Apt. 675, Padillatown, AR 11221",40699,2024-03-12,58821,yard identify,1,399.75
57500,Shannon King,"28311 Michael Plains Apt. 675, Padillatown, AR 11221",40699,2024-03-12,52265,international watch,5,110.68
57500,Shannon King,"28311 Michael Plains Apt. 675, Padillatown, AR 11221",40699,2024-03-12,39707,record give,3,271.2
57500,Shannon King,"28311 Michael Plains Apt. 675, Padillatown, AR 11221",66756,2024-01-26,88584,law within,1,851.28
62928,Brandy Ramos,"3453 Austin Squares Apt. 503, Johnsonton, MH 91147",1974,2024-03-16,44214,himself world,4,597.5
62928,Brandy Ramos,"3453 Austin Squares Apt. 503, Johnsonton, MH 91147",1974,2024-03-16,97994,remain discussion,4,534.48
62928,Brandy Ramos,"3453 Austin Squares Apt. 503, Johnsonton, MH 91147",83922,2024-10-12,66986,stay away,2,171.66
62928,Brandy Ramos,"3453 Austin Squares Apt. 503, Johnsonton, MH 91147",1891,2023-12-30,85138,same impact,3,638.88
62928,Brandy Ramos,"3453 Austin Squares Apt. 503, Johnsonton, MH 91147",25906,2024-10-14,23419,represent which,2,615.92
62928,Brandy Ramos,"3453 Austin Squares Apt. 503, Johnsonton, MH 91147",9069,2024-05-27,1025,against return,5,307.44
85545,Christopher Harris,"Unit 7911 Box 2508, DPO AE 55797",77730,2023-10-23,14861,social ahead,1,118.94
85545,Christopher Harris,"Unit 7911 Box 2508, DPO AE 55797",77730,2023-10-23,65859,however group,3,565.77
39514,Crystal Dudley,"4394 Summers Glen Apt. 998, Fostermouth, DE 77067",37056,2024-05-27,4080,reach physical,4,879.22
39514,Crystal Dudley,"4394 Summers Glen Apt. 998, Fostermouth, DE 77067",37056,2024-05-27,25217,case full,4,221.27
39514,Crystal Dudley,"4394 Summers Glen Apt. 998, Fostermouth, DE 77067",17773,2024-10-13,95733,south interview,1,259.25
39514,Crystal Dudley,"4394 Summers Glen Apt. 998, Fostermouth, DE 77067",37720,2024-05-04,1025,against return,5,307.44
39514,Crystal Dudley,"4394 Summers Glen Apt. 998, Fostermouth, DE 77067",37720,2024-05-04,23504,may somebody,5,223.91
39514,Crystal Dudley,"4394 Summers Glen Apt. 998, Fostermouth, DE 77067",37720,2024-05-04,52265,international watch,1,110.68
75417,Taylor Hamilton,"97269 Brian Mission, Henryside, MS 53638",30051,2023-12-06,44518,build society,2,303.04
75417,Taylor Hamilton,"97269 Brian Mission, Henryside, MS 53638",51390,2024-09-06,75590,fill condition,4,803.04
75417,Taylor Hamilton,"97269 Brian Mission, Henryside, MS 53638",51390,2024-09-06,39680,wait phone,1,390.08
75417,Taylor Hamilton,"97269 Brian Mission, Henryside, MS 53638",51390,2024-09-06,66829,indicate glass,5,655.22
13564,Kirsten Romero,"081 Sherman Island Suite 689, East Williamland, LA 15376",79301,2024-03-19,13433,positive after,4,154.64
13564,Kirsten Romero,"081 Sherman Island Suite 689, East Williamland, LA 15376",79301,2024-03-19,78574,pretty little,2,275.46
13564,Kirsten Romero,"081 Sherman Island Suite 689, East Williamland, LA 15376",59922,2024-03-25,27975,make site,5,254.19
47333,Christopher Manning,"68584 Cooper Shoals, Port Tracy, IL 18702",25889,2023-12-05,39680,wait phone,3,390.08
47333,Christopher Manning,"68584 Cooper Shoals, Port Tracy, IL 18702",44596,2024-09-25,85138,same impact,1,638.88
75435,Jeff Collins,"1259 Hancock Groves Suite 532, Hansenborough, AS 29334",45219,2024-08-06,93476,subject court,4,378.85
75435,Jeff Collins,"1259 Hancock Groves Suite 532, Hansenborough, AS 29334",45219,2024-08-06,99677,game test,1,780.7
75435,Jeff Collins,"1259 Hancock Groves Suite 532, Hansenborough, AS 29334",45219,2024-08-06,64717,together system,2,136.24
75435,Jeff Collins,"1259 Hancock Groves Suite 532, Hansenborough, AS 29334",52403,2024-04-03,87329,worker organization,5,990.26
75435,Jeff Collins,"1259 Hancock Groves Suite 532, Hansenborough, AS 29334",52403,2024-04-03,23504,may somebody,3,223.91
75435,Jeff Collins,"1259 Hancock Groves Suite 532, Hansenborough, AS 29334",4211,2023-11-11,75590,fill condition,2,803.04
75435,Jeff Collins,"1259 Hancock Groves Suite 532, Hansenborough, AS 29334",65683,2024-03-18,66984,car data,3,115.17
75435,Jeff Collins,"1259 Hancock Groves Suite 532, Hansenborough, AS 29334",65683,2024-03-18,14861,social ahead,1,118.94
75435,Jeff Collins,"1259 Hancock Groves Suite 532, Hansenborough, AS 29334",65683,2024-03-18,91241,Republican police,5,442.29
91995,Patricia Russell,"USNS Campbell, FPO AP 69376",29745,2024-09-30,99467,entire clear,4,168.62
91995,Patricia Russell,"USNS Campbell, FPO AP 69376",29745,2024-09-30,37534,dark few,4,290.77
91995,Patricia Russell,"USNS Campbell, FPO AP 69376",83970,2024-03-03,37534,dark few,4,290.77
91995,Patricia Russell,"USNS Campbell, FPO AP 69376",11680,2024-05-02,29940,cause here,5,967.4
68365,Brooke Torres,"72810 Kaitlyn Fort Apt. 453, Christineport, TN 99030",91715,2024-07-19,38257,few trade,5,712.15
68365,Brooke Torres,"72810 Kaitlyn Fort Apt. 453, Christineport, TN 99030",91715,2024-07-19,66829,indicate glass,3,655.22
68365,Brooke Torres,"72810 Kaitlyn Fort Apt. 453, Christineport, TN 99030",60496,2024-09-11,89010,state since,3,773.88
68365,Brooke Torres,"72810 Kaitlyn Fort Apt. 453, Christineport, TN 99030",60496,2024-09-11,59794,economic power,5,146.78
68365,Brooke Torres,"72810 Kaitlyn Fort Apt. 453, Christineport, TN 99030",60496,2024-09-11,37534,dark few,1,290.77
31143,Tyler Mcneil,"5133 Matthews Meadows, Leebury, NC 41143",7908,2024-04-20,13433,positive after,4,154.64
31143,Tyler Mcneil,"5133 Matthews Meadows, Leebury, NC 41143",23561,2024-08-27,57048,central finish,1,349.0
31143,Tyler Mcneil,"5133 Matthews Meadows, Leebury, NC 41143",84096,2023-10-26,89010,state since,3,773.88
31143,Tyler Mcneil,"5133 Matthews Meadows, Leebury, NC 41143",84096,2023-10-26,89010,state since,3,773.88
31143,Tyler Mcneil,"5133 Matthews Meadows, Leebury, NC 41143",25469,2024-08-14,68778,rule deal,1,111.08
31143,Tyler Mcneil,"5133 Matthews Meadows, Leebury, NC 41143",25469,2024-08-14,1025,against return,3,307.44
31143,Tyler Mcneil,"5133 Matthews Meadows, Leebury, NC 41143",25469,2024-08-14,3588,collection child,2,52.62
31143,Tyler Mcneil,"5133 Matthews Meadows, Leebury, NC 41143",52865,2024-05-09,49358,west build,1,812.37
96429,Jason Wise,"608 Jones Mountains Apt. 811, Port Maurice, KY 92158",8852,2024-09-19,44214,himself world,3,597.5
96429,Jason Wise,"608 Jones Mountains Apt. 811, Port Maurice, KY 92158",77053,2024-01-01,89010,state since,2,773.88
96429,Jason Wise,"608 Jones Mountains Apt. 811, Port Maurice, KY 92158",5568,2024-04-13,7628,call thought,1,671.06
96429,Jason Wise,"608 Jones Mountains Apt. 811, Port Maurice, KY 92158",5568,2024-04-13,27041,popular figure,3,483.9
96429,Jason Wise,"608 Jones Mountains Apt. 811, Port Maurice, KY 92158",89465,2023-10-31,78574,pretty little,1,275.46
96429,Jason Wise,"608 Jones Mountains Apt. 811, Port Maurice, KY 92158",59458,2023-11-19,66984,car data,4,115.17
96429,Jason Wise,"608 Jones Mountains Apt. 811, Port Maurice, KY 92158",59458,2023-11-19,99467,entire clear,5,168.62
96429,Jason Wise,"608 Jones Mountains Apt. 811, Port Maurice, KY 92158",59458,2023-11-19,66986,stay away,4,171.66
59870,Taylor Velasquez,"07837 Daniel Square, Carrmouth, KS 26305",23088,2024-02-15,2649,themselves person,5,382.08
60443,Casey Poole,"15889 Stanley Island Apt. 299, Wilsonburgh, NJ 92740",1347,2024-09-21,13189,store daughter,1,150.25
60443,Casey Poole,"15889 Stanley Island Apt. 299, Wilsonburgh, NJ 92740",1347,2024-09-21,53539,radio develop,5,458.26
60443,Casey Poole,"15889 Stanley Island Apt. 299, Wilsonburgh, NJ 92740",35019,2024-06-02,2649,themselves person,3,382.08
60443,Casey Poole,"15889 Stanley Island Apt. 299, Wilsonburgh, NJ 92740",35019,2024-06-02,44214,himself world,3,597.5
60443,Casey Poole,"15889 Stanley Island Apt. 299, Wilsonburgh, NJ 92740",91478,2024-09-07,99467,entire clear,1,168.62
53775,Krystal Mack,"591 Daniel Ford, Parkermouth, RI 08971",45214,2024-06-28,66986,stay away,2,171.66
53775,Krystal Mack,"591 Daniel Ford, Parkermouth, RI 08971",45214,2024-06-28,27975,make site,2,254.19
53775,Krystal Mack,"591 Daniel Ford, Parkermouth, RI 08971",45214,2024-06-28,60947,front letter,3,793.46
53775,Krystal Mack,"591 Daniel Ford, Parkermouth, RI 08971",97560,2023-12-29,27041,popular figure,5,483.9
53775,Krystal Mack,"591 Daniel Ford, Parkermouth, RI 08971",43714,2024-03-30,99467,entire clear,5,168.62
70299,Lisa Long,"04090 Tran Falls, North Seanton, NJ 92594",94502,2024-06-01,39680,wait phone,5,390.08
70299,Lisa Long,"04090 Tran Falls, North Seanton, NJ 92594",94502,2024-06-01,34209,new family,2,339.87
70299,Lisa Long,"04090 Tran Falls, North Seanton, NJ 92594",94502,2024-06-01,25217,case full,5,221.27
53646,Mark Davis,"1963 Chan Islands Suite 858, East Emilyland, CO 49920",24245,2024-04-29,27041,popular figure,5,483.9
53646,Mark Davis,"1963 Chan Islands Suite 858, East Emilyland, CO 49920",24245,2024-04-29,83277,west western,2,882.67
53646,Mark Davis,"1963 Chan Islands Suite 858, East Emilyland, CO 49920",24245,2024-04-29,29397,level visit,3,346.42
79134,Timothy Rosales,"051 Veronica Fields, Richardview, TX 28436",3146,2024-07-11,30630,share particularly,4,646.96
79134,Timothy Rosales,"051 Veronica Fields, Richardview, TX 28436",3146,2024-07-11,68778,rule deal,3,111.08
79134,Timothy Rosales,"051 Veronica Fields, Richardview, TX 28436",3146,2024-07-11,88584,law within,2,851.28
79134,Timothy Rosales,"051 Veronica Fields, Richardview, TX 28436",86184,2024-01-28,46813,avoid loss,3,58.75
79134,Timothy Rosales,"051 Veronica Fields, Richardview, TX 28436",86184,2024-01-28,24491,friend senior,2,785.53
50719,John Rios,"618 Shaw Island Apt. 617, South Thomas, UT 78797",96495,2024-06-05,91241,Republican police,5,442.29
50719,John Rios,"618 Shaw Island Apt. 617, South Thomas, UT 78797",71199,2024-05-31,62762,amount seat,4,379.34
50719,John Rios,"618 Shaw Island Apt. 617, South Thomas, UT 78797",71199,2024-05-31,44518,build society,5,303.04
50719,John Rios,"618 Shaw Island Apt. 617, South Thomas, UT 78797",79423,2024-08-15,62170,choice compare,1,506.51
50719,John Rios,"618 Shaw Island Apt. 617, South Thomas, UT 78797",79423,2024-08-15,41078,break of,3,395.12
50719,John Rios,"618 Shaw Island Apt. 617, South Thomas, UT 78797",83513,2024-06-28,84927,team allow,5,332.14
50719,John Rios,"618 Shaw Island Apt. 617, South Thomas, UT 78797",83513,2024-06-28,60947,front letter,3,793.46
50719,John Rios,"618 Shaw Island Apt. 617, South Thomas, UT 78797",83513,2024-06-28,285,provide friend,5,162.6
50719,John Rios,"618 Shaw Island Apt. 617, South Thomas, UT 78797",65953,2024-02-10,13189,store daughter,5,150.25
20257,Gregory Bradley,"41703 Jones Station, South William, VA 72282",47324,2024-06-20,98054,if top,4,973.01
20257,Gregory Bradley,"41703 Jones Station, South William, VA 72282",47324,2024-06-20,24491,friend senior,3,785.53
20257,Gregory Bradley,"41703 Jones Station, South William, VA 72282",88803,2023-11-15,44518,build society,2,303.04
20257,Gregory Bradley,"41703 Jones Station, South William, VA 72282",84474,2024-01-10,44518,build society,3,303.04
20257,Gregory Bradley,"41703 Jones Station, South William, VA 72282",84474,2024-01-10,88584,law within,4,851.28
20257,Gregory Bradley,"41703 Jones Station, South William, VA 72282",21595,2023-10-22,23419,represent which,2,615.92
45672,Lance Morrison,"73384 Ronald Mount Suite 054, West Maria, WI 14320",84616,2024-07-07,70552,blood sister,2,901.46
45672,Lance Morrison,"73384 Ronald Mount Suite 054, West Maria, WI 14320",84616,2024-07-07,66829,indicate glass,3,655.22
45672,Lance Morrison,"73384 Ronald Mount Suite 054, West Maria, WI 14320",84616,2024-07-07,44214,himself world,3,597.5
45672,Lance Morrison,"73384 Ronald Mount Suite 054, West Maria, WI 14320",8894,2023-11-01,62170,choice compare,2,506.51
45672,Lance Morrison,"73384 Ronald Mount Suite 054, West Maria, WI 14320",8894,2023-11-01,67406,threat mission,1,181.57
45672,Lance Morrison,"73384 Ronald Mount Suite 054, West Maria, WI 14320",8894,2023-11-01,62335,man series,5,619.45
45672,Lance Morrison,"73384 Ronald Mount Suite 054, West Maria, WI 14320",43784,2024-08-01,60205,probably character,4,828.78
45672,Lance Morrison,"73384 Ronald Mount Suite 054, West Maria, WI 14320",43784,2024-08-01,70166,let candidate,4,337.72
85696,Renee Nguyen,"Unit 7300 Box 0530, DPO AP 84160",12048,2024-05-31,9991,each edge,5,185.47
4532,Theresa Kirby,"1304 Heather Pass, Derrickview, LA 92770",45663,2024-01-19,62170,choice compare,3,506.51
4532,Theresa Kirby,"1304 Heather Pass, Derrickview, LA 92770",58351,2023-12-28,98176,single similar,1,698.81
4532,Theresa Kirby,"1304 Heather Pass, Derrickview, LA 92770",58351,2023-12-28,52265,international watch,1,110.68
4532,Theresa Kirby,"1304 Heather Pass, Derrickview, LA 92770",42574,2023-11-20,75590,fill condition,2,803.04
4532,Theresa Kirby,"1304 Heather Pass, Derrickview, LA 92770",42574,2023-11-20,93476,subject court,3,378.85
4532,Theresa Kirby,"1304 Heather Pass, Derrickview, LA 92770",89205,2024-04-10,60205,probably character,3,828.78
74048,Sabrina Young,"625 Gallagher Loaf Suite 745, South Shane, OR 74564",44310,2024-05-30,23419,represent which,1,615.92
74048,Sabrina Young,"625 Gallagher Loaf Suite 745, South Shane, OR 74564",16536,2024-08-03,35618,now suddenly,1,725.87
74048,Sabrina Young,"625 Gallagher Loaf Suite 745, South Shane, OR 74564",16536,2024-08-03,23419,represent which,4,615.92
74048,Sabrina Young,"625 Gallagher Loaf Suite 745, South Shane, OR 74564",16536,2024-08-03,13433,positive after,1,154.64
74048,Sabrina Young,"625 Gallagher Loaf Suite 745, South Shane, OR 74564",90509,2024-05-02,34209,new family,4,339.87
74048,Sabrina Young,"625 Gallagher Loaf Suite 745, South Shane, OR 74564",51885,2024-07-14,7628,call thought,4,671.06
74048,Sabrina Young,"625 Gallagher Loaf Suite 745, South Shane, OR 74564",51885,2024-07-14,41078,break of,2,395.12
74048,Sabrina Young,"625 Gallagher Loaf Suite 745, South Shane, OR 74564",51885,2024-07-14,83277,west western,5,882.67
23222,Michelle Hernandez,"5630 Johnson Fall, Hillmouth, CO 43614",47736,2023-10-28,65859,however group,3,565.77
23222,Michelle Hernandez,"5630 Johnson Fall, Hillmouth, CO 43614",47736,2023-10-28,79139,administration success,4,378.98
23222,Michelle Hernandez,"5630 Johnson Fall, Hillmouth, CO 43614",20355,2024-01-15,44214,himself world,2,597.5
23222,Michelle Hernandez,"5630 Johnson Fall, Hillmouth, CO 43614",20355,2024-01-15,64717,together system,3,136.24
23222,Michelle Hernandez,"5630 Johnson Fall, Hillmouth, CO 43614",20355,2024-01-15,4361,follow it,4,328.54
23222,Michelle Hernandez,"5630 Johnson Fall, Hillmouth, CO 43614",64931,2024-07-23,22733,seat your,4,790.71
23222,Michelle Hernandez,"5630 Johnson Fall, Hillmouth, CO 43614",60233,2024-03-23,10729,hotel degree,3,800.46
87680,Victoria Hernandez,"3051 Chandler Grove, Greerland, OK 44963",12808,2024-04-15,39680,wait phone,1,390.08
54226,Patrick Underwood,"4921 Martinez Common, North Caitlinview, PR 66082",30381,2024-09-28,34209,new family,1,339.87
54226,Patrick Underwood,"4921 Martinez Common, North Caitlinview, PR 66082",30381,2024-09-28,87329,worker organization,4,990.26
54226,Patrick Underwood,"4921 Martinez Common, North Caitlinview, PR 66082",30381,2024-09-28,1025,against return,2,307.44
22862,Jared Shelton PhD,"241 Kelli Flat Suite 376, Hannahton, SC 73285",63537,2024-06-21,66829,indicate glass,5,655.22
22862,Jared Shelton PhD,"241 Kelli Flat Suite 376, Hannahton, SC 73285",63537,2024-06-21,83028,impact reach,5,880.32
22862,Jared Shelton PhD,"241 Kelli Flat Suite 376, Hannahton, SC 73285",63537,2024-06-21,58821,yard identify,4,399.75
22862,Jared Shelton PhD,"241 Kelli Flat Suite 376, Hannahton, SC 73285",54736,2024-09-11,68778,rule deal,2,111.08
22862,Jared Shelton PhD,"241 Kelli Flat Suite 376, Hannahton, SC 73285",54736,2024-09-11,2649,themselves person,5,382.08
22862,Jared Shelton PhD,"241 Kelli Flat Suite 376, Hannahton, SC 73285",54736,2024-09-11,70166,let candidate,1,337.72
22862,Jared Shelton PhD,"241 Kelli Flat Suite 376, Hannahton, SC 73285",56973,2024-01-17,77235,low nor,1,31.54
22862,Jared Shelton PhD,"241 Kelli Flat Suite 376, Hannahton, SC 73285",56973,2024-01-17,98176,single similar,5,698.81
22862,Jared Shelton PhD,"241 Kelli Flat Suite 376, Hannahton, SC 73285",26686,2024-07-06,25217,case full,5,221.27
22862,Jared Shelton PhD,"241 Kelli Flat Suite 376, Hannahton, SC 73285",26686,2024-07-06,62070,firm it,3,709.83
22862,Jared Shelton PhD,"241 Kelli Flat Suite 376, Hannahton, SC 73285",78922,2024-07-14,49358,west build,5,812.37
22862,Jared Shelton PhD,"241 Kelli Flat Suite 376, Hannahton, SC 73285",78922,2024-07-14,73670,government leg,3,838.01
55580,Vanessa Wilson,"Unit 5257 Box 9092, DPO AE 64370",35216,2024-07-26,30480,area world,3,919.25
55580,Vanessa Wilson,"Unit 5257 Box 9092, DPO AE 64370",35216,2024-07-26,44518,build society,2,303.04
55580,Vanessa Wilson,"Unit 5257 Box 9092, DPO AE 64370",35216,2024-07-26,58821,yard identify,2,399.75
55580,Vanessa Wilson,"Unit 5257 Box 9092, DPO AE 64370",38661,2024-02-15,7458,could tell,3,311.26
55580,Vanessa Wilson,"Unit 5257 Box 9092, DPO AE 64370",38661,2024-02-15,9991,each edge,5,185.47
55580,Vanessa Wilson,"Unit 5257 Box 9092, DPO AE 64370",38661,2024-02-15,91472,different state,2,513.47
31725,Sara Ellis,"1405 Copeland Shores Suite 272, New Kathystad, VI 47799",85469,2024-07-08,99467,entire clear,3,168.62
31725,Sara Ellis,"1405 Copeland Shores Suite 272, New Kathystad, VI 47799",85469,2024-07-08,35577,tough no,1,41.98
31725,Sara Ellis,"1405 Copeland Shores Suite 272, New Kathystad, VI 47799",85469,2024-07-08,39707,record give,4,271.2
31725,Sara Ellis,"1405 Copeland Shores Suite 272, New Kathystad, VI 47799",43332,2023-10-26,29397,level visit,2,346.42
31725,Sara Ellis,"1405 Copeland Shores Suite 272, New Kathystad, VI 47799",43332,2023-10-26,29940,cause here,4,967.4
31725,Sara Ellis,"1405 Copeland Shores Suite 272, New Kathystad, VI 47799",56437,2024-09-08,31737,pull idea,2,700.12
31725,Sara Ellis,"1405 Copeland Shores Suite 272, New Kathystad, VI 47799",49492,2023-11-12,89010,state since,4,773.88
31725,Sara Ellis,"1405 Copeland Shores Suite 272, New Kathystad, VI 47799",49492,2023-11-12,62070,firm it,3,709.83
31725,Sara Ellis,"1405 Copeland Shores Suite 272, New Kathystad, VI 47799",49492,2023-11-12,58821,yard identify,2,399.75
31725,Sara Ellis,"1405 Copeland Shores Suite 272, New Kathystad, VI 47799",76501,2024-01-02,99467,entire clear,1,168.62
31725,Sara Ellis,"1405 Copeland Shores Suite 272, New Kathystad, VI 47799",76501,2024-01-02,31737,pull idea,4,700.12
83239,Amanda Thomas,"USCGC Olson, FPO AE 21322",42530,2024-08-09,20230,maintain finish,4,37.39
83239,Amanda Thomas,"USCGC Olson, FPO AE 21322",40476,2023-11-09,68778,rule deal,4,111.08
83239,Amanda Thomas,"USCGC Olson, FPO AE 21322",40476,2023-11-09,37001,draw beyond,4,478.75
15237,Eric Skinner,"405 Melanie Mission, Mitchellberg, MD 15575",25696,2024-09-09,88584,law within,1,851.28
15237,Eric Skinner,"405 Melanie Mission, Mitchellberg, MD 15575",25696,2024-09-09,13189,store daughter,2,150.25
15237,Eric Skinner,"405 Melanie Mission, Mitchellberg, MD 15575",64307,2024-01-03,27975,make site,1,254.19
15237,Eric Skinner,"405 Melanie Mission, Mitchellberg, MD 15575",74258,2024-03-08,34209,new family,1,339.87
15237,Eric Skinner,"405 Melanie Mission, Mitchellberg, MD 15575",74258,2024-03-08,92810,citizen dream,1,876.79
15237,Eric Skinner,"405 Melanie Mission, Mitchellberg, MD 15575",74258,2024-03-08,91472,different state,2,513.47
15237,Eric Skinner,"405 Melanie Mission, Mitchellberg, MD 15575",31096,2023-11-19,59794,economic power,2,146.78
15237,Eric Skinner,"405 Melanie Mission, Mitchellberg, MD 15575",31096,2023-11-19,2649,themselves person,5,382.08
15237,Eric Skinner,"405 Melanie Mission, Mitchellberg, MD 15575",31096,2023-11-19,98176,single similar,2,698.81
47774,Rebecca Stewart,"2840 Contreras Loaf, Williamport, UT 31560",58341,2024-03-03,74698,activity both,4,912.19
47774,Rebecca Stewart,"2840 Contreras Loaf, Williamport, UT 31560",58341,2024-03-03,74698,activity both,4,912.19
47774,Rebecca Stewart,"2840 Contreras Loaf, Williamport, UT 31560",58341,2024-03-03,53539,radio develop,1,458.26
47774,Rebecca Stewart,"2840 Contreras Loaf, Williamport, UT 31560",41700,2024-04-26,2235,senior work,4,871.17
47774,Rebecca Stewart,"2840 Contreras Loaf, Williamport, UT 31560",2677,2024-01-06,46813,avoid loss,5,58.75
47774,Rebecca Stewart,"2840 Contreras Loaf, Williamport, UT 31560",57281,2024-02-28,62070,firm it,1,709.83
47774,Rebecca Stewart,"2840 Contreras Loaf, Williamport, UT 31560",57281,2024-02-28,4361,follow it,1,328.54
92484,Jennifer Mcmahon,"8655 Phillips Corner Suite 404, East Michaelville, KY 26943",61983,2024-10-15,89010,state since,1,773.88
92484,Jennifer Mcmahon,"8655 Phillips Corner Suite 404, East Michaelville, KY 26943",99698,2024-09-11,35740,fly catch,5,408.16
92484,Jennifer Mcmahon,"8655 Phillips Corner Suite 404, East Michaelville, KY 26943",99698,2024-09-11,1025,against return,3,307.44
15767,Shawn Moreno,"5771 Ashley Brook Apt. 127, Hollandstad, LA 59498",26157,2023-11-23,44518,build society,3,303.04
15767,Shawn Moreno,"5771 Ashley Brook Apt. 127, Hollandstad, LA 59498",26157,2023-11-23,73670,government leg,1,838.01
15767,Shawn Moreno,"5771 Ashley Brook Apt. 127, Hollandstad, LA 59498",26157,2023-11-23,64717,together system,1,136.24
15767,Shawn Moreno,"5771 Ashley Brook Apt. 127, Hollandstad, LA 59498",26101,2024-05-15,23419,represent which,1,615.92
15767,Shawn Moreno,"5771 Ashley Brook Apt. 127, Hollandstad, LA 59498",20081,2024-02-04,30480,area world,2,919.25
15767,Shawn Moreno,"5771 Ashley Brook Apt. 127, Hollandstad, LA 59498",20081,2024-02-04,84855,fund account,5,216.8
15767,Shawn Moreno,"5771 Ashley Brook Apt. 127, Hollandstad, LA 59498",97650,2024-07-08,23504,may somebody,2,223.91
15767,Shawn Moreno,"5771 Ashley Brook Apt. 127, Hollandstad, LA 59498",97650,2024-07-08,46813,avoid loss,3,58.75
15767,Shawn Moreno,"5771 Ashley Brook Apt. 127, Hollandstad, LA 59498",97650,2024-07-08,4361,follow it,2,328.54
15767,Shawn Moreno,"5771 Ashley Brook Apt. 127, Hollandstad, LA 59498",47323,2023-11-02,79139,administration success,2,378.98
91480,Amy Rios,"1550 Shannon Knolls, East Roseview, ME 99880",43880,2024-10-12,4459,admit measure,3,737.28
91480,Amy Rios,"1550 Shannon Knolls, East Roseview, ME 99880",98968,2023-12-06,78574,pretty little,2,275.46
91480,Amy Rios,"1550 Shannon Knolls, East Roseview, ME 99880",96711,2024-02-24,70166,let candidate,1,337.72
91480,Amy Rios,"1550 Shannon Knolls, East Roseview, ME 99880",70130,2024-05-08,89010,state since,2,773.88
91480,Amy Rios,"1550 Shannon Knolls, East Roseview, ME 99880",70130,2024-05-08,9868,reduce first,1,882.4
91480,Amy Rios,"1550 Shannon Knolls, East Roseview, ME 99880",70130,2024-05-08,67406,threat mission,2,181.57
45276,Daniel Garcia,"87222 Samantha Unions Suite 505, West Ashleychester, MA 82025",23935,2024-03-21,52265,international watch,3,110.68
95371,Kendra Howard,"PSC 6951, Box 8557, APO AE 24065",16759,2024-08-10,87329,worker organization,1,990.26
95371,Kendra Howard,"PSC 6951, Box 8557, APO AE 24065",16759,2024-08-10,88584,law within,4,851.28
95371,Kendra Howard,"PSC 6951, Box 8557, APO AE 24065",53091,2023-12-21,24491,friend senior,1,785.53
95371,Kendra Howard,"PSC 6951, Box 8557, APO AE 24065",29577,2024-04-09,83277,west western,1,882.67
95371,Kendra Howard,"PSC 6951, Box 8557, APO AE 24065",29577,2024-04-09,23419,represent which,2,615.92
95371,Kendra Howard,"PSC 6951, Box 8557, APO AE 24065",20833,2024-10-08,78574,pretty little,4,275.46
95371,Kendra Howard,"PSC 6951, Box 8557, APO AE 24065",20833,2024-10-08,27975,make site,4,254.19
94202,Tristan Zimmerman,"332 Kathy Route Suite 770, Port Emily, NH 67458",22582,2024-04-25,60205,probably character,5,828.78
94202,Tristan Zimmerman,"332 Kathy Route Suite 770, Port Emily, NH 67458",30641,2023-12-16,24491,friend senior,3,785.53
94202,Tristan Zimmerman,"332 Kathy Route Suite 770, Port Emily, NH 67458",30641,2023-12-16,70166,let candidate,2,337.72
34334,Shawn Ramirez,"223 Leach Ports Apt. 819, East Gloriaside, OR 89381",62893,2024-03-06,92810,citizen dream,4,876.79
34334,Shawn Ramirez,"223 Leach Ports Apt. 819, East Gloriaside, OR 89381",62893,2024-03-06,38257,few trade,4,712.15
34334,Shawn Ramirez,"223 Leach Ports Apt. 819, East Gloriaside, OR 89381",62893,2024-03-06,84855,fund account,3,216.8
34334,Shawn Ramirez,"223 Leach Ports Apt. 819, East Gloriaside, OR 89381",64363,2024-07-29,37534,dark few,3,290.77
66268,Brianna Vega,"USCGC Cole, FPO AA 13374",23101,2023-10-22,77235,low nor,3,31.54
66268,Brianna Vega,"USCGC Cole, FPO AA 13374",23101,2023-10-22,29397,level visit,2,346.42
66268,Brianna Vega,"USCGC Cole, FPO AA 13374",39692,2024-06-18,57048,central finish,2,349.0
66268,Brianna Vega,"USCGC Cole, FPO AA 13374",37749,2024-04-13,27041,popular figure,3,483.9
66268,Brianna Vega,"USCGC Cole, FPO AA 13374",8002,2024-02-16,83277,west western,3,882.67
66268,Brianna Vega,"USCGC Cole, FPO AA 13374",8002,2024-02-16,14861,social ahead,4,118.94
66268,Brianna Vega,"USCGC Cole, FPO AA 13374",8002,2024-02-16,91241,Republican police,4,442.29
1979,Timothy Melton,"USCGC Young, FPO AE 16756",72764,2024-06-20,74698,activity both,1,912.19
1979,Timothy Melton,"USCGC Young, FPO AE 16756",72764,2024-06-20,38257,few trade,3,712.15
1979,Timothy Melton,"USCGC Young, FPO AE 16756",72764,2024-06-20,39707,record give,1,271.2
1979,Timothy Melton,"USCGC Young, FPO AE 16756",38625,2024-04-06,23504,may somebody,4,223.91
1979,Timothy Melton,"USCGC Young, FPO AE 16756",38625,2024-04-06,66984,car data,5,115.17
1979,Timothy Melton,"USCGC Young, FPO AE 16756",41518,2024-06-27,25025,mouth key,1,575.89
1979,Timothy Melton,"USCGC Young, FPO AE 16756",41518,2024-06-27,48648,some onto,3,35.31
1979,Timothy Melton,"USCGC Young, FPO AE 16756",41518,2024-06-27,13433,positive after,1,154.64
1979,Timothy Melton,"USCGC Young, FPO AE 16756",48140,2024-02-26,29397,level visit,2,346.42
96574,Deborah Mcclure,"4629 Courtney Cape, Liside, LA 86768",78383,2024-04-18,52265,international watch,3,110.68
96574,Deborah Mcclure,"4629 Courtney Cape, Liside, LA 86768",78383,2024-04-18,70166,let candidate,5,337.72
96574,Deborah Mcclure,"4629 Courtney Cape, Liside, LA 86768",78383,2024-04-18,1025,against return,1,307.44
96574,Deborah Mcclure,"4629 Courtney Cape, Liside, LA 86768",60250,2024-10-17,97994,remain discussion,1,534.48
96574,Deborah Mcclure,"4629 Courtney Cape, Liside, LA 86768",80367,2024-05-29,57048,central finish,5,349.0
96574,Deborah Mcclure,"4629 Courtney Cape, Liside, LA 86768",80367,2024-05-29,66984,car data,2,115.17
96574,Deborah Mcclure,"4629 Courtney Cape, Liside, LA 86768",7498,2024-05-16,89010,state since,1,773.88
45629,Abigail Harper,"2981 Cheryl Port Suite 379, New Leroy, CT 08983",88763,2024-07-18,58821,yard identify,3,399.75
45629,Abigail Harper,"2981 Cheryl Port Suite 379, New Leroy, CT 08983",68106,2024-05-25,99677,game test,4,780.7
45629,Abigail Harper,"2981 Cheryl Port Suite 379, New Leroy, CT 08983",68106,2024-05-25,3436,he pattern,3,504.18
45629,Abigail Harper,"2981 Cheryl Port Suite 379, New Leroy, CT 08983",68106,2024-05-25,93476,subject court,2,378.85
45629,Abigail Harper,"2981 Cheryl Port Suite 379, New Leroy, CT 08983",10532,2024-01-09,5537,why day,1,432.56
45629,Abigail Harper,"2981 Cheryl Port Suite 379, New Leroy, CT 08983",10532,2024-01-09,98176,single similar,3,698.81
45629,Abigail Harper,"2981 Cheryl Port Suite 379, New Leroy, CT 08983",10532,2024-01-09,13189,store daughter,5,150.25
45629,Abigail Harper,"2981 Cheryl Port Suite 379, New Leroy, CT 08983",9614,2024-05-01,9991,each edge,3,185.47
45629,Abigail Harper,"2981 Cheryl Port Suite 379, New Leroy, CT 08983",9614,2024-05-01,31238,church interest,4,54.88
45629,Abigail Harper,"2981 Cheryl Port Suite 379, New Leroy, CT 08983",9614,2024-05-01,9991,each edge,2,185.47
69178,Leon Casey,"70356 Miller Pines, West Micheleport, LA 97915",88884,2024-03-27,89010,state since,4,773.88
69178,Leon Casey,"70356 Miller Pines, West Micheleport, LA 97915",19916,2024-07-02,22733,seat your,4,790.71
17513,Alexa Santiago,"532 Davis Parkways Apt. 630, Port Frederickmouth, VA 72301",88745,2024-05-26,66223,specific serious,5,763.48
17513,Alexa Santiago,"532 Davis Parkways Apt. 630, Port Frederickmouth, VA 72301",88745,2024-05-26,98176,single similar,4,698.81
17513,Alexa Santiago,"532 Davis Parkways Apt. 630, Port Frederickmouth, VA 72301",88745,2024-05-26,48648,some onto,4,35.31
17513,Alexa Santiago,"532 Davis Parkways Apt. 630, Port Frederickmouth, VA 72301",82558,2024-04-18,30630,share particularly,1,646.96
17513,Alexa Santiago,"532 Davis Parkways Apt. 630, Port Frederickmouth, VA 72301",82558,2024-04-18,35740,fly catch,1,408.16
17513,Alexa Santiago,"532 Davis Parkways Apt. 630, Port Frederickmouth, VA 72301",82558,2024-04-18,65859,however group,2,565.77
17513,Alexa Santiago,"532 Davis Parkways Apt. 630, Port Frederickmouth, VA 72301",14389,2024-02-21,10729,hotel degree,3,800.46
17513,Alexa Santiago,"532 Davis Parkways Apt. 630, Port Frederickmouth, VA 72301",14389,2024-02-21,30630,share particularly,4,646.96
17513,Alexa Santiago,"532 Davis Parkways Apt. 630, Port Frederickmouth, VA 72301",90989,2024-09-10,66223,specific serious,5,763.48
17513,Alexa Santiago,"532 Davis Parkways Apt. 630, Port Frederickmouth, VA 72301",90989,2024-09-10,27975,make site,3,254.19
17513,Alexa Santiago,"532 Davis Parkways Apt. 630, Port Frederickmouth, VA 72301",62046,2024-07-19,70552,blood sister,2,901.46
42283,Ann Ramirez MD,"2618 Melissa Throughway Suite 686, Laurachester, MO 06769",92951,2024-10-16,57048,central finish,1,349.0
42283,Ann Ramirez MD,"2618 Melissa Throughway Suite 686, Laurachester, MO 06769",92951,2024-10-16,84855,fund account,3,216.8
42283,Ann Ramirez MD,"2618 Melissa Throughway Suite 686, Laurachester, MO 06769",69231,2024-01-11,87329,worker organization,1,990.26
42283,Ann Ramirez MD,"2618 Melissa Throughway Suite 686, Laurachester, MO 06769",69231,2024-01-11,38257,few trade,2,712.15
42283,Ann Ramirez MD,"2618 Melissa Throughway Suite 686, Laurachester, MO 06769",69231,2024-01-11,30480,area world,4,919.25
42283,Ann Ramirez MD,"2618 Melissa Throughway Suite 686, Laurachester, MO 06769",52022,2024-08-09,79139,administration success,2,378.98
42283,Ann Ramirez MD,"2618 Melissa Throughway Suite 686, Laurachester, MO 06769",52022,2024-08-09,29397,level visit,3,346.42
42283,Ann Ramirez MD,"2618 Melissa Throughway Suite 686, Laurachester, MO 06769",52022,2024-08-09,7628,call thought,2,671.06
42283,Ann Ramirez MD,"2618 Melissa Throughway Suite 686, Laurachester, MO 06769",82497,2024-04-29,66984,car data,2,115.17
42283,Ann Ramirez MD,"2618 Melissa Throughway Suite 686, Laurachester, MO 06769",82497,2024-04-29,66223,specific serious,4,763.48
42283,Ann Ramirez MD,"2618 Melissa Throughway Suite 686, Laurachester, MO 06769",82497,2024-04-29,85138,same impact,2,638.88
57626,Christina Day,"726 Ramirez Mount Apt. 634, Hallville, IA 88859",28815,2024-02-02,1025,against return,3,307.44
57626,Christina Day,"726 Ramirez Mount Apt. 634, Hallville, IA 88859",28815,2024-02-02,59794,economic power,5,146.78
57626,Christina Day,"726 Ramirez Mount Apt. 634, Hallville, IA 88859",28815,2024-02-02,25025,mouth key,1,575.89
57626,Christina Day,"726 Ramirez Mount Apt. 634, Hallville, IA 88859",18041,2024-05-17,68778,rule deal,1,111.08
57626,Christina Day,"726 Ramirez Mount Apt. 634, Hallville, IA 88859",18041,2024-05-17,41230,church always,4,428.98
57626,Christina Day,"726 Ramirez Mount Apt. 634, Hallville, IA 88859",18041,2024-05-17,78574,pretty little,1,275.46
57626,Christina Day,"726 Ramirez Mount Apt. 634, Hallville, IA 88859",15679,2024-02-20,23504,may somebody,3,223.91
57626,Christina Day,"726 Ramirez Mount Apt. 634, Hallville, IA 88859",15679,2024-02-20,22733,seat your,3,790.71
57626,Christina Day,"726 Ramirez Mount Apt. 634, Hallville, IA 88859",15679,2024-02-20,66829,indicate glass,2,655.22
57626,Christina Day,"726 Ramirez Mount Apt. 634, Hallville, IA 88859",91569,2023-11-15,49358,west build,2,812.37
57626,Christina Day,"726 Ramirez Mount Apt. 634, Hallville, IA 88859",91569,2023-11-15,97994,remain discussion,4,534.48
57626,Christina Day,"726 Ramirez Mount Apt. 634, Hallville, IA 88859",91569,2023-11-15,85138,same impact,3,638.88
57626,Christina Day,"726 Ramirez Mount Apt. 634, Hallville, IA 88859",32446,2024-07-29,62070,firm it,5,709.83
57626,Christina Day,"726 Ramirez Mount Apt. 634, Hallville, IA 88859",32446,2024-07-29,98176,single similar,3,698.81
5526,Rachel Ramirez,"14526 Brown Throughway Suite 223, East Alexandra, VA 13834",41082,2023-11-16,13189,store daughter,4,150.25
5526,Rachel Ramirez,"14526 Brown Throughway Suite 223, East Alexandra, VA 13834",41082,2023-11-16,60947,front letter,4,793.46
5526,Rachel Ramirez,"14526 Brown Throughway Suite 223, East Alexandra, VA 13834",41082,2023-11-16,92810,citizen dream,3,876.79
5526,Rachel Ramirez,"14526 Brown Throughway Suite 223, East Alexandra, VA 13834",97447,2023-12-17,59794,economic power,4,146.78
5526,Rachel Ramirez,"14526 Brown Throughway Suite 223, East Alexandra, VA 13834",25255,2023-12-23,62170,choice compare,1,506.51
5526,Rachel Ramirez,"14526 Brown Throughway Suite 223, East Alexandra, VA 13834",40094,2024-01-28,60205,probably character,5,828.78
5526,Rachel Ramirez,"14526 Brown Throughway Suite 223, East Alexandra, VA 13834",87640,2024-05-18,70166,let candidate,2,337.72
80193,Dakota Harrison,"38960 Nichols Freeway Suite 486, Terryland, TN 51281",42899,2023-11-21,62170,choice compare,3,506.51
83032,Mitchell Jones,"211 Kelsey Plaza Apt. 080, North Patricia, AZ 81780",69812,2023-12-22,60947,front letter,4,793.46
83032,Mitchell Jones,"211 Kelsey Plaza Apt. 080, North Patricia, AZ 81780",69812,2023-12-22,46813,avoid loss,1,58.75
83032,Mitchell Jones,"211 Kelsey Plaza Apt. 080, North Patricia, AZ 81780",69812,2023-12-22,23419,represent which,5,615.92
83032,Mitchell Jones,"211 Kelsey Plaza Apt. 080, North Patricia, AZ 81780",39835,2024-06-11,74698,activity both,5,912.19
83032,Mitchell Jones,"211 Kelsey Plaza Apt. 080, North Patricia, AZ 81780",39835,2024-06-11,12041,most easy,1,550.4
83032,Mitchell Jones,"211 Kelsey Plaza Apt. 080, North Patricia, AZ 81780",36030,2024-07-04,4080,reach physical,3,879.22
83032,Mitchell Jones,"211 Kelsey Plaza Apt. 080, North Patricia, AZ 81780",36030,2024-07-04,3436,he pattern,1,504.18
83032,Mitchell Jones,"211 Kelsey Plaza Apt. 080, North Patricia, AZ 81780",28882,2024-08-14,62170,choice compare,2,506.51
83032,Mitchell Jones,"211 Kelsey Plaza Apt. 080, North Patricia, AZ 81780",53887,2024-03-19,57048,central finish,2,349.0
83032,Mitchell Jones,"211 Kelsey Plaza Apt. 080, North Patricia, AZ 81780",53887,2024-03-19,39680,wait phone,4,390.08
83032,Mitchell Jones,"211 Kelsey Plaza Apt. 080, North Patricia, AZ 81780",53887,2024-03-19,25217,case full,5,221.27
79223,Christopher Bruce,"1683 Sarah Pike, Adambury, PR 51376",12819,2024-05-25,89010,state since,1,773.88
79223,Christopher Bruce,"1683 Sarah Pike, Adambury, PR 51376",12819,2024-05-25,98176,single similar,1,698.81
79223,Christopher Bruce,"1683 Sarah Pike, Adambury, PR 51376",12819,2024-05-25,35740,fly catch,3,408.16
79223,Christopher Bruce,"1683 Sarah Pike, Adambury, PR 51376",43352,2024-02-10,66984,car data,5,115.17
79223,Christopher Bruce,"1683 Sarah Pike, Adambury, PR 51376",43352,2024-02-10,25025,mouth key,5,575.89
79223,Christopher Bruce,"1683 Sarah Pike, Adambury, PR 51376",43352,2024-02-10,30630,share particularly,4,646.96
79223,Christopher Bruce,"1683 Sarah Pike, Adambury, PR 51376",55884,2023-12-31,60205,probably character,5,828.78
79223,Christopher Bruce,"1683 Sarah Pike, Adambury, PR 51376",55884,2023-12-31,39707,record give,4,271.2
79223,Christopher Bruce,"1683 Sarah Pike, Adambury, PR 51376",55884,2023-12-31,53539,radio develop,1,458.26
98623,Jose Moon,"433 Gilbert River Suite 809, West Beverly, AR 90639",32370,2023-11-04,20230,maintain finish,3,37.39
98623,Jose Moon,"433 Gilbert River Suite 809, West Beverly, AR 90639",32370,2023-11-04,44518,build society,4,303.04
98623,Jose Moon,"433 Gilbert River Suite 809, West Beverly, AR 90639",76580,2024-03-04,35740,fly catch,4,408.16
98623,Jose Moon,"433 Gilbert River Suite 809, West Beverly, AR 90639",76580,2024-03-04,27041,popular figure,2,483.9
98623,Jose Moon,"433 Gilbert River Suite 809, West Beverly, AR 90639",13615,2024-08-12,87329,worker organization,3,990.26
87989,Ronald Ray,"285 Zimmerman Summit Suite 696, Jeremyville, NH 66050",58202,2024-03-09,44518,build society,2,303.04
87989,Ronald Ray,"285 Zimmerman Summit Suite 696, Jeremyville, NH 66050",58202,2024-03-09,27975,make site,1,254.19
87989,Ronald Ray,"285 Zimmerman Summit Suite 696, Jeremyville, NH 66050",58202,2024-03-09,10729,hotel degree,2,800.46
87989,Ronald Ray,"285 Zimmerman Summit Suite 696, Jeremyville, NH 66050",84368,2024-02-05,66984,car data,4,115.17
87989,Ronald Ray,"285 Zimmerman Summit Suite 696, Jeremyville, NH 66050",84368,2024-02-05,27041,popular figure,3,483.9
87989,Ronald Ray,"285 Zimmerman Summit Suite 696, Jeremyville, NH 66050",35841,2024-10-20,89010,state since,1,773.88
87989,Ronald Ray,"285 Zimmerman Summit Suite 696, Jeremyville, NH 66050",35841,2024-10-20,85138,same impact,4,638.88
87989,Ronald Ray,"285 Zimmerman Summit Suite 696, Jeremyville, NH 66050",35841,2024-10-20,79139,administration success,2,378.98
87989,Ronald Ray,"285 Zimmerman Summit Suite 696, Jeremyville, NH 66050",72705,2024-07-28,7458,could tell,3,311.26
87989,Ronald Ray,"285 Zimmerman Summit Suite 696, Jeremyville, NH 66050",72705,2024-07-28,14861,social ahead,2,118.94
87989,Ronald Ray,"285 Zimmerman Summit Suite 696, Jeremyville, NH 66050",72705,2024-07-28,13189,store daughter,3,150.25
87989,Ronald Ray,"285 Zimmerman Summit Suite 696, Jeremyville, NH 66050",7138,2024-05-05,89010,state since,3,773.88
30889,Harold Green,"100 Michael Skyway Apt. 102, Smithburgh, DE 11697",38920,2024-02-05,23419,represent which,4,615.92
30889,Harold Green,"100 Michael Skyway Apt. 102, Smithburgh, DE 11697",38920,2024-02-05,13073,table after,1,92.97
30889,Harold Green,"100 Michael Skyway Apt. 102, Smithburgh, DE 11697",91007,2024-05-23,64717,together system,1,136.24
30889,Harold Green,"100 Michael Skyway Apt. 102, Smithburgh, DE 11697",91007,2024-05-23,34209,new family,5,339.87
30889,Harold Green,"100 Michael Skyway Apt. 102, Smithburgh, DE 11697",91007,2024-05-23,9991,each edge,3,185.47
30889,Harold Green,"100 Michael Skyway Apt. 102, Smithburgh, DE 11697",52615,2024-01-27,65859,however group,5,565.77
30889,Harold Green,"100 Michael Skyway Apt. 102, Smithburgh, DE 11697",59622,2024-07-13,70918,team clear,1,59.7
30889,Harold Green,"100 Michael Skyway Apt. 102, Smithburgh, DE 11697",1471,2024-03-30,31737,pull idea,2,700.12
36318,Thomas Jones,"0326 Jennifer Lock Suite 704, Jacksonburgh, IA 04724",16587,2024-05-19,98054,if top,4,973.01
36318,Thomas Jones,"0326 Jennifer Lock Suite 704, Jacksonburgh, IA 04724",16587,2024-05-19,85138,same impact,4,638.88
36318,Thomas Jones,"0326 Jennifer Lock Suite 704, Jacksonburgh, IA 04724",16587,2024-05-19,2649,themselves person,3,382.08
40398,Kevin Moody,"473 James Run Apt. 985, Lake Jamesstad, KS 94978",19107,2024-03-09,30480,area world,3,919.25
40398,Kevin Moody,"473 James Run Apt. 985, Lake Jamesstad, KS 94978",53295,2024-08-29,4361,follow it,5,328.54
40398,Kevin Moody,"473 James Run Apt. 985, Lake Jamesstad, KS 94978",53295,2024-08-29,66223,specific serious,3,763.48
40398,Kevin Moody,"473 James Run Apt. 985, Lake Jamesstad, KS 94978",53295,2024-08-29,29940,cause here,2,967.4
40398,Kevin Moody,"473 James Run Apt. 985, Lake Jamesstad, KS 94978",9599,2023-12-15,58821,yard identify,2,399.75
40398,Kevin Moody,"473 James Run Apt. 985, Lake Jamesstad, KS 94978",9599,2023-12-15,70918,team clear,5,59.7
40398,Kevin Moody,"473 James Run Apt. 985, Lake Jamesstad, KS 94978",89848,2024-07-26,13189,store daughter,5,150.25
40398,Kevin Moody,"473 James Run Apt. 985, Lake Jamesstad, KS 94978",89848,2024-07-26,2649,themselves person,4,382.08
40398,Kevin Moody,"473 James Run Apt. 985, Lake Jamesstad, KS 94978",89848,2024-07-26,92810,citizen dream,5,876.79
40398,Kevin Moody,"473 James Run Apt. 985, Lake Jamesstad, KS 94978",15513,2024-08-10,1025,against return,2,307.44
3127,David Perez,"71596 Wiggins Plain Apt. 099, Gonzalezfort, MO 77437",76794,2024-07-03,25025,mouth key,2,575.89
3127,David Perez,"71596 Wiggins Plain Apt. 099, Gonzalezfort, MO 77437",76794,2024-07-03,52265,international watch,1,110.68
3127,David Perez,"71596 Wiggins Plain Apt. 099, Gonzalezfort, MO 77437",76794,2024-07-03,64717,together system,2,136.24
3127,David Perez,"71596 Wiggins Plain Apt. 099, Gonzalezfort, MO 77437",75681,2024-07-11,85138,same impact,2,638.88
3127,David Perez,"71596 Wiggins Plain Apt. 099, Gonzalezfort, MO 77437",75681,2024-07-11,41230,church always,4,428.98
3127,David Perez,"71596 Wiggins Plain Apt. 099, Gonzalezfort, MO 77437",75681,2024-07-11,27975,make site,4,254.19
3127,David Perez,"71596 Wiggins Plain Apt. 099, Gonzalezfort, MO 77437",83876,2024-09-08,46813,avoid loss,2,58.75
3127,David Perez,"71596 Wiggins Plain Apt. 099, Gonzalezfort, MO 77437",58181,2023-11-12,9991,each edge,5,185.47
50028,Lance Richmond,"86723 Susan Lane Apt. 284, South David, OH 59404",31638,2023-12-14,70552,blood sister,2,901.46
50028,Lance Richmond,"86723 Susan Lane Apt. 284, South David, OH 59404",31638,2023-12-14,35618,now suddenly,3,725.87
50028,Lance Richmond,"86723 Susan Lane Apt. 284, South David, OH 59404",31638,2023-12-14,44518,build society,5,303.04
50028,Lance Richmond,"86723 Susan Lane Apt. 284, South David, OH 59404",36935,2024-03-19,70166,let candidate,3,337.72
50028,Lance Richmond,"86723 Susan Lane Apt. 284, South David, OH 59404",36935,2024-03-19,38980,light together,5,757.42
50028,Lance Richmond,"86723 Susan Lane Apt. 284, South David, OH 59404",36935,2024-03-19,4080,reach physical,5,879.22
50028,Lance Richmond,"86723 Susan Lane Apt. 284, South David, OH 59404",47153,2024-07-16,35740,fly catch,3,408.16
50028,Lance Richmond,"86723 Susan Lane Apt. 284, South David, OH 59404",2561,2023-12-12,60947,front letter,4,793.46
50028,Lance Richmond,"86723 Susan Lane Apt. 284, South David, OH 59404",2561,2023-12-12,27975,make site,5,254.19
76371,Kathleen Thomas,"90697 Thomas Center Apt. 430, Christopherburgh, PR 73659",39021,2024-05-20,13892,son how,3,889.57
76371,Kathleen Thomas,"90697 Thomas Center Apt. 430, Christopherburgh, PR 73659",79539,2024-06-14,35618,now suddenly,1,725.87
76371,Kathleen Thomas,"90697 Thomas Center Apt. 430, Christopherburgh, PR 73659",79539,2024-06-14,3588,collection child,4,52.62
92813,Katherine Smith,"751 Stewart Tunnel Suite 073, West Dariusside, IA 01372",17116,2024-02-03,4361,follow it,2,328.54
92813,Katherine Smith,"751 Stewart Tunnel Suite 073, West Dariusside, IA 01372",17116,2024-02-03,22733,seat your,1,790.71
92813,Katherine Smith,"751 Stewart Tunnel Suite 073, West Dariusside, IA 01372",44926,2024-09-13,13073,table after,2,92.97
92813,Katherine Smith,"751 Stewart Tunnel Suite 073, West Dariusside, IA 01372",44926,2024-09-13,60947,front letter,2,793.46
92813,Katherine Smith,"751 Stewart Tunnel Suite 073, West Dariusside, IA 01372",44926,2024-09-13,2649,themselves person,4,382.08
89610,Robert Mendez,"8660 Melissa Well Suite 885, Donnastad, PR 62692",92689,2024-05-28,70918,team clear,4,59.7
89610,Robert Mendez,"8660 Melissa Well Suite 885, Donnastad, PR 62692",92689,2024-05-28,2649,themselves person,5,382.08
89610,Robert Mendez,"8660 Melissa Well Suite 885, Donnastad, PR 62692",46591,2024-05-20,23419,represent which,1,615.92
99993,William Morris,"996 Kathryn Mountain Apt. 500, Williambury, MD 06774",98464,2024-08-25,5537,why day,5,432.56
99993,William Morris,"996 Kathryn Mountain Apt. 500, Williambury, MD 06774",76001,2024-08-16,83277,west western,2,882.67
99993,William Morris,"996 Kathryn Mountain Apt. 500, Williambury, MD 06774",76001,2024-08-16,66984,car data,5,115.17
99993,William Morris,"996 Kathryn Mountain Apt. 500, Williambury, MD 06774",76001,2024-08-16,7628,call thought,4,671.06
99993,William Morris,"996 Kathryn Mountain Apt. 500, Williambury, MD 06774",26584,2024-08-11,4459,admit measure,3,737.28
99993,William Morris,"996 Kathryn Mountain Apt. 500, Williambury, MD 06774",26584,2024-08-11,88584,law within,1,851.28
99993,William Morris,"996 Kathryn Mountain Apt. 500, Williambury, MD 06774",8051,2024-06-16,62335,man series,5,619.45
99993,William Morris,"996 Kathryn Mountain Apt. 500, Williambury, MD 06774",40740,2024-04-04,66223,specific serious,1,763.48
99993,William Morris,"996 Kathryn Mountain Apt. 500, Williambury, MD 06774",40740,2024-04-04,89010,state since,1,773.88
99993,William Morris,"996 Kathryn Mountain Apt. 500, Williambury, MD 06774",40740,2024-04-04,53539,radio develop,5,458.26
68580,Matthew Oconnor,"098 Steve Mountain, Port Holly, SC 19373",28462,2023-12-11,44214,himself world,4,597.5
68580,Matthew Oconnor,"098 Steve Mountain, Port Holly, SC 19373",28462,2023-12-11,2649,themselves person,5,382.08
68580,Matthew Oconnor,"098 Steve Mountain, Port Holly, SC 19373",28462,2023-12-11,85138,same impact,5,638.88
68580,Matthew Oconnor,"098 Steve Mountain, Port Holly, SC 19373",15231,2023-11-16,93476,subject court,5,378.85
68580,Matthew Oconnor,"098 Steve Mountain, Port Holly, SC 19373",15231,2023-11-16,84927,team allow,3,332.14
68580,Matthew Oconnor,"098 Steve Mountain, Port Holly, SC 19373",15231,2023-11-16,23419,represent which,2,615.92
68580,Matthew Oconnor,"098 Steve Mountain, Port Holly, SC 19373",70980,2024-04-03,70552,blood sister,1,901.46
68580,Matthew Oconnor,"098 Steve Mountain, Port Holly, SC 19373",1764,2023-10-24,1025,against return,5,307.44
68580,Matthew Oconnor,"098 Steve Mountain, Port Holly, SC 19373",1764,2023-10-24,62762,amount seat,2,379.34
68580,Matthew Oconnor,"098 Steve Mountain, Port Holly, SC 19373",1764,2023-10-24,4080,reach physical,3,879.22
68580,Matthew Oconnor,"098 Steve Mountain, Port Holly, SC 19373",22671,2024-02-05,7628,call thought,2,671.06
68580,Matthew Oconnor,"098 Steve Mountain, Port Holly, SC 19373",22671,2024-02-05,20230,maintain finish,5,37.39
78069,Deborah Vargas,"287 Williams Falls Apt. 600, Christopherview, WA 48739",52996,2024-03-07,97994,remain discussion,4,534.48
78069,Deborah Vargas,"287 Williams Falls Apt. 600, Christopherview, WA 48739",52996,2024-03-07,23504,may somebody,1,223.91
78069,Deborah Vargas,"287 Williams Falls Apt. 600, Christopherview, WA 48739",52996,2024-03-07,10729,hotel degree,3,800.46
52685,Angela Clark,"23556 Jason Harbor Suite 791, Keithville, ID 01220",42990,2024-09-24,92810,citizen dream,4,876.79
52685,Angela Clark,"23556 Jason Harbor Suite 791, Keithville, ID 01220",25626,2024-01-30,91472,different state,1,513.47
52685,Angela Clark,"23556 Jason Harbor Suite 791, Keithville, ID 01220",25626,2024-01-30,60205,probably character,1,828.78
52685,Angela Clark,"23556 Jason Harbor Suite 791, Keithville, ID 01220",25626,2024-01-30,22733,seat your,1,790.71
52685,Angela Clark,"23556 Jason Harbor Suite 791, Keithville, ID 01220",5103,2024-07-31,74698,activity both,5,912.19
1835,Benjamin Goodman,"3354 Wilson Ferry Apt. 189, New Jill, SC 98270",5832,2024-03-20,23419,represent which,4,615.92
1835,Benjamin Goodman,"3354 Wilson Ferry Apt. 189, New Jill, SC 98270",5832,2024-03-20,4361,follow it,2,328.54
1835,Benjamin Goodman,"3354 Wilson Ferry Apt. 189, New Jill, SC 98270",5832,2024-03-20,13892,son how,2,889.57
1835,Benjamin Goodman,"3354 Wilson Ferry Apt. 189, New Jill, SC 98270",90823,2023-12-11,83028,impact reach,2,880.32
1835,Benjamin Goodman,"3354 Wilson Ferry Apt. 189, New Jill, SC 98270",90823,2023-12-11,13189,store daughter,1,150.25
1835,Benjamin Goodman,"3354 Wilson Ferry Apt. 189, New Jill, SC 98270",90823,2023-12-11,7628,call thought,5,671.06
1835,Benjamin Goodman,"3354 Wilson Ferry Apt. 189, New Jill, SC 98270",98898,2024-09-19,31238,church interest,3,54.88
1835,Benjamin Goodman,"3354 Wilson Ferry Apt. 189, New Jill, SC 98270",98898,2024-09-19,85138,same impact,2,638.88
1835,Benjamin Goodman,"3354 Wilson Ferry Apt. 189, New Jill, SC 98270",85702,2024-10-03,35577,tough no,4,41.98
1835,Benjamin Goodman,"3354 Wilson Ferry Apt. 189, New Jill, SC 98270",85702,2024-10-03,285,provide friend,4,162.6
1835,Benjamin Goodman,"3354 Wilson Ferry Apt. 189, New Jill, SC 98270",85702,2024-10-03,66984,car data,1,115.17
38127,Christina Avila,"217 Pena Vista, West Kelseyfurt, MA 04463",83979,2024-04-15,27975,make site,2,254.19
38127,Christina Avila,"217 Pena Vista, West Kelseyfurt, MA 04463",83979,2024-04-15,87329,worker organization,5,990.26
38127,Christina Avila,"217 Pena Vista, West Kelseyfurt, MA 04463",94775,2024-05-16,98176,single similar,4,698.81
38127,Christina Avila,"217 Pena Vista, West Kelseyfurt, MA 04463",94775,2024-05-16,10729,hotel degree,5,800.46
38127,Christina Avila,"217 Pena Vista, West Kelseyfurt, MA 04463",51818,2024-02-14,75590,fill condition,3,803.04
38127,Christina Avila,"217 Pena Vista, West Kelseyfurt, MA 04463",50673,2024-06-20,93476,subject court,4,378.85
38127,Christina Avila,"217 Pena Vista, West Kelseyfurt, MA 04463",73038,2024-08-09,91472,different state,5,513.47
38127,Christina Avila,"217 Pena Vista, West Kelseyfurt, MA 04463",73038,2024-08-09,62170,choice compare,3,506.51
38127,Christina Avila,"217 Pena Vista, West Kelseyfurt, MA 04463",73038,2024-08-09,66984,car data,5,115.17
17908,Hunter Sanchez,"95519 Gallagher Mountains, South Shawnchester, TN 09024",14238,2024-08-06,83277,west western,2,882.67
17908,Hunter Sanchez,"95519 Gallagher Mountains, South Shawnchester, TN 09024",14238,2024-08-06,62762,amount seat,2,379.34
59238,Scott Reynolds,"0375 Felicia Parkways, West Bethburgh, GA 45453",55890,2024-06-18,30480,area world,1,919.25
59238,Scott Reynolds,"0375 Felicia Parkways, West Bethburgh, GA 45453",55890,2024-06-18,7458,could tell,5,311.26
59238,Scott Reynolds,"0375 Felicia Parkways, West Bethburgh, GA 45453",55890,2024-06-18,35618,now suddenly,4,725.87
59238,Scott Reynolds,"0375 Felicia Parkways, West Bethburgh, GA 45453",49214,2024-03-17,87329,worker organization,3,990.26
59238,Scott Reynolds,"0375 Felicia Parkways, West Bethburgh, GA 45453",49214,2024-03-17,77235,low nor,5,31.54
59238,Scott Reynolds,"0375 Felicia Parkways, West Bethburgh, GA 45453",49214,2024-03-17,5537,why day,3,432.56
42561,Michael Stewart,"31545 Trevor Station, Martinezberg, DC 79169",72580,2024-07-03,44214,himself world,3,597.5
42561,Michael Stewart,"31545 Trevor Station, Martinezberg, DC 79169",72580,2024-07-03,7458,could tell,2,311.26
92398,Sean Todd,"Unit 4199 Box 2888, DPO AE 46101",38267,2023-11-10,46813,avoid loss,1,58.75
92398,Sean Todd,"Unit 4199 Box 2888, DPO AE 46101",38267,2023-11-10,62762,amount seat,4,379.34
92398,Sean Todd,"Unit 4199 Box 2888, DPO AE 46101",38267,2023-11-10,29940,cause here,5,967.4
66678,Brenda Ramirez,"930 Ryan Loop Apt. 077, Coltonport, ID 64746",60956,2024-04-04,60947,front letter,3,793.46
66678,Brenda Ramirez,"930 Ryan Loop Apt. 077, Coltonport, ID 64746",60956,2024-04-04,98176,single similar,2,698.81
66678,Brenda Ramirez,"930 Ryan Loop Apt. 077, Coltonport, ID 64746",60956,2024-04-04,78574,pretty little,3,275.46
66678,Brenda Ramirez,"930 Ryan Loop Apt. 077, Coltonport, ID 64746",49065,2024-02-11,89010,state since,1,773.88
16952,Dennis Mills,"875 David Oval Apt. 342, Emilyburgh, GU 41409",25573,2024-03-13,57048,central finish,3,349.0
16952,Dennis Mills,"875 David Oval Apt. 342, Emilyburgh, GU 41409",63871,2024-05-15,98054,if top,2,973.01
16952,Dennis Mills,"875 David Oval Apt. 342, Emilyburgh, GU 41409",63871,2024-05-15,66829,indicate glass,5,655.22
16952,Dennis Mills,"875 David Oval Apt. 342, Emilyburgh, GU 41409",63871,2024-05-15,25025,mouth key,3,575.89
16952,Dennis Mills,"875 David Oval Apt. 342, Emilyburgh, GU 41409",25834,2024-10-19,67406,threat mission,3,181.57
16952,Dennis Mills,"875 David Oval Apt. 342, Emilyburgh, GU 41409",29478,2024-08-14,88584,law within,4,851.28
16952,Dennis Mills,"875 David Oval Apt. 342, Emilyburgh, GU 41409",29478,2024-08-14,91362,training force,5,640.29
16952,Dennis Mills,"875 David Oval Apt. 342, Emilyburgh, GU 41409",11793,2024-09-27,41230,church always,5,428.98
96936,Laura Allen,"9410 Nicole Court, North Emmaton, MH 48963",13890,2024-03-04,91472,different state,3,513.47
96936,Laura Allen,"9410 Nicole Court, North Emmaton, MH 48963",13890,2024-03-04,62070,firm it,1,709.83
96936,Laura Allen,"9410 Nicole Court, North Emmaton, MH 48963",47356,2023-11-24,9991,each edge,1,185.47
96936,Laura Allen,"9410 Nicole Court, North Emmaton, MH 48963",47356,2023-11-24,66829,indicate glass,1,655.22
69485,Brenda Torres,"267 Wesley Flats Suite 358, Ginahaven, CO 46579",16771,2024-05-11,84855,fund account,3,216.8
69485,Brenda Torres,"267 Wesley Flats Suite 358, Ginahaven, CO 46579",58659,2024-01-03,66984,car data,5,115.17
69485,Brenda Torres,"267 Wesley Flats Suite 358, Ginahaven, CO 46579",58659,2024-01-03,95733,south interview,1,259.25
69485,Brenda Torres,"267 Wesley Flats Suite 358, Ginahaven, CO 46579",58195,2024-05-15,31238,church interest,5,54.88
73471,Samantha Aguilar,"532 Stephen Lodge, Katherinemouth, OR 54172",48061,2024-09-17,60205,probably character,4,828.78
73471,Samantha Aguilar,"532 Stephen Lodge, Katherinemouth, OR 54172",48061,2024-09-17,31238,church interest,4,54.88
73471,Samantha Aguilar,"532 Stephen Lodge, Katherinemouth, OR 54172",70237,2024-09-13,84855,fund account,1,216.8
73471,Samantha Aguilar,"532 Stephen Lodge, Katherinemouth, OR 54172",70237,2024-09-13,67406,threat mission,1,181.57
73471,Samantha Aguilar,"532 Stephen Lodge, Katherinemouth, OR 54172",70237,2024-09-13,62070,firm it,3,709.83
73471,Samantha Aguilar,"532 Stephen Lodge, Katherinemouth, OR 54172",29617,2024-09-25,3588,collection child,4,52.62
73471,Samantha Aguilar,"532 Stephen Lodge, Katherinemouth, OR 54172",29617,2024-09-25,31737,pull idea,5,700.12
73471,Samantha Aguilar,"532 Stephen Lodge, Katherinemouth, OR 54172",99593,2024-02-02,3436,he pattern,3,504.18
73471,Samantha Aguilar,"532 Stephen Lodge, Katherinemouth, OR 54172",99593,2024-02-02,89010,state since,3,773.88
73471,Samantha Aguilar,"532 Stephen Lodge, Katherinemouth, OR 54172",99593,2024-02-02,70552,blood sister,2,901.46
73471,Samantha Aguilar,"532 Stephen Lodge, Katherinemouth, OR 54172",60608,2024-04-07,66986,stay away,4,171.66
88883,Sandra Griffin,"86250 James Plaza, Alexanderport, MI 19829",89428,2024-07-19,37001,draw beyond,1,478.75
88883,Sandra Griffin,"86250 James Plaza, Alexanderport, MI 19829",89428,2024-07-19,2235,senior work,2,871.17
88883,Sandra Griffin,"86250 James Plaza, Alexanderport, MI 19829",89428,2024-07-19,91472,different state,3,513.47
88883,Sandra Griffin,"86250 James Plaza, Alexanderport, MI 19829",49556,2024-06-12,44518,build society,4,303.04
88883,Sandra Griffin,"86250 James Plaza, Alexanderport, MI 19829",49556,2024-06-12,285,provide friend,5,162.6
23789,Jennifer Brown,"29810 Thomas Rapid, Brownview, AS 28019",61189,2024-01-24,35740,fly catch,4,408.16
23789,Jennifer Brown,"29810 Thomas Rapid, Brownview, AS 28019",61189,2024-01-24,25025,mouth key,3,575.89
23789,Jennifer Brown,"29810 Thomas Rapid, Brownview, AS 28019",61189,2024-01-24,75590,fill condition,2,803.04
23789,Jennifer Brown,"29810 Thomas Rapid, Brownview, AS 28019",7193,2023-12-25,44214,himself world,4,597.5
23789,Jennifer Brown,"29810 Thomas Rapid, Brownview, AS 28019",7193,2023-12-25,48648,some onto,5,35.31
23789,Jennifer Brown,"29810 Thomas Rapid, Brownview, AS 28019",61824,2024-08-14,10729,hotel degree,5,800.46
23789,Jennifer Brown,"29810 Thomas Rapid, Brownview, AS 28019",61824,2024-08-14,39707,record give,5,271.2
23789,Jennifer Brown,"29810 Thomas Rapid, Brownview, AS 28019",40927,2024-03-31,74698,activity both,2,912.19
23789,Jennifer Brown,"29810 Thomas Rapid, Brownview, AS 28019",40927,2024-03-31,74698,activity both,4,912.19
23789,Jennifer Brown,"29810 Thomas Rapid, Brownview, AS 28019",40927,2024-03-31,99467,entire clear,5,168.62
21949,Cory Adams MD,"302 Andrew Mall, Ashleymouth, HI 48043",8945,2024-07-09,34209,new family,4,339.87
21949,Cory Adams MD,"302 Andrew Mall, Ashleymouth, HI 48043",8945,2024-07-09,91241,Republican police,3,442.29
21949,Cory Adams MD,"302 Andrew Mall, Ashleymouth, HI 48043",15152,2024-01-20,59794,economic power,3,146.78
21949,Cory Adams MD,"302 Andrew Mall, Ashleymouth, HI 48043",15152,2024-01-20,31238,church interest,5,54.88
21949,Cory Adams MD,"302 Andrew Mall, Ashleymouth, HI 48043",32124,2024-01-28,46813,avoid loss,1,58.75
21949,Cory Adams MD,"302 Andrew Mall, Ashleymouth, HI 48043",32124,2024-01-28,74698,activity both,3,912.19
21949,Cory Adams MD,"302 Andrew Mall, Ashleymouth, HI 48043",2197,2024-08-17,13073,table after,1,92.97
21949,Cory Adams MD,"302 Andrew Mall, Ashleymouth, HI 48043",2197,2024-08-17,78574,pretty little,2,275.46
79234,Christina Thompson,"657 Lin Mountain, South Teresa, RI 52140",37615,2024-09-01,97994,remain discussion,2,534.48
79234,Christina Thompson,"657 Lin Mountain, South Teresa, RI 52140",37615,2024-09-01,3588,collection child,1,52.62
1282,Sara Carpenter,"983 Watkins Cliffs Apt. 641, Davisbury, ID 75959",76991,2024-03-06,23504,may somebody,2,223.91
1282,Sara Carpenter,"983 Watkins Cliffs Apt. 641, Davisbury, ID 75959",76991,2024-03-06,7458,could tell,2,311.26
1282,Sara Carpenter,"983 Watkins Cliffs Apt. 641, Davisbury, ID 75959",76991,2024-03-06,35740,fly catch,2,408.16
1282,Sara Carpenter,"983 Watkins Cliffs Apt. 641, Davisbury, ID 75959",3192,2024-06-19,68778,rule deal,4,111.08
1282,Sara Carpenter,"983 Watkins Cliffs Apt. 641, Davisbury, ID 75959",3192,2024-06-19,37534,dark few,4,290.77
1282,Sara Carpenter,"983 Watkins Cliffs Apt. 641, Davisbury, ID 75959",78129,2024-07-09,20230,maintain finish,5,37.39
1282,Sara Carpenter,"983 Watkins Cliffs Apt. 641, Davisbury, ID 75959",47585,2024-05-19,62335,man series,1,619.45
1282,Sara Carpenter,"983 Watkins Cliffs Apt. 641, Davisbury, ID 75959",28630,2023-12-31,59794,economic power,5,146.78
1282,Sara Carpenter,"983 Watkins Cliffs Apt. 641, Davisbury, ID 75959",28630,2023-12-31,3588,collection child,3,52.62
73486,Cynthia Smith,"558 Richardson Gardens, Kimberlyton, GA 51793",14177,2024-01-10,62335,man series,2,619.45
73486,Cynthia Smith,"558 Richardson Gardens, Kimberlyton, GA 51793",14177,2024-01-10,49358,west build,3,812.37
73486,Cynthia Smith,"558 Richardson Gardens, Kimberlyton, GA 51793",14177,2024-01-10,62070,firm it,2,709.83
73486,Cynthia Smith,"558 Richardson Gardens, Kimberlyton, GA 51793",26111,2024-07-11,68778,rule deal,2,111.08
73486,Cynthia Smith,"558 Richardson Gardens, Kimberlyton, GA 51793",43933,2024-02-12,2649,themselves person,2,382.08
73486,Cynthia Smith,"558 Richardson Gardens, Kimberlyton, GA 51793",43933,2024-02-12,98054,if top,5,973.01
73486,Cynthia Smith,"558 Richardson Gardens, Kimberlyton, GA 51793",60288,2024-07-30,30630,share particularly,4,646.96
16058,Sabrina Brown,"69048 Melanie Bridge, New Johnstad, ND 07171",3281,2023-12-07,85138,same impact,5,638.88
16058,Sabrina Brown,"69048 Melanie Bridge, New Johnstad, ND 07171",3281,2023-12-07,13892,son how,3,889.57
16058,Sabrina Brown,"69048 Melanie Bridge, New Johnstad, ND 07171",3281,2023-12-07,98176,single similar,5,698.81
16058,Sabrina Brown,"69048 Melanie Bridge, New Johnstad, ND 07171",66073,2024-04-16,53539,radio develop,4,458.26
16058,Sabrina Brown,"69048 Melanie Bridge, New Johnstad, ND 07171",66073,2024-04-16,99677,game test,4,780.7
39108,Angela Edwards,"0336 Theresa Ferry Suite 543, West Alexander, NC 24414",69917,2024-06-25,83028,impact reach,2,880.32
39108,Angela Edwards,"0336 Theresa Ferry Suite 543, West Alexander, NC 24414",69917,2024-06-25,60205,probably character,1,828.78
39108,Angela Edwards,"0336 Theresa Ferry Suite 543, West Alexander, NC 24414",69917,2024-06-25,65859,however group,2,565.77
39108,Angela Edwards,"0336 Theresa Ferry Suite 543, West Alexander, NC 24414",29439,2024-02-16,79139,administration success,3,378.98
39108,Angela Edwards,"0336 Theresa Ferry Suite 543, West Alexander, NC 24414",29439,2024-02-16,23504,may somebody,4,223.91
39108,Angela Edwards,"0336 Theresa Ferry Suite 543, West Alexander, NC 24414",51185,2023-11-15,99467,entire clear,4,168.62
39108,Angela Edwards,"0336 Theresa Ferry Suite 543, West Alexander, NC 24414",51185,2023-11-15,13433,positive after,3,154.64
39108,Angela Edwards,"0336 Theresa Ferry Suite 543, West Alexander, NC 24414",58769,2024-07-16,88584,law within,2,851.28
2528,Elizabeth Rhodes,"5094 Jared Ports Suite 932, Nicoleshire, MN 89270",14725,2024-02-26,62762,amount seat,3,379.34
2528,Elizabeth Rhodes,"5094 Jared Ports Suite 932, Nicoleshire, MN 89270",9483,2024-05-03,4361,follow it,2,328.54
52147,Hunter Haynes,"708 Janet Corners Suite 637, Hillport, MH 29320",43641,2024-02-04,34209,new family,5,339.87
52147,Hunter Haynes,"708 Janet Corners Suite 637, Hillport, MH 29320",67543,2024-06-12,30480,area world,2,919.25
52147,Hunter Haynes,"708 Janet Corners Suite 637, Hillport, MH 29320",67543,2024-06-12,99467,entire clear,2,168.62
52147,Hunter Haynes,"708 Janet Corners Suite 637, Hillport, MH 29320",24486,2024-04-02,53539,radio develop,1,458.26
11162,Cassandra Rivera,"85071 Chapman Corner Suite 146, Leonardfurt, MT 71930",30449,2024-01-28,24491,friend senior,2,785.53
11162,Cassandra Rivera,"85071 Chapman Corner Suite 146, Leonardfurt, MT 71930",30449,2024-01-28,31737,pull idea,5,700.12
11162,Cassandra Rivera,"85071 Chapman Corner Suite 146, Leonardfurt, MT 71930",30449,2024-01-28,52265,international watch,5,110.68
11528,Vincent Park,"00396 Jessica Villages, South Michelemouth, CO 95138",79242,2024-02-26,35618,now suddenly,1,725.87
11528,Vincent Park,"00396 Jessica Villages, South Michelemouth, CO 95138",79242,2024-02-26,2649,themselves person,1,382.08
11528,Vincent Park,"00396 Jessica Villages, South Michelemouth, CO 95138",9900,2024-05-07,99677,game test,1,780.7
11528,Vincent Park,"00396 Jessica Villages, South Michelemouth, CO 95138",99800,2024-03-07,9991,each edge,3,185.47
11528,Vincent Park,"00396 Jessica Villages, South Michelemouth, CO 95138",99800,2024-03-07,38257,few trade,4,712.15
11528,Vincent Park,"00396 Jessica Villages, South Michelemouth, CO 95138",99800,2024-03-07,99677,game test,4,780.7
11528,Vincent Park,"00396 Jessica Villages, South Michelemouth, CO 95138",19780,2024-03-22,98054,if top,2,973.01
11528,Vincent Park,"00396 Jessica Villages, South Michelemouth, CO 95138",19780,2024-03-22,78574,pretty little,2,275.46
11528,Vincent Park,"00396 Jessica Villages, South Michelemouth, CO 95138",19780,2024-03-22,38980,light together,4,757.42
11528,Vincent Park,"00396 Jessica Villages, South Michelemouth, CO 95138",79031,2023-11-26,98176,single similar,4,698.81
11528,Vincent Park,"00396 Jessica Villages, South Michelemouth, CO 95138",79031,2023-11-26,99467,entire clear,3,168.62
11528,Vincent Park,"00396 Jessica Villages, South Michelemouth, CO 95138",79031,2023-11-26,93476,subject court,2,378.85
18511,Rebecca Smith,"191 Daniel Prairie, Kimberlyview, NY 23548",48825,2024-06-14,22733,seat your,1,790.71
18511,Rebecca Smith,"191 Daniel Prairie, Kimberlyview, NY 23548",87183,2024-09-25,98054,if top,5,973.01
18511,Rebecca Smith,"191 Daniel Prairie, Kimberlyview, NY 23548",22953,2024-01-14,22733,seat your,1,790.71
18511,Rebecca Smith,"191 Daniel Prairie, Kimberlyview, NY 23548",18899,2023-12-07,3588,collection child,3,52.62
7436,Zoe Fisher,"048 Gilmore Drives Suite 041, South Paula, WI 27840",41458,2023-11-09,84927,team allow,4,332.14
7436,Zoe Fisher,"048 Gilmore Drives Suite 041, South Paula, WI 27840",96645,2024-08-19,74698,activity both,2,912.19
7436,Zoe Fisher,"048 Gilmore Drives Suite 041, South Paula, WI 27840",16911,2024-01-05,22733,seat your,3,790.71
7436,Zoe Fisher,"048 Gilmore Drives Suite 041, South Paula, WI 27840",16911,2024-01-05,88584,law within,4,851.28
7436,Zoe Fisher,"048 Gilmore Drives Suite 041, South Paula, WI 27840",16911,2024-01-05,39680,wait phone,1,390.08
56907,Kristopher Martin,"Unit 7351 Box 0243, DPO AP 98532",34639,2024-07-09,66986,stay away,4,171.66
56907,Kristopher Martin,"Unit 7351 Box 0243, DPO AP 98532",34639,2024-07-09,30480,area world,1,919.25
56907,Kristopher Martin,"Unit 7351 Box 0243, DPO AP 98532",34639,2024-07-09,57048,central finish,4,349.0
56907,Kristopher Martin,"Unit 7351 Box 0243, DPO AP 98532",39868,2024-04-28,22733,seat your,3,790.71
56907,Kristopher Martin,"Unit 7351 Box 0243, DPO AP 98532",39868,2024-04-28,83028,impact reach,4,880.32
56907,Kristopher Martin,"Unit 7351 Box 0243, DPO AP 98532",21358,2024-05-31,89010,state since,2,773.88
56907,Kristopher Martin,"Unit 7351 Box 0243, DPO AP 98532",21358,2024-05-31,92810,citizen dream,1,876.79
44483,Ronald Smith,"3088 Hahn Shoals, Gutierrezport, ME 26947",12947,2024-07-03,35577,tough no,5,41.98
44483,Ronald Smith,"3088 Hahn Shoals, Gutierrezport, ME 26947",12947,2024-07-03,58821,yard identify,4,399.75
44483,Ronald Smith,"3088 Hahn Shoals, Gutierrezport, ME 26947",61630,2024-03-14,70552,blood sister,2,901.46
44483,Ronald Smith,"3088 Hahn Shoals, Gutierrezport, ME 26947",61630,2024-03-14,38980,light together,2,757.42
22472,Justin Ortiz,"523 Campbell Locks Suite 827, New Christianberg, PA 37523",16198,2024-08-04,91241,Republican police,3,442.29
22472,Justin Ortiz,"523 Campbell Locks Suite 827, New Christianberg, PA 37523",16198,2024-08-04,44214,himself world,5,597.5
22472,Justin Ortiz,"523 Campbell Locks Suite 827, New Christianberg, PA 37523",16198,2024-08-04,91362,training force,2,640.29
22472,Justin Ortiz,"523 Campbell Locks Suite 827, New Christianberg, PA 37523",12524,2024-08-05,44518,build society,2,303.04
22472,Justin Ortiz,"523 Campbell Locks Suite 827, New Christianberg, PA 37523",12524,2024-08-05,98176,single similar,4,698.81
22472,Justin Ortiz,"523 Campbell Locks Suite 827, New Christianberg, PA 37523",12524,2024-08-05,29940,cause here,1,967.4
22472,Justin Ortiz,"523 Campbell Locks Suite 827, New Christianberg, PA 37523",96273,2024-05-15,95733,south interview,1,259.25
22472,Justin Ortiz,"523 Campbell Locks Suite 827, New Christianberg, PA 37523",96273,2024-05-15,98054,if top,3,973.01
22472,Justin Ortiz,"523 Campbell Locks Suite 827, New Christianberg, PA 37523",96273,2024-05-15,49358,west build,4,812.37
22472,Justin Ortiz,"523 Campbell Locks Suite 827, New Christianberg, PA 37523",24536,2024-02-22,23419,represent which,1,615.92
22472,Justin Ortiz,"523 Campbell Locks Suite 827, New Christianberg, PA 37523",95244,2023-12-13,79139,administration success,1,378.98
22472,Justin Ortiz,"523 Campbell Locks Suite 827, New Christianberg, PA 37523",95244,2023-12-13,89010,state since,1,773.88
22472,Justin Ortiz,"523 Campbell Locks Suite 827, New Christianberg, PA 37523",95244,2023-12-13,98176,single similar,2,698.81
21149,Dr. Megan Ray,"48173 Daniel Well, Underwoodborough, FL 57292",69432,2024-08-17,9868,reduce first,2,882.4
21149,Dr. Megan Ray,"48173 Daniel Well, Underwoodborough, FL 57292",69432,2024-08-17,52265,international watch,3,110.68
21149,Dr. Megan Ray,"48173 Daniel Well, Underwoodborough, FL 57292",8541,2023-12-08,35740,fly catch,5,408.16
21149,Dr. Megan Ray,"48173 Daniel Well, Underwoodborough, FL 57292",8541,2023-12-08,66986,stay away,1,171.66
35668,Russell Walsh,"8005 Rhonda Plains Suite 295, Leeland, KY 05198",408,2024-08-10,25217,case full,5,221.27
35668,Russell Walsh,"8005 Rhonda Plains Suite 295, Leeland, KY 05198",408,2024-08-10,39680,wait phone,5,390.08
35668,Russell Walsh,"8005 Rhonda Plains Suite 295, Leeland, KY 05198",408,2024-08-10,84927,team allow,5,332.14
54596,David Dawson,"0194 Heather Fork Apt. 343, Chadmouth, MP 62624",56291,2024-08-27,52265,international watch,5,110.68
54596,David Dawson,"0194 Heather Fork Apt. 343, Chadmouth, MP 62624",56291,2024-08-27,35618,now suddenly,2,725.87
54596,David Dawson,"0194 Heather Fork Apt. 343, Chadmouth, MP 62624",56291,2024-08-27,60947,front letter,4,793.46
90527,Raven Kennedy,"919 Kimberly Pass, Meyertown, UT 90528",19979,2024-05-02,66223,specific serious,1,763.48
90527,Raven Kennedy,"919 Kimberly Pass, Meyertown, UT 90528",35325,2024-10-17,74698,activity both,2,912.19
90527,Raven Kennedy,"919 Kimberly Pass, Meyertown, UT 90528",35325,2024-10-17,39680,wait phone,5,390.08
22144,Nichole Reyes,"2220 William Crescent Apt. 908, New Loriburgh, WA 60241",95117,2024-06-18,27975,make site,5,254.19
22144,Nichole Reyes,"2220 William Crescent Apt. 908, New Loriburgh, WA 60241",95117,2024-06-18,79139,administration success,2,378.98
22144,Nichole Reyes,"2220 William Crescent Apt. 908, New Loriburgh, WA 60241",44021,2024-07-20,70552,blood sister,1,901.46
22144,Nichole Reyes,"2220 William Crescent Apt. 908, New Loriburgh, WA 60241",83371,2024-02-28,77235,low nor,2,31.54
22144,Nichole Reyes,"2220 William Crescent Apt. 908, New Loriburgh, WA 60241",83371,2024-02-28,62170,choice compare,5,506.51
22144,Nichole Reyes,"2220 William Crescent Apt. 908, New Loriburgh, WA 60241",83371,2024-02-28,91241,Republican police,4,442.29
22144,Nichole Reyes,"2220 William Crescent Apt. 908, New Loriburgh, WA 60241",86861,2024-01-30,38980,light together,3,757.42
22144,Nichole Reyes,"2220 William Crescent Apt. 908, New Loriburgh, WA 60241",86861,2024-01-30,60947,front letter,1,793.46
75719,Christina Sharp,"490 Brown Skyway, Port Patrickchester, SC 84618",44678,2024-07-28,37534,dark few,5,290.77
75719,Christina Sharp,"490 Brown Skyway, Port Patrickchester, SC 84618",92326,2024-05-07,29397,level visit,1,346.42
75719,Christina Sharp,"490 Brown Skyway, Port Patrickchester, SC 84618",92326,2024-05-07,79139,administration success,1,378.98
75719,Christina Sharp,"490 Brown Skyway, Port Patrickchester, SC 84618",92326,2024-05-07,83277,west western,1,882.67
75719,Christina Sharp,"490 Brown Skyway, Port Patrickchester, SC 84618",30506,2023-11-01,27041,popular figure,4,483.9
75719,Christina Sharp,"490 Brown Skyway, Port Patrickchester, SC 84618",30506,2023-11-01,65859,however group,3,565.77
75719,Christina Sharp,"490 Brown Skyway, Port Patrickchester, SC 84618",95482,2024-02-03,30630,share particularly,1,646.96
1518,John Cohen,"374 Haley Pine, New Cody, WI 83539",97689,2024-01-28,12041,most easy,5,550.4
1518,John Cohen,"374 Haley Pine, New Cody, WI 83539",47145,2024-03-03,58821,yard identify,3,399.75
1518,John Cohen,"374 Haley Pine, New Cody, WI 83539",47145,2024-03-03,66829,indicate glass,5,655.22
1518,John Cohen,"374 Haley Pine, New Cody, WI 83539",62770,2023-12-31,91472,different state,2,513.47
1518,John Cohen,"374 Haley Pine, New Cody, WI 83539",72918,2023-11-04,89010,state since,2,773.88
1518,John Cohen,"374 Haley Pine, New Cody, WI 83539",72918,2023-11-04,41230,church always,5,428.98
1518,John Cohen,"374 Haley Pine, New Cody, WI 83539",72918,2023-11-04,66829,indicate glass,3,655.22
1518,John Cohen,"374 Haley Pine, New Cody, WI 83539",80446,2024-03-01,35577,tough no,4,41.98
1518,John Cohen,"374 Haley Pine, New Cody, WI 83539",80446,2024-03-01,59794,economic power,4,146.78
1518,John Cohen,"374 Haley Pine, New Cody, WI 83539",80446,2024-03-01,62070,firm it,5,709.83
62721,Lisa Torres,"506 Ronald Estates, Barrettberg, DE 46684",9098,2024-09-14,48648,some onto,5,35.31
62721,Lisa Torres,"506 Ronald Estates, Barrettberg, DE 46684",12346,2024-02-19,2649,themselves person,4,382.08
62721,Lisa Torres,"506 Ronald Estates, Barrettberg, DE 46684",12346,2024-02-19,92810,citizen dream,2,876.79
62721,Lisa Torres,"506 Ronald Estates, Barrettberg, DE 46684",12346,2024-02-19,20230,maintain finish,3,37.39
27481,Alexander Barker,"039 Smith Club Suite 111, Port Bob, DE 72496",95377,2024-05-20,52265,international watch,4,110.68
27481,Alexander Barker,"039 Smith Club Suite 111, Port Bob, DE 72496",95377,2024-05-20,57048,central finish,4,349.0
27481,Alexander Barker,"039 Smith Club Suite 111, Port Bob, DE 72496",25853,2024-02-04,35577,tough no,1,41.98
27481,Alexander Barker,"039 Smith Club Suite 111, Port Bob, DE 72496",25853,2024-02-04,44214,himself world,1,597.5
27481,Alexander Barker,"039 Smith Club Suite 111, Port Bob, DE 72496",21257,2024-04-20,88584,law within,4,851.28
27481,Alexander Barker,"039 Smith Club Suite 111, Port Bob, DE 72496",21257,2024-04-20,87329,worker organization,2,990.26
27481,Alexander Barker,"039 Smith Club Suite 111, Port Bob, DE 72496",21257,2024-04-20,35618,now suddenly,1,725.87
37279,Leah Lee,"Unit 0685 Box 4811, DPO AE 22431",14153,2024-07-05,3436,he pattern,4,504.18
37279,Leah Lee,"Unit 0685 Box 4811, DPO AE 22431",14153,2024-07-05,12041,most easy,3,550.4
37279,Leah Lee,"Unit 0685 Box 4811, DPO AE 22431",14153,2024-07-05,35618,now suddenly,3,725.87
37279,Leah Lee,"Unit 0685 Box 4811, DPO AE 22431",86826,2023-10-22,29397,level visit,4,346.42
37279,Leah Lee,"Unit 0685 Box 4811, DPO AE 22431",59719,2024-03-26,99677,game test,2,780.7
37279,Leah Lee,"Unit 0685 Box 4811, DPO AE 22431",59719,2024-03-26,62170,choice compare,3,506.51
37279,Leah Lee,"Unit 0685 Box 4811, DPO AE 22431",59719,2024-03-26,68778,rule deal,3,111.08
37279,Leah Lee,"Unit 0685 Box 4811, DPO AE 22431",29410,2024-05-09,38980,light together,2,757.42
37279,Leah Lee,"Unit 0685 Box 4811, DPO AE 22431",29410,2024-05-09,79139,administration success,1,378.98
72995,Scott Winters,"99265 Jason Junction, South Matthewburgh, TN 05915",30923,2024-05-15,62762,amount seat,1,379.34
72995,Scott Winters,"99265 Jason Junction, South Matthewburgh, TN 05915",30923,2024-05-15,75590,fill condition,2,803.04
72995,Scott Winters,"99265 Jason Junction, South Matthewburgh, TN 05915",30923,2024-05-15,44518,build society,3,303.04
72995,Scott Winters,"99265 Jason Junction, South Matthewburgh, TN 05915",29014,2024-07-23,44214,himself world,2,597.5
72995,Scott Winters,"99265 Jason Junction, South Matthewburgh, TN 05915",46013,2024-04-06,9991,each edge,5,185.47
72995,Scott Winters,"99265 Jason Junction, South Matthewburgh, TN 05915",46013,2024-04-06,13433,positive after,3,154.64
72995,Scott Winters,"99265 Jason Junction, South Matthewburgh, TN 05915",83437,2024-01-12,7458,could tell,1,311.26
72995,Scott Winters,"99265 Jason Junction, South Matthewburgh, TN 05915",83437,2024-01-12,74698,activity both,2,912.19
72995,Scott Winters,"99265 Jason Junction, South Matthewburgh, TN 05915",83437,2024-01-12,31737,pull idea,3,700.12
72995,Scott Winters,"99265 Jason Junction, South Matthewburgh, TN 05915",87783,2024-04-01,44518,build society,3,303.04
72995,Scott Winters,"99265 Jason Junction, South Matthewburgh, TN 05915",87783,2024-04-01,92810,citizen dream,1,876.79
72995,Scott Winters,"99265 Jason Junction, South Matthewburgh, TN 05915",87783,2024-04-01,24491,friend senior,4,785.53
79073,Heidi Dunn,"503 Misty Isle, Amandachester, GU 21955",48535,2024-06-17,68778,rule deal,5,111.08
79073,Heidi Dunn,"503 Misty Isle, Amandachester, GU 21955",48535,2024-06-17,37001,draw beyond,2,478.75
79073,Heidi Dunn,"503 Misty Isle, Amandachester, GU 21955",139,2024-01-22,4080,reach physical,2,879.22
79073,Heidi Dunn,"503 Misty Isle, Amandachester, GU 21955",139,2024-01-22,7458,could tell,3,311.26
52721,Lindsay Shelton,"316 Norton Ridge, Martinville, WV 50447",60177,2024-09-05,35577,tough no,4,41.98
52721,Lindsay Shelton,"316 Norton Ridge, Martinville, WV 50447",52153,2024-05-30,49358,west build,2,812.37
52721,Lindsay Shelton,"316 Norton Ridge, Martinville, WV 50447",52153,2024-05-30,38980,light together,2,757.42
52721,Lindsay Shelton,"316 Norton Ridge, Martinville, WV 50447",52153,2024-05-30,10729,hotel degree,5,800.46
52721,Lindsay Shelton,"316 Norton Ridge, Martinville, WV 50447",54445,2024-08-16,12041,most easy,5,550.4
52721,Lindsay Shelton,"316 Norton Ridge, Martinville, WV 50447",52023,2024-08-08,66829,indicate glass,4,655.22
52721,Lindsay Shelton,"316 Norton Ridge, Martinville, WV 50447",52023,2024-08-08,22733,seat your,3,790.71
52721,Lindsay Shelton,"316 Norton Ridge, Martinville, WV 50447",77625,2024-01-18,66984,car data,4,115.17
52721,Lindsay Shelton,"316 Norton Ridge, Martinville, WV 50447",77625,2024-01-18,23504,may somebody,5,223.91
74730,Joanna Dean,"620 Valerie Creek Suite 212, West Denisechester, AR 78821",50244,2024-02-01,85138,same impact,5,638.88
74730,Joanna Dean,"620 Valerie Creek Suite 212, West Denisechester, AR 78821",81063,2024-01-02,35577,tough no,2,41.98
74730,Joanna Dean,"620 Valerie Creek Suite 212, West Denisechester, AR 78821",81063,2024-01-02,41078,break of,2,395.12
74730,Joanna Dean,"620 Valerie Creek Suite 212, West Denisechester, AR 78821",81063,2024-01-02,79139,administration success,1,378.98
74730,Joanna Dean,"620 Valerie Creek Suite 212, West Denisechester, AR 78821",22923,2024-01-09,70552,blood sister,4,901.46
74730,Joanna Dean,"620 Valerie Creek Suite 212, West Denisechester, AR 78821",27915,2023-11-27,285,provide friend,5,162.6
74730,Joanna Dean,"620 Valerie Creek Suite 212, West Denisechester, AR 78821",27915,2023-11-27,39707,record give,3,271.2
74730,Joanna Dean,"620 Valerie Creek Suite 212, West Denisechester, AR 78821",91823,2024-10-08,78574,pretty little,4,275.46
74730,Joanna Dean,"620 Valerie Creek Suite 212, West Denisechester, AR 78821",91823,2024-10-08,98054,if top,1,973.01
6519,Sara Perez,"7159 Casey Gateway, North Angel, VI 95645",64662,2023-10-30,58821,yard identify,2,399.75
6519,Sara Perez,"7159 Casey Gateway, North Angel, VI 95645",64662,2023-10-30,83028,impact reach,1,880.32
6519,Sara Perez,"7159 Casey Gateway, North Angel, VI 95645",64662,2023-10-30,52265,international watch,3,110.68
6519,Sara Perez,"7159 Casey Gateway, North Angel, VI 95645",94923,2024-05-23,75590,fill condition,2,803.04
6519,Sara Perez,"7159 Casey Gateway, North Angel, VI 95645",94923,2024-05-23,20230,maintain finish,5,37.39
6519,Sara Perez,"7159 Casey Gateway, North Angel, VI 95645",94923,2024-05-23,59794,economic power,4,146.78
6519,Sara Perez,"7159 Casey Gateway, North Angel, VI 95645",64013,2023-10-31,60205,probably character,3,828.78
6519,Sara Perez,"7159 Casey Gateway, North Angel, VI 95645",64013,2023-10-31,91362,training force,1,640.29
6519,Sara Perez,"7159 Casey Gateway, North Angel, VI 95645",64013,2023-10-31,46813,avoid loss,4,58.75
6519,Sara Perez,"7159 Casey Gateway, North Angel, VI 95645",8910,2024-06-24,89010,state since,1,773.88
6519,Sara Perez,"7159 Casey Gateway, North Angel, VI 95645",3998,2024-08-28,52265,international watch,1,110.68
6519,Sara Perez,"7159 Casey Gateway, North Angel, VI 95645",3998,2024-08-28,88584,law within,2,851.28
91860,Kaylee Ward,"42288 Lewis Harbor, West Stevenside, CT 53252",31964,2024-09-10,9868,reduce first,1,882.4
91860,Kaylee Ward,"42288 Lewis Harbor, West Stevenside, CT 53252",31964,2024-09-10,88584,law within,2,851.28
91860,Kaylee Ward,"42288 Lewis Harbor, West Stevenside, CT 53252",66575,2024-05-27,38257,few trade,5,712.15
91860,Kaylee Ward,"42288 Lewis Harbor, West Stevenside, CT 53252",68479,2024-06-29,74698,activity both,5,912.19
91860,Kaylee Ward,"42288 Lewis Harbor, West Stevenside, CT 53252",68479,2024-06-29,60947,front letter,3,793.46
99243,Clayton Sanchez,"0233 David Alley Apt. 967, Albertview, NC 79115",60837,2024-09-16,13073,table after,5,92.97
99243,Clayton Sanchez,"0233 David Alley Apt. 967, Albertview, NC 79115",60176,2023-12-01,62335,man series,4,619.45
99243,Clayton Sanchez,"0233 David Alley Apt. 967, Albertview, NC 79115",60176,2023-12-01,5537,why day,1,432.56
99243,Clayton Sanchez,"0233 David Alley Apt. 967, Albertview, NC 79115",60176,2023-12-01,29397,level visit,3,346.42
99243,Clayton Sanchez,"0233 David Alley Apt. 967, Albertview, NC 79115",88072,2024-03-21,34209,new family,3,339.87
99243,Clayton Sanchez,"0233 David Alley Apt. 967, Albertview, NC 79115",6298,2024-09-07,66986,stay away,4,171.66
99243,Clayton Sanchez,"0233 David Alley Apt. 967, Albertview, NC 79115",63779,2024-09-21,20230,maintain finish,3,37.39
99243,Clayton Sanchez,"0233 David Alley Apt. 967, Albertview, NC 79115",63779,2024-09-21,87329,worker organization,5,990.26
99243,Clayton Sanchez,"0233 David Alley Apt. 967, Albertview, NC 79115",63779,2024-09-21,91472,different state,5,513.47
66724,Theresa Smith,"Unit 7566 Box 5912, DPO AE 15898",25564,2024-03-07,31238,church interest,1,54.88
44360,Denise Sims,"994 Benjamin Flats Suite 370, West Jose, SC 71456",71127,2024-03-10,31737,pull idea,3,700.12
44360,Denise Sims,"994 Benjamin Flats Suite 370, West Jose, SC 71456",71127,2024-03-10,27041,popular figure,1,483.9
44360,Denise Sims,"994 Benjamin Flats Suite 370, West Jose, SC 71456",71127,2024-03-10,62762,amount seat,2,379.34
44360,Denise Sims,"994 Benjamin Flats Suite 370, West Jose, SC 71456",59597,2024-05-27,13189,store daughter,5,150.25
44360,Denise Sims,"994 Benjamin Flats Suite 370, West Jose, SC 71456",33526,2024-07-21,91472,different state,4,513.47
44360,Denise Sims,"994 Benjamin Flats Suite 370, West Jose, SC 71456",33526,2024-07-21,38257,few trade,5,712.15
44360,Denise Sims,"994 Benjamin Flats Suite 370, West Jose, SC 71456",33526,2024-07-21,59794,economic power,2,146.78
49311,David Boyd,"914 Nolan Harbor, Hopkinsport, NM 55206",57807,2024-06-24,77235,low nor,5,31.54
49311,David Boyd,"914 Nolan Harbor, Hopkinsport, NM 55206",57807,2024-06-24,30630,share particularly,2,646.96
49311,David Boyd,"914 Nolan Harbor, Hopkinsport, NM 55206",57807,2024-06-24,14861,social ahead,4,118.94
49311,David Boyd,"914 Nolan Harbor, Hopkinsport, NM 55206",58546,2024-03-31,9991,each edge,2,185.47
49311,David Boyd,"914 Nolan Harbor, Hopkinsport, NM 55206",58546,2024-03-31,44214,himself world,2,597.5
49311,David Boyd,"914 Nolan Harbor, Hopkinsport, NM 55206",58546,2024-03-31,39680,wait phone,3,390.08
88027,Alex Price,"90881 Thomas Island Suite 525, Williamsshire, PW 21624",1427,2024-02-13,73670,government leg,5,838.01
88027,Alex Price,"90881 Thomas Island Suite 525, Williamsshire, PW 21624",1427,2024-02-13,20230,maintain finish,1,37.39
88027,Alex Price,"90881 Thomas Island Suite 525, Williamsshire, PW 21624",28499,2024-10-07,95733,south interview,2,259.25
88027,Alex Price,"90881 Thomas Island Suite 525, Williamsshire, PW 21624",28499,2024-10-07,52265,international watch,2,110.68
88027,Alex Price,"90881 Thomas Island Suite 525, Williamsshire, PW 21624",28499,2024-10-07,78574,pretty little,1,275.46
88027,Alex Price,"90881 Thomas Island Suite 525, Williamsshire, PW 21624",50864,2024-04-21,14861,social ahead,1,118.94
88027,Alex Price,"90881 Thomas Island Suite 525, Williamsshire, PW 21624",50864,2024-04-21,30630,share particularly,2,646.96
88027,Alex Price,"90881 Thomas Island Suite 525, Williamsshire, PW 21624",50864,2024-04-21,30630,share particularly,2,646.96
88027,Alex Price,"90881 Thomas Island Suite 525, Williamsshire, PW 21624",79784,2024-04-30,41230,church always,1,428.98
88027,Alex Price,"90881 Thomas Island Suite 525, Williamsshire, PW 21624",79784,2024-04-30,22733,seat your,1,790.71
88027,Alex Price,"90881 Thomas Island Suite 525, Williamsshire, PW 21624",79784,2024-04-30,27041,popular figure,5,483.9
91450,Angela King,"04191 Norris Hills, Philipfort, NJ 49172",84078,2024-06-23,31238,church interest,2,54.88
91450,Angela King,"04191 Norris Hills, Philipfort, NJ 49172",84078,2024-06-23,87329,worker organization,1,990.26
91450,Angela King,"04191 Norris Hills, Philipfort, NJ 49172",84078,2024-06-23,23419,represent which,2,615.92
91450,Angela King,"04191 Norris Hills, Philipfort, NJ 49172",95509,2024-04-07,13433,positive after,1,154.64
91450,Angela King,"04191 Norris Hills, Philipfort, NJ 49172",95509,2024-04-07,14861,social ahead,4,118.94
91450,Angela King,"04191 Norris Hills, Philipfort, NJ 49172",95509,2024-04-07,9868,reduce first,3,882.4
91450,Angela King,"04191 Norris Hills, Philipfort, NJ 49172",29149,2024-03-04,70918,team clear,4,59.7
91450,Angela King,"04191 Norris Hills, Philipfort, NJ 49172",29149,2024-03-04,31238,church interest,4,54.88
91450,Angela King,"04191 Norris Hills, Philipfort, NJ 49172",89214,2024-01-20,83028,impact reach,3,880.32
91450,Angela King,"04191 Norris Hills, Philipfort, NJ 49172",89214,2024-01-20,38980,light together,1,757.42
91450,Angela King,"04191 Norris Hills, Philipfort, NJ 49172",30927,2024-01-31,66984,car data,3,115.17
91450,Angela King,"04191 Norris Hills, Philipfort, NJ 49172",30927,2024-01-31,13433,positive after,2,154.64
91450,Angela King,"04191 Norris Hills, Philipfort, NJ 49172",30927,2024-01-31,24491,friend senior,2,785.53
64084,Mark Stewart,"82752 Watkins Plain Suite 694, West Morganfort, MI 15446",25825,2024-08-15,78574,pretty little,4,275.46
64084,Mark Stewart,"82752 Watkins Plain Suite 694, West Morganfort, MI 15446",89507,2024-05-27,37001,draw beyond,3,478.75
64084,Mark Stewart,"82752 Watkins Plain Suite 694, West Morganfort, MI 15446",89507,2024-05-27,30480,area world,3,919.25
64084,Mark Stewart,"82752 Watkins Plain Suite 694, West Morganfort, MI 15446",75999,2024-02-04,4080,reach physical,1,879.22
64084,Mark Stewart,"82752 Watkins Plain Suite 694, West Morganfort, MI 15446",75999,2024-02-04,3436,he pattern,4,504.18
64084,Mark Stewart,"82752 Watkins Plain Suite 694, West Morganfort, MI 15446",75999,2024-02-04,1025,against return,4,307.44
64084,Mark Stewart,"82752 Watkins Plain Suite 694, West Morganfort, MI 15446",99759,2024-02-15,85138,same impact,3,638.88
64084,Mark Stewart,"82752 Watkins Plain Suite 694, West Morganfort, MI 15446",22012,2023-11-28,67406,threat mission,3,181.57
64084,Mark Stewart,"82752 Watkins Plain Suite 694, West Morganfort, MI 15446",22012,2023-11-28,41078,break of,1,395.12
98424,Amber Mendez,"2497 Cole Lodge, Susanberg, IA 23076",37709,2023-11-28,41230,church always,5,428.98
44440,Kevin Cross,"206 Gonzalez Branch Suite 274, Louisville, WI 49934",53070,2023-12-06,4459,admit measure,1,737.28
44440,Kevin Cross,"206 Gonzalez Branch Suite 274, Louisville, WI 49934",27024,2024-05-11,13433,positive after,2,154.64
44440,Kevin Cross,"206 Gonzalez Branch Suite 274, Louisville, WI 49934",27024,2024-05-11,35618,now suddenly,2,725.87
11390,Sherri Pham,"5220 Tapia Alley, Elizabethside, OK 76747",16778,2024-01-24,62762,amount seat,4,379.34
11390,Sherri Pham,"5220 Tapia Alley, Elizabethside, OK 76747",16778,2024-01-24,66223,specific serious,2,763.48
11390,Sherri Pham,"5220 Tapia Alley, Elizabethside, OK 76747",43320,2024-01-22,12041,most easy,2,550.4
63837,Chelsea Ray,"95410 Justin Extensions Suite 073, West Paulmouth, MH 15088",42578,2024-01-06,5537,why day,1,432.56
63837,Chelsea Ray,"95410 Justin Extensions Suite 073, West Paulmouth, MH 15088",42578,2024-01-06,92810,citizen dream,1,876.79
63837,Chelsea Ray,"95410 Justin Extensions Suite 073, West Paulmouth, MH 15088",42578,2024-01-06,35577,tough no,5,41.98
63837,Chelsea Ray,"95410 Justin Extensions Suite 073, West Paulmouth, MH 15088",94449,2024-01-21,9991,each edge,3,185.47
63837,Chelsea Ray,"95410 Justin Extensions Suite 073, West Paulmouth, MH 15088",94449,2024-01-21,83277,west western,5,882.67
63837,Chelsea Ray,"95410 Justin Extensions Suite 073, West Paulmouth, MH 15088",94449,2024-01-21,20230,maintain finish,1,37.39
63837,Chelsea Ray,"95410 Justin Extensions Suite 073, West Paulmouth, MH 15088",4769,2024-10-13,93476,subject court,5,378.85
63837,Chelsea Ray,"95410 Justin Extensions Suite 073, West Paulmouth, MH 15088",4769,2024-10-13,65859,however group,2,565.77
63837,Chelsea Ray,"95410 Justin Extensions Suite 073, West Paulmouth, MH 15088",49561,2024-01-28,13892,son how,4,889.57
63837,Chelsea Ray,"95410 Justin Extensions Suite 073, West Paulmouth, MH 15088",49561,2024-01-28,9991,each edge,1,185.47
47586,Haley Mcclure,"632 Samuel Summit, Collinsville, MD 41564",34362,2024-07-04,66223,specific serious,4,763.48
47586,Haley Mcclure,"632 Samuel Summit, Collinsville, MD 41564",34362,2024-07-04,77235,low nor,4,31.54
47586,Haley Mcclure,"632 Samuel Summit, Collinsville, MD 41564",49288,2024-03-22,1025,against return,5,307.44
47586,Haley Mcclure,"632 Samuel Summit, Collinsville, MD 41564",49288,2024-03-22,2649,themselves person,4,382.08
47586,Haley Mcclure,"632 Samuel Summit, Collinsville, MD 41564",47075,2024-06-08,24491,friend senior,5,785.53
47586,Haley Mcclure,"632 Samuel Summit, Collinsville, MD 41564",81114,2024-01-27,9991,each edge,3,185.47
89959,Shane Thomas,"93328 Brandon Lodge Suite 419, Reillyview, MA 91683",1770,2024-04-16,87329,worker organization,1,990.26
89959,Shane Thomas,"93328 Brandon Lodge Suite 419, Reillyview, MA 91683",1770,2024-04-16,83028,impact reach,5,880.32
89959,Shane Thomas,"93328 Brandon Lodge Suite 419, Reillyview, MA 91683",1770,2024-04-16,23419,represent which,3,615.92
89959,Shane Thomas,"93328 Brandon Lodge Suite 419, Reillyview, MA 91683",25393,2023-12-26,23419,represent which,4,615.92
89959,Shane Thomas,"93328 Brandon Lodge Suite 419, Reillyview, MA 91683",25393,2023-12-26,13892,son how,4,889.57
89959,Shane Thomas,"93328 Brandon Lodge Suite 419, Reillyview, MA 91683",34797,2024-08-10,89010,state since,1,773.88
89959,Shane Thomas,"93328 Brandon Lodge Suite 419, Reillyview, MA 91683",34797,2024-08-10,62335,man series,5,619.45
89959,Shane Thomas,"93328 Brandon Lodge Suite 419, Reillyview, MA 91683",90903,2023-10-26,78574,pretty little,4,275.46
11397,Michael Robinson,"0731 Mccullough Loaf Apt. 244, North Gabriel, KY 63789",45723,2024-04-01,5537,why day,3,432.56
11397,Michael Robinson,"0731 Mccullough Loaf Apt. 244, North Gabriel, KY 63789",45723,2024-04-01,91241,Republican police,4,442.29
11397,Michael Robinson,"0731 Mccullough Loaf Apt. 244, North Gabriel, KY 63789",45723,2024-04-01,38980,light together,3,757.42
14541,Brett Anderson,"5201 Wilkinson Landing, West Steven, CA 50658",12679,2024-03-23,84927,team allow,5,332.14
14541,Brett Anderson,"5201 Wilkinson Landing, West Steven, CA 50658",12679,2024-03-23,62170,choice compare,3,506.51
14541,Brett Anderson,"5201 Wilkinson Landing, West Steven, CA 50658",12679,2024-03-23,88584,law within,4,851.28
76374,James Crawford Jr.,"754 Brian Path Suite 772, Port Rebecca, PA 20289",18894,2024-02-26,9868,reduce first,2,882.4
76374,James Crawford Jr.,"754 Brian Path Suite 772, Port Rebecca, PA 20289",18894,2024-02-26,99677,game test,3,780.7
76374,James Crawford Jr.,"754 Brian Path Suite 772, Port Rebecca, PA 20289",18894,2024-02-26,7458,could tell,3,311.26
3831,Dawn Gregory,"230 Reyes Causeway Suite 948, Robinsonmouth, FM 49849",58782,2024-01-06,74698,activity both,2,912.19
3831,Dawn Gregory,"230 Reyes Causeway Suite 948, Robinsonmouth, FM 49849",58782,2024-01-06,78574,pretty little,4,275.46
3831,Dawn Gregory,"230 Reyes Causeway Suite 948, Robinsonmouth, FM 49849",58782,2024-01-06,3588,collection child,1,52.62
82789,Denise Romero,"1481 James Freeway, West Matthew, DE 94690",99320,2024-09-23,4080,reach physical,5,879.22
82789,Denise Romero,"1481 James Freeway, West Matthew, DE 94690",99320,2024-09-23,44214,himself world,5,597.5
49179,Melinda Mcdaniel,"2752 Martin Station, Kurtfort, NH 22407",68553,2024-03-08,4459,admit measure,3,737.28
49179,Melinda Mcdaniel,"2752 Martin Station, Kurtfort, NH 22407",68553,2024-03-08,75590,fill condition,4,803.04
71941,Jamie Schwartz,"Unit 1490 Box 9772, DPO AE 93435",68607,2024-06-14,4080,reach physical,2,879.22
71941,Jamie Schwartz,"Unit 1490 Box 9772, DPO AE 93435",68607,2024-06-14,98054,if top,4,973.01
71941,Jamie Schwartz,"Unit 1490 Box 9772, DPO AE 93435",68607,2024-06-14,48648,some onto,2,35.31
71941,Jamie Schwartz,"Unit 1490 Box 9772, DPO AE 93435",51550,2024-01-12,22733,seat your,2,790.71
71941,Jamie Schwartz,"Unit 1490 Box 9772, DPO AE 93435",51550,2024-01-12,44214,himself world,1,597.5
71941,Jamie Schwartz,"Unit 1490 Box 9772, DPO AE 93435",51550,2024-01-12,25025,mouth key,2,575.89
93738,Walter Gill,"175 Charles Centers, New Monicaport, ID 86370",50619,2024-03-14,60205,probably character,3,828.78
93738,Walter Gill,"175 Charles Centers, New Monicaport, ID 86370",44983,2024-10-17,84855,fund account,5,216.8
78251,Emily Kent,"712 Jessica Mount, Keithborough, VT 41491",21390,2024-04-09,20230,maintain finish,4,37.39
78251,Emily Kent,"712 Jessica Mount, Keithborough, VT 41491",21390,2024-04-09,9868,reduce first,3,882.4
78251,Emily Kent,"712 Jessica Mount, Keithborough, VT 41491",21390,2024-04-09,75590,fill condition,4,803.04
14566,Derrick Miller,"72344 Kelly Center, Briantown, RI 39618",82887,2024-06-03,38980,light together,4,757.42
14566,Derrick Miller,"72344 Kelly Center, Briantown, RI 39618",82887,2024-06-03,89010,state since,2,773.88
97114,Cynthia Morgan,"USCGC Haas, FPO AA 10531",77988,2024-09-27,85138,same impact,5,638.88
97114,Cynthia Morgan,"USCGC Haas, FPO AA 10531",77988,2024-09-27,70918,team clear,5,59.7
97114,Cynthia Morgan,"USCGC Haas, FPO AA 10531",77988,2024-09-27,27041,popular figure,5,483.9
97114,Cynthia Morgan,"USCGC Haas, FPO AA 10531",17355,2023-11-19,88584,law within,3,851.28
97114,Cynthia Morgan,"USCGC Haas, FPO AA 10531",17355,2023-11-19,70166,let candidate,5,337.72
97114,Cynthia Morgan,"USCGC Haas, FPO AA 10531",17355,2023-11-19,35740,fly catch,1,408.16
97114,Cynthia Morgan,"USCGC Haas, FPO AA 10531",11405,2024-07-18,1025,against return,3,307.44
97114,Cynthia Morgan,"USCGC Haas, FPO AA 10531",11405,2024-07-18,29940,cause here,2,967.4
86457,Robert Johnson,"714 Atkinson Port Apt. 022, Port Pamela, MD 91257",13489,2023-11-15,31737,pull idea,5,700.12
86457,Robert Johnson,"714 Atkinson Port Apt. 022, Port Pamela, MD 91257",13489,2023-11-15,79139,administration success,4,378.98
86457,Robert Johnson,"714 Atkinson Port Apt. 022, Port Pamela, MD 91257",13489,2023-11-15,2649,themselves person,4,382.08
86457,Robert Johnson,"714 Atkinson Port Apt. 022, Port Pamela, MD 91257",60298,2023-11-01,83028,impact reach,1,880.32
86457,Robert Johnson,"714 Atkinson Port Apt. 022, Port Pamela, MD 91257",60298,2023-11-01,35618,now suddenly,3,725.87
86457,Robert Johnson,"714 Atkinson Port Apt. 022, Port Pamela, MD 91257",28626,2024-01-04,285,provide friend,4,162.6
86457,Robert Johnson,"714 Atkinson Port Apt. 022, Port Pamela, MD 91257",77387,2024-05-24,66984,car data,2,115.17
86457,Robert Johnson,"714 Atkinson Port Apt. 022, Port Pamela, MD 91257",77387,2024-05-24,98054,if top,4,973.01
86457,Robert Johnson,"714 Atkinson Port Apt. 022, Port Pamela, MD 91257",77387,2024-05-24,13189,store daughter,2,150.25
86457,Robert Johnson,"714 Atkinson Port Apt. 022, Port Pamela, MD 91257",47903,2024-09-20,87329,worker organization,4,990.26
86457,Robert Johnson,"714 Atkinson Port Apt. 022, Port Pamela, MD 91257",47903,2024-09-20,22733,seat your,3,790.71
53211,Nicholas Griffith,"9684 Allen Burg, Port Danastad, CA 06005",66574,2024-06-03,39707,record give,5,271.2
99661,Robin Herrera,"5461 Moore Gardens, Orrport, VT 71225",17858,2024-01-04,70552,blood sister,4,901.46
99661,Robin Herrera,"5461 Moore Gardens, Orrport, VT 71225",17858,2024-01-04,1025,against return,1,307.44
99661,Robin Herrera,"5461 Moore Gardens, Orrport, VT 71225",29919,2024-06-27,91241,Republican police,2,442.29
99661,Robin Herrera,"5461 Moore Gardens, Orrport, VT 71225",29919,2024-06-27,66829,indicate glass,4,655.22
99661,Robin Herrera,"5461 Moore Gardens, Orrport, VT 71225",29919,2024-06-27,9868,reduce first,2,882.4
99661,Robin Herrera,"5461 Moore Gardens, Orrport, VT 71225",76452,2024-06-17,79139,administration success,3,378.98
99661,Robin Herrera,"5461 Moore Gardens, Orrport, VT 71225",76452,2024-06-17,83028,impact reach,1,880.32
99661,Robin Herrera,"5461 Moore Gardens, Orrport, VT 71225",84534,2024-06-05,62335,man series,3,619.45
99661,Robin Herrera,"5461 Moore Gardens, Orrport, VT 71225",84534,2024-06-05,70166,let candidate,4,337.72
99661,Robin Herrera,"5461 Moore Gardens, Orrport, VT 71225",84534,2024-06-05,78574,pretty little,3,275.46
99661,Robin Herrera,"5461 Moore Gardens, Orrport, VT 71225",60004,2024-03-30,60205,probably character,2,828.78
99661,Robin Herrera,"5461 Moore Gardens, Orrport, VT 71225",60004,2024-03-30,30630,share particularly,5,646.96
61927,Carol Thornton,"0181 Austin Union, East Sean, OK 16829",35456,2024-05-08,29397,level visit,3,346.42
61927,Carol Thornton,"0181 Austin Union, East Sean, OK 16829",35456,2024-05-08,52265,international watch,2,110.68
88010,Linda Day,"59770 James Skyway, Kaylatown, DE 18878",46474,2023-12-28,48648,some onto,2,35.31
79748,Tracy Moore,"35969 Sanders Shore, North Brettton, WA 77052",95287,2023-11-18,2649,themselves person,4,382.08
79748,Tracy Moore,"35969 Sanders Shore, North Brettton, WA 77052",95287,2023-11-18,83277,west western,1,882.67
79748,Tracy Moore,"35969 Sanders Shore, North Brettton, WA 77052",95287,2023-11-18,60947,front letter,5,793.46
79748,Tracy Moore,"35969 Sanders Shore, North Brettton, WA 77052",63557,2024-07-30,58821,yard identify,3,399.75
79748,Tracy Moore,"35969 Sanders Shore, North Brettton, WA 77052",63557,2024-07-30,7458,could tell,3,311.26
79748,Tracy Moore,"35969 Sanders Shore, North Brettton, WA 77052",63557,2024-07-30,93476,subject court,5,378.85
79748,Tracy Moore,"35969 Sanders Shore, North Brettton, WA 77052",74443,2024-03-15,85138,same impact,4,638.88
79748,Tracy Moore,"35969 Sanders Shore, North Brettton, WA 77052",74443,2024-03-15,25025,mouth key,5,575.89
79748,Tracy Moore,"35969 Sanders Shore, North Brettton, WA 77052",74443,2024-03-15,77235,low nor,4,31.54
79748,Tracy Moore,"35969 Sanders Shore, North Brettton, WA 77052",46568,2024-08-18,38980,light together,4,757.42
79748,Tracy Moore,"35969 Sanders Shore, North Brettton, WA 77052",46568,2024-08-18,74698,activity both,2,912.19
63320,Stephen Bradford,"9600 Zhang Estate, Gutierrezville, AS 62203",93407,2024-06-21,93476,subject court,1,378.85
63320,Stephen Bradford,"9600 Zhang Estate, Gutierrezville, AS 62203",93407,2024-06-21,60205,probably character,5,828.78
63320,Stephen Bradford,"9600 Zhang Estate, Gutierrezville, AS 62203",54563,2024-09-23,41230,church always,2,428.98
63320,Stephen Bradford,"9600 Zhang Estate, Gutierrezville, AS 62203",54563,2024-09-23,73670,government leg,5,838.01
63320,Stephen Bradford,"9600 Zhang Estate, Gutierrezville, AS 62203",81482,2024-09-16,49358,west build,4,812.37
63320,Stephen Bradford,"9600 Zhang Estate, Gutierrezville, AS 62203",49559,2024-05-12,22733,seat your,1,790.71
62753,Christina Jackson,"772 Hanna Expressway Apt. 457, Leonardberg, MO 75700",37060,2024-03-30,24491,friend senior,5,785.53
73001,Bruce Lawson,"0350 Miller Summit Suite 865, Nathanmouth, GU 17054",66045,2024-09-07,70552,blood sister,3,901.46
73001,Bruce Lawson,"0350 Miller Summit Suite 865, Nathanmouth, GU 17054",66045,2024-09-07,62762,amount seat,3,379.34
73001,Bruce Lawson,"0350 Miller Summit Suite 865, Nathanmouth, GU 17054",42286,2024-03-27,66829,indicate glass,1,655.22
73001,Bruce Lawson,"0350 Miller Summit Suite 865, Nathanmouth, GU 17054",66119,2023-11-28,49358,west build,3,812.37
73001,Bruce Lawson,"0350 Miller Summit Suite 865, Nathanmouth, GU 17054",66119,2023-11-28,20230,maintain finish,1,37.39
73001,Bruce Lawson,"0350 Miller Summit Suite 865, Nathanmouth, GU 17054",66119,2023-11-28,57048,central finish,3,349.0
30322,Mark Reynolds,"61213 Ethan Street Apt. 036, Andreaside, GU 79579",2138,2024-09-05,29397,level visit,2,346.42
30322,Mark Reynolds,"61213 Ethan Street Apt. 036, Andreaside, GU 79579",2138,2024-09-05,31238,church interest,1,54.88
30322,Mark Reynolds,"61213 Ethan Street Apt. 036, Andreaside, GU 79579",2138,2024-09-05,77235,low nor,5,31.54
79587,Edward Barnes,"04045 Walsh Land Suite 316, Darrenmouth, NJ 23533",7363,2024-03-14,4459,admit measure,5,737.28
79587,Edward Barnes,"04045 Walsh Land Suite 316, Darrenmouth, NJ 23533",7363,2024-03-14,70918,team clear,1,59.7
79587,Edward Barnes,"04045 Walsh Land Suite 316, Darrenmouth, NJ 23533",33668,2024-08-27,9991,each edge,2,185.47
79587,Edward Barnes,"04045 Walsh Land Suite 316, Darrenmouth, NJ 23533",33668,2024-08-27,35577,tough no,5,41.98
79587,Edward Barnes,"04045 Walsh Land Suite 316, Darrenmouth, NJ 23533",58524,2024-04-05,14861,social ahead,4,118.94
79587,Edward Barnes,"04045 Walsh Land Suite 316, Darrenmouth, NJ 23533",93674,2024-05-28,29940,cause here,4,967.4
79587,Edward Barnes,"04045 Walsh Land Suite 316, Darrenmouth, NJ 23533",93674,2024-05-28,66984,car data,2,115.17
79587,Edward Barnes,"04045 Walsh Land Suite 316, Darrenmouth, NJ 23533",14295,2023-12-06,13189,store daughter,3,150.25
79587,Edward Barnes,"04045 Walsh Land Suite 316, Darrenmouth, NJ 23533",14295,2023-12-06,23419,represent which,1,615.92
79587,Edward Barnes,"04045 Walsh Land Suite 316, Darrenmouth, NJ 23533",14295,2023-12-06,52265,international watch,4,110.68
3780,Monica Thompson,"0706 Davis Plains, Palmerchester, SC 06418",61473,2023-11-27,41078,break of,3,395.12
3780,Monica Thompson,"0706 Davis Plains, Palmerchester, SC 06418",61473,2023-11-27,44214,himself world,2,597.5
3780,Monica Thompson,"0706 Davis Plains, Palmerchester, SC 06418",61473,2023-11-27,83028,impact reach,1,880.32
3780,Monica Thompson,"0706 Davis Plains, Palmerchester, SC 06418",18343,2024-06-12,62335,man series,5,619.45
3780,Monica Thompson,"0706 Davis Plains, Palmerchester, SC 06418",18343,2024-06-12,4459,admit measure,3,737.28
3780,Monica Thompson,"0706 Davis Plains, Palmerchester, SC 06418",63714,2024-01-26,75590,fill condition,2,803.04
3780,Monica Thompson,"0706 Davis Plains, Palmerchester, SC 06418",63714,2024-01-26,9991,each edge,4,185.47
3780,Monica Thompson,"0706 Davis Plains, Palmerchester, SC 06418",20287,2024-06-28,2235,senior work,4,871.17
96729,Yvonne Young,"790 Kramer Ports Apt. 885, New Edward, AS 89750",97249,2024-05-28,29397,level visit,4,346.42
96729,Yvonne Young,"790 Kramer Ports Apt. 885, New Edward, AS 89750",97249,2024-05-28,39680,wait phone,4,390.08
47043,Samuel Lopez,"9552 Jennifer Crescent Apt. 689, Carolynton, FM 69420",31018,2023-12-14,48648,some onto,2,35.31
47043,Samuel Lopez,"9552 Jennifer Crescent Apt. 689, Carolynton, FM 69420",31018,2023-12-14,78574,pretty little,4,275.46
47043,Samuel Lopez,"9552 Jennifer Crescent Apt. 689, Carolynton, FM 69420",61728,2024-06-07,62170,choice compare,2,506.51
47043,Samuel Lopez,"9552 Jennifer Crescent Apt. 689, Carolynton, FM 69420",18586,2024-04-10,41230,church always,4,428.98
47043,Samuel Lopez,"9552 Jennifer Crescent Apt. 689, Carolynton, FM 69420",18586,2024-04-10,93476,subject court,5,378.85
91286,Robert Watts,"38367 Heidi Mountains Suite 793, Port Marcus, VT 26872",7028,2024-05-11,31238,church interest,1,54.88
91286,Robert Watts,"38367 Heidi Mountains Suite 793, Port Marcus, VT 26872",7028,2024-05-11,31737,pull idea,1,700.12
91286,Robert Watts,"38367 Heidi Mountains Suite 793, Port Marcus, VT 26872",17752,2024-04-04,62070,firm it,2,709.83
91286,Robert Watts,"38367 Heidi Mountains Suite 793, Port Marcus, VT 26872",17752,2024-04-04,62762,amount seat,4,379.34
91286,Robert Watts,"38367 Heidi Mountains Suite 793, Port Marcus, VT 26872",17752,2024-04-04,62170,choice compare,5,506.51
91286,Robert Watts,"38367 Heidi Mountains Suite 793, Port Marcus, VT 26872",71647,2024-03-18,22733,seat your,3,790.71
91286,Robert Watts,"38367 Heidi Mountains Suite 793, Port Marcus, VT 26872",71647,2024-03-18,24491,friend senior,1,785.53
91286,Robert Watts,"38367 Heidi Mountains Suite 793, Port Marcus, VT 26872",88766,2024-03-27,83277,west western,3,882.67
91286,Robert Watts,"38367 Heidi Mountains Suite 793, Port Marcus, VT 26872",59667,2023-12-22,64717,together system,5,136.24
91286,Robert Watts,"38367 Heidi Mountains Suite 793, Port Marcus, VT 26872",59667,2023-12-22,48648,some onto,1,35.31
91286,Robert Watts,"38367 Heidi Mountains Suite 793, Port Marcus, VT 26872",59667,2023-12-22,23419,represent which,1,615.92
69438,Taylor Freeman,"43241 Vincent Squares Suite 028, Michaelberg, WA 71684",26100,2023-12-22,79139,administration success,3,378.98
69438,Taylor Freeman,"43241 Vincent Squares Suite 028, Michaelberg, WA 71684",26100,2023-12-22,64717,together system,4,136.24
69438,Taylor Freeman,"43241 Vincent Squares Suite 028, Michaelberg, WA 71684",26100,2023-12-22,62335,man series,5,619.45
69438,Taylor Freeman,"43241 Vincent Squares Suite 028, Michaelberg, WA 71684",56541,2023-12-27,34209,new family,5,339.87
69966,John Murphy,"8702 Hayden Plaza, Costaview, OH 75594",43118,2024-03-02,31238,church interest,2,54.88
69966,John Murphy,"8702 Hayden Plaza, Costaview, OH 75594",43118,2024-03-02,4459,admit measure,2,737.28
69966,John Murphy,"8702 Hayden Plaza, Costaview, OH 75594",43118,2024-03-02,25217,case full,3,221.27
69966,John Murphy,"8702 Hayden Plaza, Costaview, OH 75594",30253,2024-05-04,41078,break of,4,395.12
69966,John Murphy,"8702 Hayden Plaza, Costaview, OH 75594",30253,2024-05-04,65859,however group,3,565.77
69966,John Murphy,"8702 Hayden Plaza, Costaview, OH 75594",30253,2024-05-04,66223,specific serious,5,763.48
69966,John Murphy,"8702 Hayden Plaza, Costaview, OH 75594",90779,2024-03-19,95733,south interview,3,259.25
69966,John Murphy,"8702 Hayden Plaza, Costaview, OH 75594",90779,2024-03-19,3588,collection child,2,52.62
12314,Jose Wall,"0905 Brandon Pike, Reynoldsville, FM 60035",67283,2024-04-25,2235,senior work,4,871.17
12314,Jose Wall,"0905 Brandon Pike, Reynoldsville, FM 60035",67283,2024-04-25,5537,why day,4,432.56
33900,Gina Michael,"0676 Johnson Turnpike, Aaronton, VT 66573",77574,2023-10-23,73670,government leg,1,838.01
33900,Gina Michael,"0676 Johnson Turnpike, Aaronton, VT 66573",77574,2023-10-23,85138,same impact,5,638.88
33900,Gina Michael,"0676 Johnson Turnpike, Aaronton, VT 66573",77574,2023-10-23,27975,make site,3,254.19
33900,Gina Michael,"0676 Johnson Turnpike, Aaronton, VT 66573",26102,2024-03-09,84927,team allow,3,332.14
33900,Gina Michael,"0676 Johnson Turnpike, Aaronton, VT 66573",66564,2024-03-04,41078,break of,2,395.12
33900,Gina Michael,"0676 Johnson Turnpike, Aaronton, VT 66573",66564,2024-03-04,1025,against return,1,307.44
7511,Nicolas Williams,"USCGC Harper, FPO AA 86523",73735,2023-12-11,12041,most easy,3,550.4
7511,Nicolas Williams,"USCGC Harper, FPO AA 86523",73735,2023-12-11,37534,dark few,1,290.77
7511,Nicolas Williams,"USCGC Harper, FPO AA 86523",71061,2024-01-09,62170,choice compare,3,506.51
7511,Nicolas Williams,"USCGC Harper, FPO AA 86523",59704,2023-10-27,2235,senior work,5,871.17
7511,Nicolas Williams,"USCGC Harper, FPO AA 86523",59704,2023-10-27,60947,front letter,4,793.46
7511,Nicolas Williams,"USCGC Harper, FPO AA 86523",59704,2023-10-27,2235,senior work,4,871.17
74107,Joe Ramsey,"97423 Samuel Walk, Janeland, WV 30254",215,2024-10-04,13892,son how,1,889.57
74107,Joe Ramsey,"97423 Samuel Walk, Janeland, WV 30254",215,2024-10-04,9991,each edge,5,185.47
74107,Joe Ramsey,"97423 Samuel Walk, Janeland, WV 30254",23460,2024-07-03,52265,international watch,3,110.68
74107,Joe Ramsey,"97423 Samuel Walk, Janeland, WV 30254",23460,2024-07-03,88584,law within,3,851.28
74107,Joe Ramsey,"97423 Samuel Walk, Janeland, WV 30254",23460,2024-07-03,22733,seat your,4,790.71
74107,Joe Ramsey,"97423 Samuel Walk, Janeland, WV 30254",7662,2024-07-06,4459,admit measure,1,737.28
74107,Joe Ramsey,"97423 Samuel Walk, Janeland, WV 30254",7662,2024-07-06,53539,radio develop,4,458.26
74107,Joe Ramsey,"97423 Samuel Walk, Janeland, WV 30254",45938,2023-12-22,93476,subject court,1,378.85
74107,Joe Ramsey,"97423 Samuel Walk, Janeland, WV 30254",45938,2023-12-22,25217,case full,2,221.27
74107,Joe Ramsey,"97423 Samuel Walk, Janeland, WV 30254",45938,2023-12-22,70552,blood sister,5,901.46
74107,Joe Ramsey,"97423 Samuel Walk, Janeland, WV 30254",33743,2024-03-08,84855,fund account,2,216.8
43297,George Aguilar,"10035 Christina Knolls Apt. 509, Hughesmouth, ID 17408",70035,2024-09-11,24491,friend senior,5,785.53
43297,George Aguilar,"10035 Christina Knolls Apt. 509, Hughesmouth, ID 17408",70035,2024-09-11,60205,probably character,4,828.78
43297,George Aguilar,"10035 Christina Knolls Apt. 509, Hughesmouth, ID 17408",10097,2024-05-29,73670,government leg,4,838.01
43297,George Aguilar,"10035 Christina Knolls Apt. 509, Hughesmouth, ID 17408",35227,2024-05-28,285,provide friend,4,162.6
43297,George Aguilar,"10035 Christina Knolls Apt. 509, Hughesmouth, ID 17408",35227,2024-05-28,70552,blood sister,5,901.46
43297,George Aguilar,"10035 Christina Knolls Apt. 509, Hughesmouth, ID 17408",8947,2024-08-12,25025,mouth key,4,575.89
43297,George Aguilar,"10035 Christina Knolls Apt. 509, Hughesmouth, ID 17408",8947,2024-08-12,88584,law within,5,851.28
43297,George Aguilar,"10035 Christina Knolls Apt. 509, Hughesmouth, ID 17408",8947,2024-08-12,66984,car data,3,115.17
39997,Michael Peters,"469 Casey Cape Apt. 055, Port Micheleburgh, TN 13721",45504,2023-12-08,70918,team clear,3,59.7
39997,Michael Peters,"469 Casey Cape Apt. 055, Port Micheleburgh, TN 13721",45504,2023-12-08,24491,friend senior,1,785.53
39997,Michael Peters,"469 Casey Cape Apt. 055, Port Micheleburgh, TN 13721",5047,2024-04-21,5537,why day,5,432.56
39997,Michael Peters,"469 Casey Cape Apt. 055, Port Micheleburgh, TN 13721",37061,2024-01-17,65859,however group,5,565.77
39997,Michael Peters,"469 Casey Cape Apt. 055, Port Micheleburgh, TN 13721",37061,2024-01-17,83277,west western,3,882.67
39997,Michael Peters,"469 Casey Cape Apt. 055, Port Micheleburgh, TN 13721",37061,2024-01-17,35740,fly catch,5,408.16
39997,Michael Peters,"469 Casey Cape Apt. 055, Port Micheleburgh, TN 13721",14323,2024-02-20,70166,let candidate,4,337.72
39997,Michael Peters,"469 Casey Cape Apt. 055, Port Micheleburgh, TN 13721",14323,2024-02-20,12041,most easy,2,550.4
39997,Michael Peters,"469 Casey Cape Apt. 055, Port Micheleburgh, TN 13721",14323,2024-02-20,84855,fund account,2,216.8
39997,Michael Peters,"469 Casey Cape Apt. 055, Port Micheleburgh, TN 13721",40571,2024-08-25,57048,central finish,4,349.0
39997,Michael Peters,"469 Casey Cape Apt. 055, Port Micheleburgh, TN 13721",40571,2024-08-25,85138,same impact,4,638.88
39997,Michael Peters,"469 Casey Cape Apt. 055, Port Micheleburgh, TN 13721",40571,2024-08-25,9991,each edge,1,185.47
87583,Samuel Byrd,"6358 Pittman Canyon, Carolborough, OK 74352",13880,2023-11-13,7458,could tell,5,311.26
87583,Samuel Byrd,"6358 Pittman Canyon, Carolborough, OK 74352",13880,2023-11-13,98054,if top,1,973.01
87583,Samuel Byrd,"6358 Pittman Canyon, Carolborough, OK 74352",13880,2023-11-13,3588,collection child,1,52.62
64715,Eileen Russell,"48136 Hammond Course, South Charlesshire, DC 26571",50758,2024-03-29,62335,man series,1,619.45
64715,Eileen Russell,"48136 Hammond Course, South Charlesshire, DC 26571",50758,2024-03-29,49358,west build,5,812.37
64715,Eileen Russell,"48136 Hammond Course, South Charlesshire, DC 26571",50758,2024-03-29,29940,cause here,2,967.4
64715,Eileen Russell,"48136 Hammond Course, South Charlesshire, DC 26571",93007,2024-06-16,35618,now suddenly,5,725.87
64715,Eileen Russell,"48136 Hammond Course, South Charlesshire, DC 26571",93007,2024-06-16,4080,reach physical,4,879.22
64715,Eileen Russell,"48136 Hammond Course, South Charlesshire, DC 26571",93007,2024-06-16,67406,threat mission,4,181.57
61843,Leslie Richmond,"8996 Meza Motorway Apt. 637, Robertview, MT 32479",92740,2023-11-15,31737,pull idea,1,700.12
61843,Leslie Richmond,"8996 Meza Motorway Apt. 637, Robertview, MT 32479",92740,2023-11-15,64717,together system,2,136.24
61843,Leslie Richmond,"8996 Meza Motorway Apt. 637, Robertview, MT 32479",87127,2024-09-11,22733,seat your,5,790.71
61843,Leslie Richmond,"8996 Meza Motorway Apt. 637, Robertview, MT 32479",24766,2024-04-30,64717,together system,5,136.24
61843,Leslie Richmond,"8996 Meza Motorway Apt. 637, Robertview, MT 32479",24766,2024-04-30,44518,build society,5,303.04
37077,Suzanne Galloway,"98545 Foley Brook Suite 032, Gregoryshire, MO 12253",95644,2024-09-12,58821,yard identify,3,399.75
37077,Suzanne Galloway,"98545 Foley Brook Suite 032, Gregoryshire, MO 12253",95644,2024-09-12,60947,front letter,4,793.46
75675,Sean Holmes,"PSC 1419, Box 8229, APO AE 38370",3126,2024-04-28,20230,maintain finish,5,37.39
75675,Sean Holmes,"PSC 1419, Box 8229, APO AE 38370",66637,2024-02-15,53539,radio develop,2,458.26
75675,Sean Holmes,"PSC 1419, Box 8229, APO AE 38370",24764,2023-11-19,84855,fund account,2,216.8
75675,Sean Holmes,"PSC 1419, Box 8229, APO AE 38370",24764,2023-11-19,20230,maintain finish,3,37.39
95847,Jacob Clark,"PSC 8993, Box 4235, APO AA 67551",63024,2024-08-12,37534,dark few,2,290.77
95847,Jacob Clark,"PSC 8993, Box 4235, APO AA 67551",63024,2024-08-12,14861,social ahead,1,118.94
95847,Jacob Clark,"PSC 8993, Box 4235, APO AA 67551",63024,2024-08-12,12041,most easy,5,550.4
95847,Jacob Clark,"PSC 8993, Box 4235, APO AA 67551",43452,2024-07-04,53539,radio develop,1,458.26
10583,Kayla Smith,"578 Bruce Vista Apt. 902, New Veronicatown, WV 36841",64572,2024-02-01,27041,popular figure,3,483.9
10583,Kayla Smith,"578 Bruce Vista Apt. 902, New Veronicatown, WV 36841",64572,2024-02-01,4080,reach physical,4,879.22
10583,Kayla Smith,"578 Bruce Vista Apt. 902, New Veronicatown, WV 36841",64572,2024-02-01,38980,light together,5,757.42
10583,Kayla Smith,"578 Bruce Vista Apt. 902, New Veronicatown, WV 36841",81516,2023-12-01,74698,activity both,1,912.19
10583,Kayla Smith,"578 Bruce Vista Apt. 902, New Veronicatown, WV 36841",81516,2023-12-01,91241,Republican police,4,442.29
10583,Kayla Smith,"578 Bruce Vista Apt. 902, New Veronicatown, WV 36841",81516,2023-12-01,97994,remain discussion,1,534.48
10583,Kayla Smith,"578 Bruce Vista Apt. 902, New Veronicatown, WV 36841",36853,2024-03-26,62762,amount seat,1,379.34
10583,Kayla Smith,"578 Bruce Vista Apt. 902, New Veronicatown, WV 36841",36853,2024-03-26,10729,hotel degree,1,800.46
10583,Kayla Smith,"578 Bruce Vista Apt. 902, New Veronicatown, WV 36841",36853,2024-03-26,41078,break of,4,395.12
10583,Kayla Smith,"578 Bruce Vista Apt. 902, New Veronicatown, WV 36841",50628,2023-11-25,39680,wait phone,4,390.08
54893,Eric Valdez,"436 Joseph Circle Apt. 466, New Richard, AZ 86132",21476,2024-10-18,14861,social ahead,1,118.94
82151,Kevin Castaneda,"6037 Arthur Mountain, New Sarahburgh, AS 21530",26,2024-06-05,31737,pull idea,4,700.12
82151,Kevin Castaneda,"6037 Arthur Mountain, New Sarahburgh, AS 21530",17725,2024-08-19,70918,team clear,5,59.7
82151,Kevin Castaneda,"6037 Arthur Mountain, New Sarahburgh, AS 21530",38048,2024-05-09,99677,game test,1,780.7
54632,Sean Thomas,"447 Mcdaniel Mills, Hallberg, AL 68142",48412,2024-10-02,60205,probably character,2,828.78
54632,Sean Thomas,"447 Mcdaniel Mills, Hallberg, AL 68142",48412,2024-10-02,41230,church always,3,428.98
54632,Sean Thomas,"447 Mcdaniel Mills, Hallberg, AL 68142",582,2024-08-30,35577,tough no,2,41.98
54632,Sean Thomas,"447 Mcdaniel Mills, Hallberg, AL 68142",582,2024-08-30,24491,friend senior,5,785.53
54632,Sean Thomas,"447 Mcdaniel Mills, Hallberg, AL 68142",582,2024-08-30,2235,senior work,4,871.17
54632,Sean Thomas,"447 Mcdaniel Mills, Hallberg, AL 68142",76046,2024-05-14,285,provide friend,5,162.6
54632,Sean Thomas,"447 Mcdaniel Mills, Hallberg, AL 68142",76046,2024-05-14,67406,threat mission,3,181.57
54632,Sean Thomas,"447 Mcdaniel Mills, Hallberg, AL 68142",76046,2024-05-14,68778,rule deal,5,111.08
54632,Sean Thomas,"447 Mcdaniel Mills, Hallberg, AL 68142",90040,2024-02-15,73670,government leg,1,838.01
54632,Sean Thomas,"447 Mcdaniel Mills, Hallberg, AL 68142",69534,2024-10-08,13189,store daughter,1,150.25
54632,Sean Thomas,"447 Mcdaniel Mills, Hallberg, AL 68142",69534,2024-10-08,62070,firm it,3,709.83
5781,Travis Cooke,"31672 Isaac Meadow, Williamsborough, SD 89195",6296,2024-09-15,58821,yard identify,3,399.75
5781,Travis Cooke,"31672 Isaac Meadow, Williamsborough, SD 89195",6296,2024-09-15,20230,maintain finish,4,37.39
5781,Travis Cooke,"31672 Isaac Meadow, Williamsborough, SD 89195",6296,2024-09-15,74698,activity both,2,912.19
5781,Travis Cooke,"31672 Isaac Meadow, Williamsborough, SD 89195",71039,2024-09-12,87329,worker organization,1,990.26
5781,Travis Cooke,"31672 Isaac Meadow, Williamsborough, SD 89195",71039,2024-09-12,1025,against return,4,307.44
5781,Travis Cooke,"31672 Isaac Meadow, Williamsborough, SD 89195",41150,2023-11-26,2235,senior work,1,871.17
5781,Travis Cooke,"31672 Isaac Meadow, Williamsborough, SD 89195",41150,2023-11-26,29397,level visit,2,346.42
5781,Travis Cooke,"31672 Isaac Meadow, Williamsborough, SD 89195",41150,2023-11-26,68778,rule deal,1,111.08
6697,Jeffrey Cooper,"USNV Hoffman, FPO AP 37602",62066,2023-12-26,62335,man series,1,619.45
6697,Jeffrey Cooper,"USNV Hoffman, FPO AP 37602",31504,2023-11-18,62335,man series,3,619.45
6697,Jeffrey Cooper,"USNV Hoffman, FPO AP 37602",31504,2023-11-18,9991,each edge,2,185.47
6697,Jeffrey Cooper,"USNV Hoffman, FPO AP 37602",31504,2023-11-18,30480,area world,1,919.25
6697,Jeffrey Cooper,"USNV Hoffman, FPO AP 37602",92644,2024-01-14,2235,senior work,5,871.17
98471,James Castro,"98277 Sandoval Mission, East Daniel, OK 66741",70004,2024-07-17,13189,store daughter,3,150.25
98471,James Castro,"98277 Sandoval Mission, East Daniel, OK 66741",70004,2024-07-17,13073,table after,4,92.97
98471,James Castro,"98277 Sandoval Mission, East Daniel, OK 66741",70004,2024-07-17,91362,training force,4,640.29
98471,James Castro,"98277 Sandoval Mission, East Daniel, OK 66741",22783,2024-07-27,73670,government leg,1,838.01
98471,James Castro,"98277 Sandoval Mission, East Daniel, OK 66741",22783,2024-07-27,49358,west build,2,812.37
98471,James Castro,"98277 Sandoval Mission, East Daniel, OK 66741",22783,2024-07-27,13433,positive after,2,154.64
98471,James Castro,"98277 Sandoval Mission, East Daniel, OK 66741",72771,2024-04-17,89010,state since,5,773.88
98471,James Castro,"98277 Sandoval Mission, East Daniel, OK 66741",72771,2024-04-17,38980,light together,3,757.42
16413,Thomas Brewer,"8164 John Ports, Mariaport, MT 93324",57956,2023-12-20,99467,entire clear,5,168.62
16413,Thomas Brewer,"8164 John Ports, Mariaport, MT 93324",57956,2023-12-20,285,provide friend,3,162.6
16413,Thomas Brewer,"8164 John Ports, Mariaport, MT 93324",76713,2024-06-09,3436,he pattern,1,504.18
16413,Thomas Brewer,"8164 John Ports, Mariaport, MT 93324",76713,2024-06-09,84855,fund account,5,216.8
16413,Thomas Brewer,"8164 John Ports, Mariaport, MT 93324",59526,2024-07-12,84855,fund account,3,216.8
16413,Thomas Brewer,"8164 John Ports, Mariaport, MT 93324",59526,2024-07-12,58821,yard identify,1,399.75
16413,Thomas Brewer,"8164 John Ports, Mariaport, MT 93324",59526,2024-07-12,92810,citizen dream,3,876.79
16413,Thomas Brewer,"8164 John Ports, Mariaport, MT 93324",84900,2024-01-22,93476,subject court,3,378.85
16413,Thomas Brewer,"8164 John Ports, Mariaport, MT 93324",84900,2024-01-22,73670,government leg,1,838.01
16413,Thomas Brewer,"8164 John Ports, Mariaport, MT 93324",84900,2024-01-22,35740,fly catch,2,408.16
16413,Thomas Brewer,"8164 John Ports, Mariaport, MT 93324",25283,2023-11-27,24491,friend senior,4,785.53
16413,Thomas Brewer,"8164 John Ports, Mariaport, MT 93324",25283,2023-11-27,75590,fill condition,5,803.04
16413,Thomas Brewer,"8164 John Ports, Mariaport, MT 93324",25283,2023-11-27,66223,specific serious,3,763.48
21293,Lance Williams,"42028 Katrina Flat, Port Kevin, DC 76782",67893,2024-07-08,66986,stay away,5,171.66
21293,Lance Williams,"42028 Katrina Flat, Port Kevin, DC 76782",29829,2024-06-24,7628,call thought,2,671.06
21293,Lance Williams,"42028 Katrina Flat, Port Kevin, DC 76782",29829,2024-06-24,97994,remain discussion,4,534.48
21293,Lance Williams,"42028 Katrina Flat, Port Kevin, DC 76782",26511,2023-12-03,44518,build society,5,303.04
21293,Lance Williams,"42028 Katrina Flat, Port Kevin, DC 76782",32477,2024-05-10,27041,popular figure,1,483.9
76753,Candice Combs,"66133 Drake Road, New Michaelton, AZ 64251",23403,2024-07-24,48648,some onto,4,35.31
76753,Candice Combs,"66133 Drake Road, New Michaelton, AZ 64251",16018,2024-08-25,74698,activity both,3,912.19
76753,Candice Combs,"66133 Drake Road, New Michaelton, AZ 64251",45764,2024-04-20,70552,blood sister,1,901.46
76753,Candice Combs,"66133 Drake Road, New Michaelton, AZ 64251",45764,2024-04-20,91472,different state,5,513.47
76753,Candice Combs,"66133 Drake Road, New Michaelton, AZ 64251",45764,2024-04-20,39707,record give,4,271.2
18909,Samuel Nelson,"631 Sharon Trail, Lake Amybury, ME 70431",63935,2024-05-31,91241,Republican police,3,442.29
18909,Samuel Nelson,"631 Sharon Trail, Lake Amybury, ME 70431",63935,2024-05-31,91472,different state,1,513.47
18909,Samuel Nelson,"631 Sharon Trail, Lake Amybury, ME 70431",88989,2024-07-08,4080,reach physical,2,879.22
18909,Samuel Nelson,"631 Sharon Trail, Lake Amybury, ME 70431",88989,2024-07-08,53539,radio develop,2,458.26
18909,Samuel Nelson,"631 Sharon Trail, Lake Amybury, ME 70431",65046,2024-07-13,77235,low nor,4,31.54
18909,Samuel Nelson,"631 Sharon Trail, Lake Amybury, ME 70431",15990,2024-05-21,70166,let candidate,5,337.72
18909,Samuel Nelson,"631 Sharon Trail, Lake Amybury, ME 70431",95317,2024-09-11,27041,popular figure,1,483.9
11584,Ryan Rogers,"18533 Randy Squares Suite 594, East Susanfort, NJ 55541",51686,2024-04-17,13189,store daughter,5,150.25
11584,Ryan Rogers,"18533 Randy Squares Suite 594, East Susanfort, NJ 55541",51686,2024-04-17,95733,south interview,2,259.25
11584,Ryan Rogers,"18533 Randy Squares Suite 594, East Susanfort, NJ 55541",51686,2024-04-17,37001,draw beyond,5,478.75
11584,Ryan Rogers,"18533 Randy Squares Suite 594, East Susanfort, NJ 55541",61042,2023-12-20,57048,central finish,1,349.0
11584,Ryan Rogers,"18533 Randy Squares Suite 594, East Susanfort, NJ 55541",61042,2023-12-20,7458,could tell,3,311.26
11584,Ryan Rogers,"18533 Randy Squares Suite 594, East Susanfort, NJ 55541",61042,2023-12-20,75590,fill condition,2,803.04
5980,John Davis,"378 Nelson Row, South Tinahaven, NE 88559",53727,2024-06-27,13073,table after,4,92.97
5980,John Davis,"378 Nelson Row, South Tinahaven, NE 88559",85913,2024-06-03,31238,church interest,3,54.88
5980,John Davis,"378 Nelson Row, South Tinahaven, NE 88559",85913,2024-06-03,58821,yard identify,3,399.75
5980,John Davis,"378 Nelson Row, South Tinahaven, NE 88559",85913,2024-06-03,83277,west western,4,882.67
5980,John Davis,"378 Nelson Row, South Tinahaven, NE 88559",3558,2024-09-16,84855,fund account,1,216.8
5980,John Davis,"378 Nelson Row, South Tinahaven, NE 88559",3558,2024-09-16,7458,could tell,3,311.26
5980,John Davis,"378 Nelson Row, South Tinahaven, NE 88559",3558,2024-09-16,98176,single similar,1,698.81
5980,John Davis,"378 Nelson Row, South Tinahaven, NE 88559",89189,2024-06-10,66984,car data,2,115.17
5980,John Davis,"378 Nelson Row, South Tinahaven, NE 88559",89189,2024-06-10,84855,fund account,2,216.8
5980,John Davis,"378 Nelson Row, South Tinahaven, NE 88559",89189,2024-06-10,74698,activity both,2,912.19
5980,John Davis,"378 Nelson Row, South Tinahaven, NE 88559",54269,2024-02-19,9868,reduce first,4,882.4
37221,Kevin Bishop,"6458 Tyler Spring, Suzannemouth, AZ 48871",35345,2024-09-16,91472,different state,3,513.47
37221,Kevin Bishop,"6458 Tyler Spring, Suzannemouth, AZ 48871",35345,2024-09-16,9991,each edge,3,185.47
37221,Kevin Bishop,"6458 Tyler Spring, Suzannemouth, AZ 48871",35345,2024-09-16,62070,firm it,5,709.83
37221,Kevin Bishop,"6458 Tyler Spring, Suzannemouth, AZ 48871",1238,2024-05-28,87329,worker organization,3,990.26
37221,Kevin Bishop,"6458 Tyler Spring, Suzannemouth, AZ 48871",1238,2024-05-28,67406,threat mission,1,181.57
37221,Kevin Bishop,"6458 Tyler Spring, Suzannemouth, AZ 48871",66560,2024-03-27,22733,seat your,4,790.71
37221,Kevin Bishop,"6458 Tyler Spring, Suzannemouth, AZ 48871",66560,2024-03-27,24491,friend senior,5,785.53
37221,Kevin Bishop,"6458 Tyler Spring, Suzannemouth, AZ 48871",66560,2024-03-27,27041,popular figure,5,483.9
37221,Kevin Bishop,"6458 Tyler Spring, Suzannemouth, AZ 48871",86063,2023-12-23,41230,church always,4,428.98
37221,Kevin Bishop,"6458 Tyler Spring, Suzannemouth, AZ 48871",86063,2023-12-23,30630,share particularly,5,646.96
37221,Kevin Bishop,"6458 Tyler Spring, Suzannemouth, AZ 48871",86063,2023-12-23,39707,record give,3,271.2
37221,Kevin Bishop,"6458 Tyler Spring, Suzannemouth, AZ 48871",56537,2024-02-20,62762,amount seat,3,379.34
53149,Mr. Thomas Lane,"4235 Davis Walk Suite 270, Nicholaschester, ND 52800",38574,2023-12-29,7458,could tell,2,311.26
54812,Crystal Strong,"56148 Christina Knoll Suite 600, Jonathanmouth, OK 46146",53252,2024-03-03,89010,state since,4,773.88
54812,Crystal Strong,"56148 Christina Knoll Suite 600, Jonathanmouth, OK 46146",53252,2024-03-03,13892,son how,3,889.57
54812,Crystal Strong,"56148 Christina Knoll Suite 600, Jonathanmouth, OK 46146",53252,2024-03-03,9868,reduce first,2,882.4
54812,Crystal Strong,"56148 Christina Knoll Suite 600, Jonathanmouth, OK 46146",87384,2024-09-13,66223,specific serious,5,763.48
54812,Crystal Strong,"56148 Christina Knoll Suite 600, Jonathanmouth, OK 46146",26627,2023-11-13,34209,new family,1,339.87
54812,Crystal Strong,"56148 Christina Knoll Suite 600, Jonathanmouth, OK 46146",36675,2024-01-13,66984,car data,3,115.17
54812,Crystal Strong,"56148 Christina Knoll Suite 600, Jonathanmouth, OK 46146",36675,2024-01-13,13892,son how,1,889.57
14417,Samantha Mason,"606 Joseph Islands, Riosshire, MP 36069",49688,2024-02-06,91362,training force,4,640.29
14417,Samantha Mason,"606 Joseph Islands, Riosshire, MP 36069",49688,2024-02-06,27975,make site,1,254.19
14417,Samantha Mason,"606 Joseph Islands, Riosshire, MP 36069",55268,2023-11-21,58821,yard identify,1,399.75
14417,Samantha Mason,"606 Joseph Islands, Riosshire, MP 36069",78522,2024-09-28,66829,indicate glass,1,655.22
14417,Samantha Mason,"606 Joseph Islands, Riosshire, MP 36069",78522,2024-09-28,70918,team clear,3,59.7
14417,Samantha Mason,"606 Joseph Islands, Riosshire, MP 36069",78522,2024-09-28,20230,maintain finish,2,37.39
97218,Scott Wilson,"04559 Gomez Overpass Suite 286, Lake Karen, CO 93201",18179,2024-09-27,66223,specific serious,2,763.48
97218,Scott Wilson,"04559 Gomez Overpass Suite 286, Lake Karen, CO 93201",83041,2024-07-23,75590,fill condition,2,803.04
72920,Mark Wilson,"16472 Julia Estates, Ellentown, MP 67396",18069,2024-07-10,35577,tough no,1,41.98
72920,Mark Wilson,"16472 Julia Estates, Ellentown, MP 67396",18069,2024-07-10,20230,maintain finish,2,37.39
72920,Mark Wilson,"16472 Julia Estates, Ellentown, MP 67396",18069,2024-07-10,77235,low nor,2,31.54
4997,Brenda Cohen,"USS Brown, FPO AP 57665",42563,2024-10-11,60947,front letter,1,793.46
4997,Brenda Cohen,"USS Brown, FPO AP 57665",42563,2024-10-11,85138,same impact,1,638.88
4997,Brenda Cohen,"USS Brown, FPO AP 57665",42563,2024-10-11,31737,pull idea,5,700.12
4997,Brenda Cohen,"USS Brown, FPO AP 57665",71151,2024-10-01,83028,impact reach,3,880.32
4997,Brenda Cohen,"USS Brown, FPO AP 57665",95358,2023-10-22,41078,break of,4,395.12
4997,Brenda Cohen,"USS Brown, FPO AP 57665",95358,2023-10-22,91362,training force,4,640.29
4997,Brenda Cohen,"USS Brown, FPO AP 57665",77649,2023-10-29,13892,son how,1,889.57
4997,Brenda Cohen,"USS Brown, FPO AP 57665",77649,2023-10-29,25217,case full,4,221.27
4997,Brenda Cohen,"USS Brown, FPO AP 57665",77649,2023-10-29,22733,seat your,3,790.71
94036,Sara Henry,"82065 Keith Station, East Lisa, AK 58922",93883,2024-06-21,60947,front letter,3,793.46
94036,Sara Henry,"82065 Keith Station, East Lisa, AK 58922",93883,2024-06-21,66984,car data,1,115.17
94036,Sara Henry,"82065 Keith Station, East Lisa, AK 58922",93883,2024-06-21,44518,build society,1,303.04
94036,Sara Henry,"82065 Keith Station, East Lisa, AK 58922",14640,2024-07-22,20230,maintain finish,3,37.39
94036,Sara Henry,"82065 Keith Station, East Lisa, AK 58922",14640,2024-07-22,97994,remain discussion,2,534.48
94036,Sara Henry,"82065 Keith Station, East Lisa, AK 58922",14640,2024-07-22,93476,subject court,2,378.85
39331,Andre Lewis,"0776 Williams Road, South Paul, OK 21074",94082,2024-05-29,4080,reach physical,2,879.22
39331,Andre Lewis,"0776 Williams Road, South Paul, OK 21074",94082,2024-05-29,20230,maintain finish,2,37.39
95437,Haley Burton,"4208 Young Orchard, New Amybury, AR 94791",88805,2024-04-25,53539,radio develop,5,458.26
95437,Haley Burton,"4208 Young Orchard, New Amybury, AR 94791",92415,2024-05-01,89010,state since,5,773.88
95437,Haley Burton,"4208 Young Orchard, New Amybury, AR 94791",47538,2024-07-22,58821,yard identify,1,399.75
95437,Haley Burton,"4208 Young Orchard, New Amybury, AR 94791",47538,2024-07-22,29940,cause here,2,967.4
95437,Haley Burton,"4208 Young Orchard, New Amybury, AR 94791",47538,2024-07-22,12041,most easy,3,550.4
95437,Haley Burton,"4208 Young Orchard, New Amybury, AR 94791",16533,2023-12-19,52265,international watch,5,110.68
95437,Haley Burton,"4208 Young Orchard, New Amybury, AR 94791",16533,2023-12-19,59794,economic power,3,146.78
70216,Miguel Peck,"74630 Peterson Row Suite 448, Floresbury, MH 96561",83396,2024-03-10,68778,rule deal,4,111.08
70216,Miguel Peck,"74630 Peterson Row Suite 448, Floresbury, MH 96561",83396,2024-03-10,93476,subject court,5,378.85
70216,Miguel Peck,"74630 Peterson Row Suite 448, Floresbury, MH 96561",83396,2024-03-10,91362,training force,1,640.29
70216,Miguel Peck,"74630 Peterson Row Suite 448, Floresbury, MH 96561",62643,2024-10-02,70552,blood sister,3,901.46
70216,Miguel Peck,"74630 Peterson Row Suite 448, Floresbury, MH 96561",62643,2024-10-02,35740,fly catch,5,408.16
70216,Miguel Peck,"74630 Peterson Row Suite 448, Floresbury, MH 96561",19983,2024-02-28,14861,social ahead,5,118.94
70216,Miguel Peck,"74630 Peterson Row Suite 448, Floresbury, MH 96561",16225,2024-05-12,88584,law within,4,851.28
70216,Miguel Peck,"74630 Peterson Row Suite 448, Floresbury, MH 96561",16225,2024-05-12,65859,however group,2,565.77
70216,Miguel Peck,"74630 Peterson Row Suite 448, Floresbury, MH 96561",16225,2024-05-12,23419,represent which,1,615.92
65361,Louis Clark DDS,"PSC 5156, Box 3246, APO AP 56292",70090,2023-10-30,68778,rule deal,2,111.08
65361,Louis Clark DDS,"PSC 5156, Box 3246, APO AP 56292",70090,2023-10-30,49358,west build,3,812.37
65361,Louis Clark DDS,"PSC 5156, Box 3246, APO AP 56292",70090,2023-10-30,3436,he pattern,1,504.18
65361,Louis Clark DDS,"PSC 5156, Box 3246, APO AP 56292",4554,2024-06-25,74698,activity both,4,912.19
65361,Louis Clark DDS,"PSC 5156, Box 3246, APO AP 56292",4554,2024-06-25,73670,government leg,1,838.01
65361,Louis Clark DDS,"PSC 5156, Box 3246, APO AP 56292",80727,2024-08-04,92810,citizen dream,2,876.79
65361,Louis Clark DDS,"PSC 5156, Box 3246, APO AP 56292",80727,2024-08-04,70166,let candidate,2,337.72
65361,Louis Clark DDS,"PSC 5156, Box 3246, APO AP 56292",80727,2024-08-04,92810,citizen dream,4,876.79
8390,Mary Smith,"88906 Jodi Springs, North Robertside, WY 34478",86143,2023-12-11,285,provide friend,5,162.6
8390,Mary Smith,"88906 Jodi Springs, North Robertside, WY 34478",86143,2023-12-11,44214,himself world,4,597.5
8390,Mary Smith,"88906 Jodi Springs, North Robertside, WY 34478",86143,2023-12-11,62070,firm it,4,709.83
8390,Mary Smith,"88906 Jodi Springs, North Robertside, WY 34478",92227,2024-03-22,70918,team clear,3,59.7
8390,Mary Smith,"88906 Jodi Springs, North Robertside, WY 34478",92227,2024-03-22,9991,each edge,1,185.47
8390,Mary Smith,"88906 Jodi Springs, North Robertside, WY 34478",92227,2024-03-22,285,provide friend,5,162.6
8390,Mary Smith,"88906 Jodi Springs, North Robertside, WY 34478",50299,2024-05-22,66984,car data,2,115.17
8390,Mary Smith,"88906 Jodi Springs, North Robertside, WY 34478",50299,2024-05-22,98054,if top,5,973.01
8390,Mary Smith,"88906 Jodi Springs, North Robertside, WY 34478",58221,2024-03-18,9868,reduce first,1,882.4
8390,Mary Smith,"88906 Jodi Springs, North Robertside, WY 34478",58221,2024-03-18,9868,reduce first,4,882.4
23696,Emily Steele,"60219 Gonzales Alley Suite 236, Michelestad, MP 59779",20239,2024-09-11,27975,make site,2,254.19
23696,Emily Steele,"60219 Gonzales Alley Suite 236, Michelestad, MP 59779",27489,2024-02-09,9868,reduce first,1,882.4
23696,Emily Steele,"60219 Gonzales Alley Suite 236, Michelestad, MP 59779",27489,2024-02-09,2235,senior work,4,871.17
23696,Emily Steele,"60219 Gonzales Alley Suite 236, Michelestad, MP 59779",27489,2024-02-09,60205,probably character,3,828.78
23696,Emily Steele,"60219 Gonzales Alley Suite 236, Michelestad, MP 59779",89822,2024-02-24,89010,state since,1,773.88
23696,Emily Steele,"60219 Gonzales Alley Suite 236, Michelestad, MP 59779",31581,2024-02-10,70552,blood sister,5,901.46
23696,Emily Steele,"60219 Gonzales Alley Suite 236, Michelestad, MP 59779",31581,2024-02-10,2235,senior work,5,871.17
23696,Emily Steele,"60219 Gonzales Alley Suite 236, Michelestad, MP 59779",31581,2024-02-10,3588,collection child,1,52.62
23696,Emily Steele,"60219 Gonzales Alley Suite 236, Michelestad, MP 59779",52507,2023-12-03,25025,mouth key,3,575.89
23696,Emily Steele,"60219 Gonzales Alley Suite 236, Michelestad, MP 59779",52507,2023-12-03,44214,himself world,3,597.5
23696,Emily Steele,"60219 Gonzales Alley Suite 236, Michelestad, MP 59779",52507,2023-12-03,39707,record give,4,271.2
65867,Darlene Hamilton,"USS Hill, FPO AP 84612",10871,2024-09-29,84855,fund account,4,216.8
92836,Brandon Thomas,"9288 Brittney Walk, North Timothy, VT 54177",45368,2023-10-26,91362,training force,4,640.29
92836,Brandon Thomas,"9288 Brittney Walk, North Timothy, VT 54177",88109,2024-04-18,74698,activity both,5,912.19
92836,Brandon Thomas,"9288 Brittney Walk, North Timothy, VT 54177",88109,2024-04-18,13892,son how,4,889.57
92836,Brandon Thomas,"9288 Brittney Walk, North Timothy, VT 54177",88109,2024-04-18,10729,hotel degree,1,800.46
92836,Brandon Thomas,"9288 Brittney Walk, North Timothy, VT 54177",17092,2024-04-17,12041,most easy,3,550.4
92836,Brandon Thomas,"9288 Brittney Walk, North Timothy, VT 54177",17092,2024-04-17,91241,Republican police,4,442.29
16026,Madison Spears,"49566 Paula Mill, Powersport, IN 43960",53214,2024-07-06,4459,admit measure,2,737.28
16026,Madison Spears,"49566 Paula Mill, Powersport, IN 43960",36776,2023-12-17,62762,amount seat,3,379.34
16026,Madison Spears,"49566 Paula Mill, Powersport, IN 43960",36776,2023-12-17,4080,reach physical,2,879.22
16026,Madison Spears,"49566 Paula Mill, Powersport, IN 43960",6571,2024-01-29,91472,different state,3,513.47
30934,Michael Moore,"6727 Warren Locks, Traceymouth, NH 48750",69442,2023-12-12,29397,level visit,2,346.42
30934,Michael Moore,"6727 Warren Locks, Traceymouth, NH 48750",69442,2023-12-12,98176,single similar,4,698.81
30934,Michael Moore,"6727 Warren Locks, Traceymouth, NH 48750",1680,2024-01-08,25217,case full,2,221.27
30934,Michael Moore,"6727 Warren Locks, Traceymouth, NH 48750",16792,2024-08-08,37534,dark few,1,290.77
30934,Michael Moore,"6727 Warren Locks, Traceymouth, NH 48750",16792,2024-08-08,84855,fund account,5,216.8
30934,Michael Moore,"6727 Warren Locks, Traceymouth, NH 48750",16792,2024-08-08,97994,remain discussion,3,534.48
30934,Michael Moore,"6727 Warren Locks, Traceymouth, NH 48750",35138,2024-05-22,38980,light together,3,757.42
30934,Michael Moore,"6727 Warren Locks, Traceymouth, NH 48750",35138,2024-05-22,30480,area world,2,919.25
30934,Michael Moore,"6727 Warren Locks, Traceymouth, NH 48750",35138,2024-05-22,37534,dark few,3,290.77
46312,Ashley Martin,"183 Christensen Points, Tonyachester, WV 48839",6638,2024-03-04,66984,car data,5,115.17
46312,Ashley Martin,"183 Christensen Points, Tonyachester, WV 48839",6638,2024-03-04,99677,game test,5,780.7
46312,Ashley Martin,"183 Christensen Points, Tonyachester, WV 48839",6638,2024-03-04,37001,draw beyond,5,478.75
69814,Carrie Watts,"52609 Todd Overpass Apt. 161, West Kathystad, MT 89032",39585,2024-09-02,24491,friend senior,5,785.53
69814,Carrie Watts,"52609 Todd Overpass Apt. 161, West Kathystad, MT 89032",39585,2024-09-02,84855,fund account,2,216.8
69814,Carrie Watts,"52609 Todd Overpass Apt. 161, West Kathystad, MT 89032",81175,2024-01-04,25217,case full,1,221.27
69814,Carrie Watts,"52609 Todd Overpass Apt. 161, West Kathystad, MT 89032",81175,2024-01-04,60205,probably character,5,828.78
69814,Carrie Watts,"52609 Todd Overpass Apt. 161, West Kathystad, MT 89032",81175,2024-01-04,46813,avoid loss,1,58.75
69814,Carrie Watts,"52609 Todd Overpass Apt. 161, West Kathystad, MT 89032",64209,2024-08-29,24491,friend senior,3,785.53
69814,Carrie Watts,"52609 Todd Overpass Apt. 161, West Kathystad, MT 89032",64209,2024-08-29,98176,single similar,2,698.81
69814,Carrie Watts,"52609 Todd Overpass Apt. 161, West Kathystad, MT 89032",90089,2024-05-22,91362,training force,3,640.29
69814,Carrie Watts,"52609 Todd Overpass Apt. 161, West Kathystad, MT 89032",90089,2024-05-22,24491,friend senior,5,785.53
69814,Carrie Watts,"52609 Todd Overpass Apt. 161, West Kathystad, MT 89032",90089,2024-05-22,20230,maintain finish,3,37.39
81484,Susan Thomas,"70077 James Square Apt. 268, Carpenterchester, IN 26477",1777,2024-08-27,62170,choice compare,4,506.51
81484,Susan Thomas,"70077 James Square Apt. 268, Carpenterchester, IN 26477",1777,2024-08-27,4080,reach physical,3,879.22
81484,Susan Thomas,"70077 James Square Apt. 268, Carpenterchester, IN 26477",1777,2024-08-27,27975,make site,3,254.19
81484,Susan Thomas,"70077 James Square Apt. 268, Carpenterchester, IN 26477",8218,2024-08-10,10729,hotel degree,5,800.46
81484,Susan Thomas,"70077 James Square Apt. 268, Carpenterchester, IN 26477",8218,2024-08-10,24491,friend senior,2,785.53
81484,Susan Thomas,"70077 James Square Apt. 268, Carpenterchester, IN 26477",7797,2024-01-24,35577,tough no,3,41.98
81484,Susan Thomas,"70077 James Square Apt. 268, Carpenterchester, IN 26477",7797,2024-01-24,74698,activity both,3,912.19
81484,Susan Thomas,"70077 James Square Apt. 268, Carpenterchester, IN 26477",7797,2024-01-24,83277,west western,5,882.67
81484,Susan Thomas,"70077 James Square Apt. 268, Carpenterchester, IN 26477",93369,2024-06-17,70552,blood sister,4,901.46
81484,Susan Thomas,"70077 James Square Apt. 268, Carpenterchester, IN 26477",93369,2024-06-17,27975,make site,3,254.19
81484,Susan Thomas,"70077 James Square Apt. 268, Carpenterchester, IN 26477",93369,2024-06-17,13892,son how,1,889.57
81484,Susan Thomas,"70077 James Square Apt. 268, Carpenterchester, IN 26477",99739,2024-01-10,1025,against return,5,307.44
81484,Susan Thomas,"70077 James Square Apt. 268, Carpenterchester, IN 26477",99739,2024-01-10,37001,draw beyond,1,478.75
81484,Susan Thomas,"70077 James Square Apt. 268, Carpenterchester, IN 26477",99739,2024-01-10,66986,stay away,4,171.66
78362,Abigail Reed,"209 Laurie Springs, Melissahaven, ME 01399",51868,2024-10-06,27041,popular figure,4,483.9
78362,Abigail Reed,"209 Laurie Springs, Melissahaven, ME 01399",4449,2023-11-25,13073,table after,1,92.97
78362,Abigail Reed,"209 Laurie Springs, Melissahaven, ME 01399",72368,2024-03-09,22733,seat your,3,790.71
78362,Abigail Reed,"209 Laurie Springs, Melissahaven, ME 01399",72368,2024-03-09,87329,worker organization,1,990.26
78362,Abigail Reed,"209 Laurie Springs, Melissahaven, ME 01399",72368,2024-03-09,9991,each edge,5,185.47
78362,Abigail Reed,"209 Laurie Springs, Melissahaven, ME 01399",54621,2024-08-26,35740,fly catch,3,408.16
78362,Abigail Reed,"209 Laurie Springs, Melissahaven, ME 01399",54621,2024-08-26,22733,seat your,2,790.71
78362,Abigail Reed,"209 Laurie Springs, Melissahaven, ME 01399",54621,2024-08-26,44518,build society,4,303.04
90107,Jon Hood,"47885 Bradshaw Groves, Wrightshire, DC 36424",11084,2024-01-20,5537,why day,3,432.56
90107,Jon Hood,"47885 Bradshaw Groves, Wrightshire, DC 36424",11084,2024-01-20,4080,reach physical,5,879.22
90107,Jon Hood,"47885 Bradshaw Groves, Wrightshire, DC 36424",48300,2024-02-26,60947,front letter,4,793.46
90107,Jon Hood,"47885 Bradshaw Groves, Wrightshire, DC 36424",48300,2024-02-26,7458,could tell,5,311.26
90107,Jon Hood,"47885 Bradshaw Groves, Wrightshire, DC 36424",72232,2024-02-28,62762,amount seat,2,379.34
90107,Jon Hood,"47885 Bradshaw Groves, Wrightshire, DC 36424",72232,2024-02-28,13189,store daughter,5,150.25
93226,Brian Phillips,"33940 Jones Shores Apt. 943, East Jessicafurt, NM 12819",31933,2024-07-02,60205,probably character,2,828.78
93226,Brian Phillips,"33940 Jones Shores Apt. 943, East Jessicafurt, NM 12819",31933,2024-07-02,39707,record give,1,271.2
93226,Brian Phillips,"33940 Jones Shores Apt. 943, East Jessicafurt, NM 12819",31933,2024-07-02,9868,reduce first,1,882.4
93226,Brian Phillips,"33940 Jones Shores Apt. 943, East Jessicafurt, NM 12819",34976,2023-10-27,66223,specific serious,5,763.48
93226,Brian Phillips,"33940 Jones Shores Apt. 943, East Jessicafurt, NM 12819",47095,2024-05-06,92810,citizen dream,1,876.79
93226,Brian Phillips,"33940 Jones Shores Apt. 943, East Jessicafurt, NM 12819",47095,2024-05-06,58821,yard identify,2,399.75
93226,Brian Phillips,"33940 Jones Shores Apt. 943, East Jessicafurt, NM 12819",54361,2024-05-06,4080,reach physical,2,879.22
93226,Brian Phillips,"33940 Jones Shores Apt. 943, East Jessicafurt, NM 12819",54361,2024-05-06,35618,now suddenly,1,725.87
78646,Patricia Barber,"29165 Kerr Orchard, East Jose, NM 49785",68407,2024-01-01,35618,now suddenly,1,725.87
78646,Patricia Barber,"29165 Kerr Orchard, East Jose, NM 49785",68407,2024-01-01,78574,pretty little,5,275.46
78646,Patricia Barber,"29165 Kerr Orchard, East Jose, NM 49785",68407,2024-01-01,25217,case full,5,221.27
78646,Patricia Barber,"29165 Kerr Orchard, East Jose, NM 49785",36119,2024-01-22,31238,church interest,4,54.88
78646,Patricia Barber,"29165 Kerr Orchard, East Jose, NM 49785",72588,2024-03-15,3436,he pattern,1,504.18
78646,Patricia Barber,"29165 Kerr Orchard, East Jose, NM 49785",72588,2024-03-15,41078,break of,2,395.12
78646,Patricia Barber,"29165 Kerr Orchard, East Jose, NM 49785",72588,2024-03-15,34209,new family,1,339.87
78646,Patricia Barber,"29165 Kerr Orchard, East Jose, NM 49785",37461,2024-10-11,78574,pretty little,2,275.46
78646,Patricia Barber,"29165 Kerr Orchard, East Jose, NM 49785",37461,2024-10-11,4459,admit measure,4,737.28
78646,Patricia Barber,"29165 Kerr Orchard, East Jose, NM 49785",37461,2024-10-11,4459,admit measure,1,737.28
17508,Tyler Brooks,"31221 Gary Locks Apt. 052, Melanieland, SD 95431",78621,2024-06-03,66986,stay away,1,171.66
17508,Tyler Brooks,"31221 Gary Locks Apt. 052, Melanieland, SD 95431",29232,2024-01-07,27041,popular figure,4,483.9
17508,Tyler Brooks,"31221 Gary Locks Apt. 052, Melanieland, SD 95431",29232,2024-01-07,70166,let candidate,2,337.72
17508,Tyler Brooks,"31221 Gary Locks Apt. 052, Melanieland, SD 95431",29232,2024-01-07,85138,same impact,1,638.88
17508,Tyler Brooks,"31221 Gary Locks Apt. 052, Melanieland, SD 95431",20101,2024-02-24,24491,friend senior,2,785.53
17508,Tyler Brooks,"31221 Gary Locks Apt. 052, Melanieland, SD 95431",20101,2024-02-24,46813,avoid loss,1,58.75
17508,Tyler Brooks,"31221 Gary Locks Apt. 052, Melanieland, SD 95431",85395,2024-08-27,87329,worker organization,4,990.26
17508,Tyler Brooks,"31221 Gary Locks Apt. 052, Melanieland, SD 95431",85395,2024-08-27,30480,area world,3,919.25
17508,Tyler Brooks,"31221 Gary Locks Apt. 052, Melanieland, SD 95431",39603,2024-04-12,46813,avoid loss,2,58.75
32240,John Patterson,"07863 Kim Rapids, Port Carolineburgh, NY 25148",91953,2023-10-25,35618,now suddenly,4,725.87
32240,John Patterson,"07863 Kim Rapids, Port Carolineburgh, NY 25148",14797,2024-01-06,53539,radio develop,5,458.26
32240,John Patterson,"07863 Kim Rapids, Port Carolineburgh, NY 25148",51184,2024-04-03,44214,himself world,1,597.5
32240,John Patterson,"07863 Kim Rapids, Port Carolineburgh, NY 25148",51184,2024-04-03,2235,senior work,2,871.17
32240,John Patterson,"07863 Kim Rapids, Port Carolineburgh, NY 25148",51184,2024-04-03,25217,case full,5,221.27
67377,Jill Clark,"23769 Christina Crossing, East Sandra, SD 39804",41105,2024-05-27,9868,reduce first,1,882.4
67377,Jill Clark,"23769 Christina Crossing, East Sandra, SD 39804",41105,2024-05-27,85138,same impact,5,638.88
67377,Jill Clark,"23769 Christina Crossing, East Sandra, SD 39804",41105,2024-05-27,23419,represent which,2,615.92
67377,Jill Clark,"23769 Christina Crossing, East Sandra, SD 39804",61579,2024-05-17,95733,south interview,3,259.25
67377,Jill Clark,"23769 Christina Crossing, East Sandra, SD 39804",61579,2024-05-17,62170,choice compare,3,506.51
67377,Jill Clark,"23769 Christina Crossing, East Sandra, SD 39804",19885,2024-07-09,13073,table after,1,92.97
67377,Jill Clark,"23769 Christina Crossing, East Sandra, SD 39804",19885,2024-07-09,4080,reach physical,3,879.22
67377,Jill Clark,"23769 Christina Crossing, East Sandra, SD 39804",19885,2024-07-09,92810,citizen dream,5,876.79
67377,Jill Clark,"23769 Christina Crossing, East Sandra, SD 39804",53642,2023-11-15,93476,subject court,3,378.85
67377,Jill Clark,"23769 Christina Crossing, East Sandra, SD 39804",53642,2023-11-15,52265,international watch,2,110.68
67377,Jill Clark,"23769 Christina Crossing, East Sandra, SD 39804",53642,2023-11-15,98054,if top,1,973.01
34862,Grace Peterson,"4972 Fleming View Suite 906, Port Ericberg, KY 24327",51655,2024-04-27,44214,himself world,2,597.5
34862,Grace Peterson,"4972 Fleming View Suite 906, Port Ericberg, KY 24327",51655,2024-04-27,66829,indicate glass,3,655.22
34862,Grace Peterson,"4972 Fleming View Suite 906, Port Ericberg, KY 24327",51655,2024-04-27,91472,different state,3,513.47
34862,Grace Peterson,"4972 Fleming View Suite 906, Port Ericberg, KY 24327",34899,2024-08-02,41230,church always,1,428.98
34862,Grace Peterson,"4972 Fleming View Suite 906, Port Ericberg, KY 24327",34899,2024-08-02,37001,draw beyond,2,478.75
34862,Grace Peterson,"4972 Fleming View Suite 906, Port Ericberg, KY 24327",34899,2024-08-02,91241,Republican police,1,442.29
17037,Holly Taylor,"09835 Malone Key, West Tonyaland, NJ 83060",78805,2024-08-01,84927,team allow,3,332.14
17037,Holly Taylor,"09835 Malone Key, West Tonyaland, NJ 83060",55633,2024-08-09,41230,church always,2,428.98
17037,Holly Taylor,"09835 Malone Key, West Tonyaland, NJ 83060",55633,2024-08-09,79139,administration success,4,378.98
17037,Holly Taylor,"09835 Malone Key, West Tonyaland, NJ 83060",55633,2024-08-09,31737,pull idea,1,700.12
36124,Dale Martinez,"867 Daniel Station Suite 197, West Nicholas, GU 55526",9744,2024-03-15,35577,tough no,5,41.98
36124,Dale Martinez,"867 Daniel Station Suite 197, West Nicholas, GU 55526",18410,2024-02-08,13189,store daughter,5,150.25
36124,Dale Martinez,"867 Daniel Station Suite 197, West Nicholas, GU 55526",18410,2024-02-08,53539,radio develop,2,458.26
36124,Dale Martinez,"867 Daniel Station Suite 197, West Nicholas, GU 55526",18410,2024-02-08,35577,tough no,2,41.98
36124,Dale Martinez,"867 Daniel Station Suite 197, West Nicholas, GU 55526",3040,2024-06-24,77235,low nor,1,31.54
36124,Dale Martinez,"867 Daniel Station Suite 197, West Nicholas, GU 55526",3040,2024-06-24,60205,probably character,2,828.78
36124,Dale Martinez,"867 Daniel Station Suite 197, West Nicholas, GU 55526",46425,2024-08-12,20230,maintain finish,2,37.39
36124,Dale Martinez,"867 Daniel Station Suite 197, West Nicholas, GU 55526",46425,2024-08-12,13189,store daughter,5,150.25
36124,Dale Martinez,"867 Daniel Station Suite 197, West Nicholas, GU 55526",63251,2024-04-11,70918,team clear,5,59.7
36124,Dale Martinez,"867 Daniel Station Suite 197, West Nicholas, GU 55526",63251,2024-04-11,98054,if top,2,973.01
12683,Jasmin Shelton,"0874 Laura Gardens Apt. 621, West Davidberg, LA 82366",67202,2024-03-06,84927,team allow,5,332.14
12683,Jasmin Shelton,"0874 Laura Gardens Apt. 621, West Davidberg, LA 82366",67202,2024-03-06,4361,follow it,2,328.54
12683,Jasmin Shelton,"0874 Laura Gardens Apt. 621, West Davidberg, LA 82366",48795,2024-04-21,35740,fly catch,4,408.16
12683,Jasmin Shelton,"0874 Laura Gardens Apt. 621, West Davidberg, LA 82366",48795,2024-04-21,285,provide friend,1,162.6
12683,Jasmin Shelton,"0874 Laura Gardens Apt. 621, West Davidberg, LA 82366",48795,2024-04-21,52265,international watch,1,110.68
12683,Jasmin Shelton,"0874 Laura Gardens Apt. 621, West Davidberg, LA 82366",5141,2024-10-04,78574,pretty little,2,275.46
60693,Maria Taylor,"548 Jonathan Trail, North Eric, CO 01077",98630,2023-11-17,83028,impact reach,3,880.32
60693,Maria Taylor,"548 Jonathan Trail, North Eric, CO 01077",20004,2024-01-22,41230,church always,5,428.98
60693,Maria Taylor,"548 Jonathan Trail, North Eric, CO 01077",20004,2024-01-22,62762,amount seat,3,379.34
60693,Maria Taylor,"548 Jonathan Trail, North Eric, CO 01077",13898,2023-10-24,67406,threat mission,1,181.57
60693,Maria Taylor,"548 Jonathan Trail, North Eric, CO 01077",13898,2023-10-24,5537,why day,3,432.56
60693,Maria Taylor,"548 Jonathan Trail, North Eric, CO 01077",13898,2023-10-24,23419,represent which,2,615.92
5527,Jeremy Kelly,"64619 Gregory Route Suite 972, Jeffreychester, AL 99775",44322,2024-06-19,97994,remain discussion,5,534.48
5527,Jeremy Kelly,"64619 Gregory Route Suite 972, Jeffreychester, AL 99775",44322,2024-06-19,27975,make site,4,254.19
5527,Jeremy Kelly,"64619 Gregory Route Suite 972, Jeffreychester, AL 99775",44322,2024-06-19,83277,west western,3,882.67
5527,Jeremy Kelly,"64619 Gregory Route Suite 972, Jeffreychester, AL 99775",78202,2024-07-24,31238,church interest,1,54.88
5527,Jeremy Kelly,"64619 Gregory Route Suite 972, Jeffreychester, AL 99775",78202,2024-07-24,84927,team allow,4,332.14
5527,Jeremy Kelly,"64619 Gregory Route Suite 972, Jeffreychester, AL 99775",51180,2024-01-24,27041,popular figure,1,483.9
5527,Jeremy Kelly,"64619 Gregory Route Suite 972, Jeffreychester, AL 99775",51180,2024-01-24,97994,remain discussion,3,534.48
5527,Jeremy Kelly,"64619 Gregory Route Suite 972, Jeffreychester, AL 99775",51180,2024-01-24,58821,yard identify,1,399.75
5527,Jeremy Kelly,"64619 Gregory Route Suite 972, Jeffreychester, AL 99775",30227,2024-05-04,31238,church interest,3,54.88
5527,Jeremy Kelly,"64619 Gregory Route Suite 972, Jeffreychester, AL 99775",30227,2024-05-04,4080,reach physical,2,879.22
5527,Jeremy Kelly,"64619 Gregory Route Suite 972, Jeffreychester, AL 99775",30227,2024-05-04,44214,himself world,4,597.5
79967,Tyler Palmer,"32267 Williams Mission Suite 630, Lauratown, MD 48077",3293,2024-06-27,70552,blood sister,1,901.46
79967,Tyler Palmer,"32267 Williams Mission Suite 630, Lauratown, MD 48077",3293,2024-06-27,66223,specific serious,4,763.48
79967,Tyler Palmer,"32267 Williams Mission Suite 630, Lauratown, MD 48077",11789,2024-04-01,2235,senior work,4,871.17
79967,Tyler Palmer,"32267 Williams Mission Suite 630, Lauratown, MD 48077",37387,2024-08-26,29397,level visit,2,346.42
79967,Tyler Palmer,"32267 Williams Mission Suite 630, Lauratown, MD 48077",37387,2024-08-26,57048,central finish,1,349.0
11124,William Thompson,"527 Madden Expressway, East Candice, OH 93260",17155,2024-03-29,35577,tough no,4,41.98
11124,William Thompson,"527 Madden Expressway, East Candice, OH 93260",17155,2024-03-29,58821,yard identify,1,399.75
11124,William Thompson,"527 Madden Expressway, East Candice, OH 93260",1114,2023-10-25,88584,law within,5,851.28
11124,William Thompson,"527 Madden Expressway, East Candice, OH 93260",1114,2023-10-25,39680,wait phone,3,390.08
11124,William Thompson,"527 Madden Expressway, East Candice, OH 93260",23879,2024-03-16,41078,break of,1,395.12
50435,Donald Lee,"100 Brown Ridge Apt. 619, Morganhaven, NC 40894",58416,2024-01-17,58821,yard identify,2,399.75
62971,Shelby Beasley,"7008 Summers Drive, Odonnellland, VI 32681",72402,2024-01-08,12041,most easy,5,550.4
62971,Shelby Beasley,"7008 Summers Drive, Odonnellland, VI 32681",72402,2024-01-08,10729,hotel degree,4,800.46
62971,Shelby Beasley,"7008 Summers Drive, Odonnellland, VI 32681",72402,2024-01-08,65859,however group,4,565.77
62971,Shelby Beasley,"7008 Summers Drive, Odonnellland, VI 32681",68671,2024-04-04,2649,themselves person,3,382.08
62971,Shelby Beasley,"7008 Summers Drive, Odonnellland, VI 32681",68671,2024-04-04,87329,worker organization,4,990.26
62971,Shelby Beasley,"7008 Summers Drive, Odonnellland, VI 32681",59323,2024-07-22,91362,training force,1,640.29
55191,John Miller,"92065 Patrick Cliffs Apt. 038, Lake Kara, LA 31071",81267,2024-07-16,49358,west build,2,812.37
51189,Pamela Williams,"7847 Jennifer Mill, Sharpshire, TN 40594",11398,2024-02-07,44214,himself world,2,597.5
51189,Pamela Williams,"7847 Jennifer Mill, Sharpshire, TN 40594",11398,2024-02-07,29397,level visit,4,346.42
51189,Pamela Williams,"7847 Jennifer Mill, Sharpshire, TN 40594",48028,2024-10-15,60205,probably character,2,828.78
51189,Pamela Williams,"7847 Jennifer Mill, Sharpshire, TN 40594",91914,2023-12-11,57048,central finish,3,349.0
10113,Alex Brown,"4847 Susan Stravenue, Port Kaitlynchester, MP 78615",13149,2024-03-31,49358,west build,4,812.37
10113,Alex Brown,"4847 Susan Stravenue, Port Kaitlynchester, MP 78615",13149,2024-03-31,20230,maintain finish,2,37.39
10113,Alex Brown,"4847 Susan Stravenue, Port Kaitlynchester, MP 78615",13149,2024-03-31,52265,international watch,3,110.68
10113,Alex Brown,"4847 Susan Stravenue, Port Kaitlynchester, MP 78615",69199,2023-12-22,39680,wait phone,5,390.08
10113,Alex Brown,"4847 Susan Stravenue, Port Kaitlynchester, MP 78615",69199,2023-12-22,99677,game test,2,780.7
10113,Alex Brown,"4847 Susan Stravenue, Port Kaitlynchester, MP 78615",46626,2023-12-24,10729,hotel degree,5,800.46
10113,Alex Brown,"4847 Susan Stravenue, Port Kaitlynchester, MP 78615",95019,2024-02-27,95733,south interview,3,259.25
10113,Alex Brown,"4847 Susan Stravenue, Port Kaitlynchester, MP 78615",95019,2024-02-27,66984,car data,2,115.17
10113,Alex Brown,"4847 Susan Stravenue, Port Kaitlynchester, MP 78615",95019,2024-02-27,44518,build society,4,303.04
48702,Hunter Nelson,"5772 Sims Haven, Ryanburgh, PA 77679",48076,2024-04-25,95733,south interview,3,259.25
40923,Noah Taylor,"8777 Philip Square Apt. 287, South Donna, PW 48171",97047,2024-05-19,5537,why day,2,432.56
40923,Noah Taylor,"8777 Philip Square Apt. 287, South Donna, PW 48171",97047,2024-05-19,97994,remain discussion,1,534.48
40923,Noah Taylor,"8777 Philip Square Apt. 287, South Donna, PW 48171",22623,2024-01-15,25217,case full,4,221.27
67591,Audrey Glover,"9432 Haas Branch Suite 456, Samanthaview, MT 50626",51214,2024-07-02,27041,popular figure,3,483.9
67591,Audrey Glover,"9432 Haas Branch Suite 456, Samanthaview, MT 50626",51214,2024-07-02,66984,car data,5,115.17
67591,Audrey Glover,"9432 Haas Branch Suite 456, Samanthaview, MT 50626",51214,2024-07-02,91241,Republican police,4,442.29
67591,Audrey Glover,"9432 Haas Branch Suite 456, Samanthaview, MT 50626",10827,2024-05-06,52265,international watch,1,110.68
67591,Audrey Glover,"9432 Haas Branch Suite 456, Samanthaview, MT 50626",10827,2024-05-06,87329,worker organization,1,990.26
38069,Brian James,"8798 Hernandez Trace Suite 889, Klineton, IA 57341",89217,2024-09-18,83028,impact reach,2,880.32
38069,Brian James,"8798 Hernandez Trace Suite 889, Klineton, IA 57341",89217,2024-09-18,52265,international watch,1,110.68
38069,Brian James,"8798 Hernandez Trace Suite 889, Klineton, IA 57341",89217,2024-09-18,9991,each edge,3,185.47
96668,Jeffrey Sims,"30915 Denise Tunnel, South Kimberlyville, TX 66572",2129,2024-06-22,48648,some onto,3,35.31
96668,Jeffrey Sims,"30915 Denise Tunnel, South Kimberlyville, TX 66572",2129,2024-06-22,91241,Republican police,5,442.29
96668,Jeffrey Sims,"30915 Denise Tunnel, South Kimberlyville, TX 66572",2129,2024-06-22,13433,positive after,5,154.64
96668,Jeffrey Sims,"30915 Denise Tunnel, South Kimberlyville, TX 66572",22430,2024-10-13,12041,most easy,1,550.4
96668,Jeffrey Sims,"30915 Denise Tunnel, South Kimberlyville, TX 66572",74448,2024-08-13,97994,remain discussion,4,534.48
5901,Glen Hinton,"4481 Beck Parks, Caseyshire, CO 74646",26534,2024-03-22,285,provide friend,1,162.6
5901,Glen Hinton,"4481 Beck Parks, Caseyshire, CO 74646",26534,2024-03-22,68778,rule deal,4,111.08
5901,Glen Hinton,"4481 Beck Parks, Caseyshire, CO 74646",26534,2024-03-22,4459,admit measure,1,737.28
5901,Glen Hinton,"4481 Beck Parks, Caseyshire, CO 74646",93412,2023-12-07,23504,may somebody,4,223.91
5901,Glen Hinton,"4481 Beck Parks, Caseyshire, CO 74646",93412,2023-12-07,30630,share particularly,2,646.96
5901,Glen Hinton,"4481 Beck Parks, Caseyshire, CO 74646",8778,2024-05-21,64717,together system,3,136.24
5901,Glen Hinton,"4481 Beck Parks, Caseyshire, CO 74646",8778,2024-05-21,89010,state since,1,773.88
5901,Glen Hinton,"4481 Beck Parks, Caseyshire, CO 74646",8778,2024-05-21,24491,friend senior,4,785.53
5901,Glen Hinton,"4481 Beck Parks, Caseyshire, CO 74646",24252,2023-12-06,4459,admit measure,5,737.28
46928,Thomas Monroe,"778 Dominguez Haven, Griffithmouth, TN 34988",98445,2024-04-30,70552,blood sister,2,901.46
46928,Thomas Monroe,"778 Dominguez Haven, Griffithmouth, TN 34988",98445,2024-04-30,4080,reach physical,3,879.22
46928,Thomas Monroe,"778 Dominguez Haven, Griffithmouth, TN 34988",23187,2023-12-21,25025,mouth key,3,575.89
46928,Thomas Monroe,"778 Dominguez Haven, Griffithmouth, TN 34988",23187,2023-12-21,23419,represent which,1,615.92
46928,Thomas Monroe,"778 Dominguez Haven, Griffithmouth, TN 34988",23187,2023-12-21,84855,fund account,1,216.8
46928,Thomas Monroe,"778 Dominguez Haven, Griffithmouth, TN 34988",34521,2024-01-30,13073,table after,5,92.97
46928,Thomas Monroe,"778 Dominguez Haven, Griffithmouth, TN 34988",34521,2024-01-30,7458,could tell,5,311.26
46928,Thomas Monroe,"778 Dominguez Haven, Griffithmouth, TN 34988",69559,2024-08-01,70552,blood sister,5,901.46
46928,Thomas Monroe,"778 Dominguez Haven, Griffithmouth, TN 34988",69559,2024-08-01,62762,amount seat,2,379.34
46928,Thomas Monroe,"778 Dominguez Haven, Griffithmouth, TN 34988",48348,2024-03-04,67406,threat mission,3,181.57
46928,Thomas Monroe,"778 Dominguez Haven, Griffithmouth, TN 34988",48348,2024-03-04,75590,fill condition,4,803.04
46928,Thomas Monroe,"778 Dominguez Haven, Griffithmouth, TN 34988",48348,2024-03-04,98054,if top,3,973.01
47337,Gloria Petersen,"0442 Kathleen Extensions Suite 398, Millerland, MN 46137",2556,2023-10-25,12041,most easy,5,550.4
47337,Gloria Petersen,"0442 Kathleen Extensions Suite 398, Millerland, MN 46137",2556,2023-10-25,66829,indicate glass,5,655.22
47337,Gloria Petersen,"0442 Kathleen Extensions Suite 398, Millerland, MN 46137",67461,2023-11-16,13073,table after,1,92.97
47337,Gloria Petersen,"0442 Kathleen Extensions Suite 398, Millerland, MN 46137",67461,2023-11-16,37001,draw beyond,5,478.75
47337,Gloria Petersen,"0442 Kathleen Extensions Suite 398, Millerland, MN 46137",67461,2023-11-16,3436,he pattern,3,504.18
15500,Elizabeth Aguirre,"USNV Castillo, FPO AE 70184",72409,2024-01-07,39707,record give,3,271.2
15500,Elizabeth Aguirre,"USNV Castillo, FPO AE 70184",25945,2024-08-17,13892,son how,5,889.57
15500,Elizabeth Aguirre,"USNV Castillo, FPO AE 70184",25945,2024-08-17,22733,seat your,5,790.71
15500,Elizabeth Aguirre,"USNV Castillo, FPO AE 70184",1692,2024-01-05,13892,son how,4,889.57
15500,Elizabeth Aguirre,"USNV Castillo, FPO AE 70184",1692,2024-01-05,91472,different state,4,513.47
15500,Elizabeth Aguirre,"USNV Castillo, FPO AE 70184",31137,2024-02-22,3436,he pattern,1,504.18
15500,Elizabeth Aguirre,"USNV Castillo, FPO AE 70184",31137,2024-02-22,79139,administration success,1,378.98
15500,Elizabeth Aguirre,"USNV Castillo, FPO AE 70184",98794,2024-07-22,30630,share particularly,2,646.96
15500,Elizabeth Aguirre,"USNV Castillo, FPO AE 70184",98794,2024-07-22,27041,popular figure,3,483.9
15500,Elizabeth Aguirre,"USNV Castillo, FPO AE 70184",98794,2024-07-22,27041,popular figure,3,483.9
53717,Felicia Lowe,"1408 Jackson Meadow, Andrewsside, PA 45667",33664,2024-09-13,60205,probably character,4,828.78
53717,Felicia Lowe,"1408 Jackson Meadow, Andrewsside, PA 45667",33664,2024-09-13,93476,subject court,1,378.85
53717,Felicia Lowe,"1408 Jackson Meadow, Andrewsside, PA 45667",92984,2023-10-31,29397,level visit,4,346.42
53717,Felicia Lowe,"1408 Jackson Meadow, Andrewsside, PA 45667",92984,2023-10-31,9991,each edge,2,185.47
53717,Felicia Lowe,"1408 Jackson Meadow, Andrewsside, PA 45667",92984,2023-10-31,67406,threat mission,5,181.57
62037,Lucas Hampton,"394 Charlene Gardens Apt. 196, Daviesborough, DC 62406",86676,2024-09-25,99677,game test,1,780.7
62037,Lucas Hampton,"394 Charlene Gardens Apt. 196, Daviesborough, DC 62406",86676,2024-09-25,62335,man series,5,619.45
62037,Lucas Hampton,"394 Charlene Gardens Apt. 196, Daviesborough, DC 62406",86676,2024-09-25,65859,however group,4,565.77
62037,Lucas Hampton,"394 Charlene Gardens Apt. 196, Daviesborough, DC 62406",2297,2024-07-25,37001,draw beyond,1,478.75
62037,Lucas Hampton,"394 Charlene Gardens Apt. 196, Daviesborough, DC 62406",61820,2024-01-05,4080,reach physical,1,879.22
91790,Jack Wong,"PSC 6574, Box 2607, APO AA 10401",51554,2024-08-20,66986,stay away,3,171.66
91790,Jack Wong,"PSC 6574, Box 2607, APO AA 10401",51554,2024-08-20,27975,make site,3,254.19
91790,Jack Wong,"PSC 6574, Box 2607, APO AA 10401",83881,2023-12-09,35740,fly catch,4,408.16
91790,Jack Wong,"PSC 6574, Box 2607, APO AA 10401",83881,2023-12-09,67406,threat mission,1,181.57
91790,Jack Wong,"PSC 6574, Box 2607, APO AA 10401",83881,2023-12-09,9868,reduce first,5,882.4
91790,Jack Wong,"PSC 6574, Box 2607, APO AA 10401",4972,2024-02-20,89010,state since,3,773.88
91790,Jack Wong,"PSC 6574, Box 2607, APO AA 10401",57492,2024-05-31,12041,most easy,1,550.4
51385,Lisa Moore,"90689 Houston Fort, Courtneyside, OR 05091",67792,2024-04-14,13073,table after,4,92.97
51385,Lisa Moore,"90689 Houston Fort, Courtneyside, OR 05091",59694,2024-01-07,9991,each edge,1,185.47
51385,Lisa Moore,"90689 Houston Fort, Courtneyside, OR 05091",59694,2024-01-07,66223,specific serious,3,763.48
51385,Lisa Moore,"90689 Houston Fort, Courtneyside, OR 05091",77805,2024-03-07,22733,seat your,2,790.71
51385,Lisa Moore,"90689 Houston Fort, Courtneyside, OR 05091",70420,2024-03-12,2649,themselves person,3,382.08
51385,Lisa Moore,"90689 Houston Fort, Courtneyside, OR 05091",55643,2024-03-27,48648,some onto,3,35.31
51385,Lisa Moore,"90689 Houston Fort, Courtneyside, OR 05091",55643,2024-03-27,66223,specific serious,5,763.48
51385,Lisa Moore,"90689 Houston Fort, Courtneyside, OR 05091",55643,2024-03-27,29940,cause here,4,967.4
16451,Chad Stewart,"727 Thomas Fork Apt. 516, North Ashley, HI 02053",50012,2024-02-14,4080,reach physical,1,879.22
16451,Chad Stewart,"727 Thomas Fork Apt. 516, North Ashley, HI 02053",50012,2024-02-14,79139,administration success,4,378.98
16451,Chad Stewart,"727 Thomas Fork Apt. 516, North Ashley, HI 02053",50012,2024-02-14,91472,different state,5,513.47
63759,Alyssa Bates,"402 Marcus Island Suite 312, West David, MS 28557",86828,2024-04-27,88584,law within,1,851.28
63759,Alyssa Bates,"402 Marcus Island Suite 312, West David, MS 28557",86828,2024-04-27,78574,pretty little,5,275.46
63759,Alyssa Bates,"402 Marcus Island Suite 312, West David, MS 28557",61246,2023-12-31,66223,specific serious,3,763.48
63759,Alyssa Bates,"402 Marcus Island Suite 312, West David, MS 28557",61246,2023-12-31,4080,reach physical,2,879.22
63759,Alyssa Bates,"402 Marcus Island Suite 312, West David, MS 28557",95956,2024-09-16,91241,Republican police,2,442.29
63759,Alyssa Bates,"402 Marcus Island Suite 312, West David, MS 28557",95956,2024-09-16,44214,himself world,3,597.5
63759,Alyssa Bates,"402 Marcus Island Suite 312, West David, MS 28557",95956,2024-09-16,9868,reduce first,4,882.4
63759,Alyssa Bates,"402 Marcus Island Suite 312, West David, MS 28557",32510,2024-03-16,91241,Republican police,5,442.29
31152,Edward Howell,"7417 Rhonda Street Suite 790, Timothymouth, NJ 58190",67223,2024-02-22,37534,dark few,1,290.77
31152,Edward Howell,"7417 Rhonda Street Suite 790, Timothymouth, NJ 58190",67223,2024-02-22,65859,however group,1,565.77
31152,Edward Howell,"7417 Rhonda Street Suite 790, Timothymouth, NJ 58190",67223,2024-02-22,98176,single similar,1,698.81
31152,Edward Howell,"7417 Rhonda Street Suite 790, Timothymouth, NJ 58190",30479,2023-10-25,25217,case full,5,221.27
31152,Edward Howell,"7417 Rhonda Street Suite 790, Timothymouth, NJ 58190",30479,2023-10-25,87329,worker organization,1,990.26
31152,Edward Howell,"7417 Rhonda Street Suite 790, Timothymouth, NJ 58190",30479,2023-10-25,27975,make site,3,254.19
31152,Edward Howell,"7417 Rhonda Street Suite 790, Timothymouth, NJ 58190",46639,2024-03-25,46813,avoid loss,5,58.75
31152,Edward Howell,"7417 Rhonda Street Suite 790, Timothymouth, NJ 58190",46639,2024-03-25,58821,yard identify,2,399.75
31152,Edward Howell,"7417 Rhonda Street Suite 790, Timothymouth, NJ 58190",46639,2024-03-25,23504,may somebody,2,223.91
31152,Edward Howell,"7417 Rhonda Street Suite 790, Timothymouth, NJ 58190",13822,2024-08-06,83028,impact reach,5,880.32
31152,Edward Howell,"7417 Rhonda Street Suite 790, Timothymouth, NJ 58190",13822,2024-08-06,79139,administration success,5,378.98
31152,Edward Howell,"7417 Rhonda Street Suite 790, Timothymouth, NJ 58190",13822,2024-08-06,7628,call thought,3,671.06
73049,Kristen Hoover,"35343 Ronnie Lodge Suite 490, Millerhaven, ND 83765",38118,2023-12-11,91362,training force,2,640.29
73049,Kristen Hoover,"35343 Ronnie Lodge Suite 490, Millerhaven, ND 83765",38118,2023-12-11,98054,if top,2,973.01
73049,Kristen Hoover,"35343 Ronnie Lodge Suite 490, Millerhaven, ND 83765",38118,2023-12-11,74698,activity both,1,912.19
73049,Kristen Hoover,"35343 Ronnie Lodge Suite 490, Millerhaven, ND 83765",22832,2024-06-29,70166,let candidate,4,337.72
73049,Kristen Hoover,"35343 Ronnie Lodge Suite 490, Millerhaven, ND 83765",12295,2024-07-06,4459,admit measure,3,737.28
73049,Kristen Hoover,"35343 Ronnie Lodge Suite 490, Millerhaven, ND 83765",12295,2024-07-06,4459,admit measure,3,737.28
73049,Kristen Hoover,"35343 Ronnie Lodge Suite 490, Millerhaven, ND 83765",12295,2024-07-06,38980,light together,3,757.42
73049,Kristen Hoover,"35343 Ronnie Lodge Suite 490, Millerhaven, ND 83765",97576,2024-05-29,20230,maintain finish,3,37.39
73049,Kristen Hoover,"35343 Ronnie Lodge Suite 490, Millerhaven, ND 83765",97576,2024-05-29,37001,draw beyond,5,478.75
99444,Ryan Schroeder,"34541 Washington Cape, North Samanthaberg, CO 21343",71058,2024-07-19,58821,yard identify,2,399.75
99444,Ryan Schroeder,"34541 Washington Cape, North Samanthaberg, CO 21343",71058,2024-07-19,37001,draw beyond,2,478.75
99444,Ryan Schroeder,"34541 Washington Cape, North Samanthaberg, CO 21343",40512,2023-12-15,9868,reduce first,4,882.4
99444,Ryan Schroeder,"34541 Washington Cape, North Samanthaberg, CO 21343",89746,2024-02-09,22733,seat your,3,790.71
99444,Ryan Schroeder,"34541 Washington Cape, North Samanthaberg, CO 21343",47705,2024-04-30,10729,hotel degree,5,800.46
99444,Ryan Schroeder,"34541 Washington Cape, North Samanthaberg, CO 21343",47705,2024-04-30,2235,senior work,1,871.17
32066,Destiny Davidson,"805 Rachel Highway, Amandaland, OH 62177",64107,2024-09-29,52265,international watch,3,110.68
32066,Destiny Davidson,"805 Rachel Highway, Amandaland, OH 62177",64107,2024-09-29,285,provide friend,3,162.6
59171,Michelle Wood,"38034 Floyd Harbor Suite 226, Hughesberg, FL 05670",32047,2024-09-24,37001,draw beyond,4,478.75
59171,Michelle Wood,"38034 Floyd Harbor Suite 226, Hughesberg, FL 05670",32047,2024-09-24,83028,impact reach,1,880.32
59171,Michelle Wood,"38034 Floyd Harbor Suite 226, Hughesberg, FL 05670",27924,2023-12-18,70552,blood sister,2,901.46
59171,Michelle Wood,"38034 Floyd Harbor Suite 226, Hughesberg, FL 05670",27924,2023-12-18,46813,avoid loss,5,58.75
59171,Michelle Wood,"38034 Floyd Harbor Suite 226, Hughesberg, FL 05670",27924,2023-12-18,70552,blood sister,3,901.46
59171,Michelle Wood,"38034 Floyd Harbor Suite 226, Hughesberg, FL 05670",41902,2024-03-28,64717,together system,3,136.24
59171,Michelle Wood,"38034 Floyd Harbor Suite 226, Hughesberg, FL 05670",61148,2024-09-03,35577,tough no,2,41.98
59171,Michelle Wood,"38034 Floyd Harbor Suite 226, Hughesberg, FL 05670",61148,2024-09-03,84927,team allow,4,332.14
59171,Michelle Wood,"38034 Floyd Harbor Suite 226, Hughesberg, FL 05670",61148,2024-09-03,84927,team allow,3,332.14
59171,Michelle Wood,"38034 Floyd Harbor Suite 226, Hughesberg, FL 05670",7092,2024-02-23,46813,avoid loss,2,58.75
93927,James Cervantes,"523 John Meadow, Tiffanyberg, PA 75819",50454,2024-05-18,5537,why day,4,432.56
93927,James Cervantes,"523 John Meadow, Tiffanyberg, PA 75819",50454,2024-05-18,84927,team allow,5,332.14
93927,James Cervantes,"523 John Meadow, Tiffanyberg, PA 75819",9124,2024-07-01,2235,senior work,5,871.17
93927,James Cervantes,"523 John Meadow, Tiffanyberg, PA 75819",9124,2024-07-01,57048,central finish,4,349.0
93927,James Cervantes,"523 John Meadow, Tiffanyberg, PA 75819",9124,2024-07-01,37534,dark few,3,290.77
93927,James Cervantes,"523 John Meadow, Tiffanyberg, PA 75819",70298,2023-12-04,66984,car data,2,115.17
93927,James Cervantes,"523 John Meadow, Tiffanyberg, PA 75819",70298,2023-12-04,66984,car data,1,115.17
93927,James Cervantes,"523 John Meadow, Tiffanyberg, PA 75819",74492,2024-05-11,99677,game test,1,780.7
93927,James Cervantes,"523 John Meadow, Tiffanyberg, PA 75819",74492,2024-05-11,70552,blood sister,2,901.46
76514,Eric Bowers,"8456 Perez Road Suite 810, East Tanya, WY 99018",63059,2024-03-12,46813,avoid loss,3,58.75
76514,Eric Bowers,"8456 Perez Road Suite 810, East Tanya, WY 99018",50539,2024-02-15,70918,team clear,4,59.7
76514,Eric Bowers,"8456 Perez Road Suite 810, East Tanya, WY 99018",50539,2024-02-15,44214,himself world,5,597.5
76514,Eric Bowers,"8456 Perez Road Suite 810, East Tanya, WY 99018",50539,2024-02-15,70918,team clear,1,59.7
76514,Eric Bowers,"8456 Perez Road Suite 810, East Tanya, WY 99018",85496,2024-04-29,37001,draw beyond,1,478.75
76514,Eric Bowers,"8456 Perez Road Suite 810, East Tanya, WY 99018",85496,2024-04-29,3436,he pattern,4,504.18
76514,Eric Bowers,"8456 Perez Road Suite 810, East Tanya, WY 99018",85496,2024-04-29,70166,let candidate,2,337.72
76514,Eric Bowers,"8456 Perez Road Suite 810, East Tanya, WY 99018",60322,2024-06-24,27041,popular figure,1,483.9
76514,Eric Bowers,"8456 Perez Road Suite 810, East Tanya, WY 99018",60322,2024-06-24,13433,positive after,5,154.64
76514,Eric Bowers,"8456 Perez Road Suite 810, East Tanya, WY 99018",71910,2024-03-25,66829,indicate glass,3,655.22
80574,Daniel Weiss,"362 Stark Wall, New Shawn, LA 19465",3224,2023-10-26,27975,make site,5,254.19
80574,Daniel Weiss,"362 Stark Wall, New Shawn, LA 19465",363,2023-11-17,14861,social ahead,3,118.94
80574,Daniel Weiss,"362 Stark Wall, New Shawn, LA 19465",363,2023-11-17,44518,build society,1,303.04
80574,Daniel Weiss,"362 Stark Wall, New Shawn, LA 19465",83414,2024-01-08,13189,store daughter,5,150.25
80574,Daniel Weiss,"362 Stark Wall, New Shawn, LA 19465",83414,2024-01-08,70552,blood sister,4,901.46
80574,Daniel Weiss,"362 Stark Wall, New Shawn, LA 19465",86872,2024-10-15,23504,may somebody,3,223.91
80574,Daniel Weiss,"362 Stark Wall, New Shawn, LA 19465",86872,2024-10-15,62335,man series,4,619.45
80574,Daniel Weiss,"362 Stark Wall, New Shawn, LA 19465",86872,2024-10-15,4459,admit measure,2,737.28
80574,Daniel Weiss,"362 Stark Wall, New Shawn, LA 19465",98884,2024-04-25,66984,car data,1,115.17
80574,Daniel Weiss,"362 Stark Wall, New Shawn, LA 19465",98884,2024-04-25,23419,represent which,5,615.92
8980,Carlos Smith,"81880 Austin Skyway, Garyhaven, SC 47842",5198,2024-05-24,39707,record give,4,271.2
8980,Carlos Smith,"81880 Austin Skyway, Garyhaven, SC 47842",5198,2024-05-24,5537,why day,5,432.56
8980,Carlos Smith,"81880 Austin Skyway, Garyhaven, SC 47842",72614,2024-05-30,93476,subject court,2,378.85
8980,Carlos Smith,"81880 Austin Skyway, Garyhaven, SC 47842",72614,2024-05-30,91241,Republican police,1,442.29
82562,William Boyer,"937 Savannah Village, Alexisfort, AL 46846",54624,2024-06-03,95733,south interview,4,259.25
82562,William Boyer,"937 Savannah Village, Alexisfort, AL 46846",54624,2024-06-03,29397,level visit,2,346.42
82562,William Boyer,"937 Savannah Village, Alexisfort, AL 46846",41549,2023-10-26,87329,worker organization,4,990.26
82562,William Boyer,"937 Savannah Village, Alexisfort, AL 46846",41549,2023-10-26,44518,build society,4,303.04
82562,William Boyer,"937 Savannah Village, Alexisfort, AL 46846",41549,2023-10-26,58821,yard identify,4,399.75
82562,William Boyer,"937 Savannah Village, Alexisfort, AL 46846",25110,2024-05-26,12041,most easy,5,550.4
82562,William Boyer,"937 Savannah Village, Alexisfort, AL 46846",26242,2024-07-30,34209,new family,1,339.87
94783,Christopher Carr,"PSC 1539, Box 8294, APO AA 23520",11828,2024-02-11,66984,car data,2,115.17
94783,Christopher Carr,"PSC 1539, Box 8294, APO AA 23520",11828,2024-02-11,3588,collection child,5,52.62
94783,Christopher Carr,"PSC 1539, Box 8294, APO AA 23520",11828,2024-02-11,66829,indicate glass,1,655.22
94783,Christopher Carr,"PSC 1539, Box 8294, APO AA 23520",17433,2024-05-23,20230,maintain finish,5,37.39
94783,Christopher Carr,"PSC 1539, Box 8294, APO AA 23520",17433,2024-05-23,49358,west build,5,812.37
94783,Christopher Carr,"PSC 1539, Box 8294, APO AA 23520",69619,2023-11-22,1025,against return,2,307.44
94783,Christopher Carr,"PSC 1539, Box 8294, APO AA 23520",82330,2024-05-22,48648,some onto,1,35.31
94783,Christopher Carr,"PSC 1539, Box 8294, APO AA 23520",82330,2024-05-22,83277,west western,5,882.67
45311,Cynthia Tyler,"355 Mark Green Apt. 900, Mitchellport, LA 31349",20774,2024-03-05,70552,blood sister,2,901.46
45311,Cynthia Tyler,"355 Mark Green Apt. 900, Mitchellport, LA 31349",88856,2024-03-08,14861,social ahead,4,118.94
45311,Cynthia Tyler,"355 Mark Green Apt. 900, Mitchellport, LA 31349",88856,2024-03-08,70166,let candidate,2,337.72
45311,Cynthia Tyler,"355 Mark Green Apt. 900, Mitchellport, LA 31349",92262,2023-12-08,57048,central finish,2,349.0
45311,Cynthia Tyler,"355 Mark Green Apt. 900, Mitchellport, LA 31349",63337,2024-04-23,20230,maintain finish,3,37.39
40805,Alyssa Clements,"544 Russell Crescent Suite 067, Aliland, MN 29201",11946,2024-02-16,62070,firm it,2,709.83
40805,Alyssa Clements,"544 Russell Crescent Suite 067, Aliland, MN 29201",11946,2024-02-16,70918,team clear,2,59.7
40805,Alyssa Clements,"544 Russell Crescent Suite 067, Aliland, MN 29201",11946,2024-02-16,35577,tough no,2,41.98
40805,Alyssa Clements,"544 Russell Crescent Suite 067, Aliland, MN 29201",6989,2024-07-18,66986,stay away,5,171.66
40805,Alyssa Clements,"544 Russell Crescent Suite 067, Aliland, MN 29201",56717,2024-01-23,3436,he pattern,1,504.18
40805,Alyssa Clements,"544 Russell Crescent Suite 067, Aliland, MN 29201",56717,2024-01-23,70166,let candidate,3,337.72
40805,Alyssa Clements,"544 Russell Crescent Suite 067, Aliland, MN 29201",65022,2024-02-11,44518,build society,3,303.04
40805,Alyssa Clements,"544 Russell Crescent Suite 067, Aliland, MN 29201",91599,2024-03-19,37534,dark few,4,290.77
40805,Alyssa Clements,"544 Russell Crescent Suite 067, Aliland, MN 29201",91599,2024-03-19,65859,however group,2,565.77
2813,Tyler Gamble Jr.,"573 Dana Groves Apt. 145, North Alexandra, HI 70157",13888,2024-06-06,31737,pull idea,1,700.12
2813,Tyler Gamble Jr.,"573 Dana Groves Apt. 145, North Alexandra, HI 70157",13888,2024-06-06,99467,entire clear,1,168.62
2813,Tyler Gamble Jr.,"573 Dana Groves Apt. 145, North Alexandra, HI 70157",30845,2024-02-08,91241,Republican police,4,442.29
2813,Tyler Gamble Jr.,"573 Dana Groves Apt. 145, North Alexandra, HI 70157",30845,2024-02-08,57048,central finish,3,349.0
2813,Tyler Gamble Jr.,"573 Dana Groves Apt. 145, North Alexandra, HI 70157",30845,2024-02-08,68778,rule deal,1,111.08
27251,David Williams,"056 Ronald Throughway, West Michele, NE 81859",76341,2024-08-20,5537,why day,1,432.56
27251,David Williams,"056 Ronald Throughway, West Michele, NE 81859",76341,2024-08-20,48648,some onto,2,35.31
27251,David Williams,"056 Ronald Throughway, West Michele, NE 81859",76341,2024-08-20,7458,could tell,1,311.26
27251,David Williams,"056 Ronald Throughway, West Michele, NE 81859",5577,2024-06-27,60205,probably character,3,828.78
27251,David Williams,"056 Ronald Throughway, West Michele, NE 81859",37433,2024-09-11,70166,let candidate,4,337.72
27251,David Williams,"056 Ronald Throughway, West Michele, NE 81859",3935,2024-06-14,5537,why day,3,432.56
27251,David Williams,"056 Ronald Throughway, West Michele, NE 81859",10360,2023-12-08,3588,collection child,3,52.62
27251,David Williams,"056 Ronald Throughway, West Michele, NE 81859",10360,2023-12-08,4361,follow it,4,328.54
59032,Ashley Sanders,"2941 Johnson Circle Suite 895, Courtneyborough, WA 90357",53731,2024-08-05,46813,avoid loss,5,58.75
59032,Ashley Sanders,"2941 Johnson Circle Suite 895, Courtneyborough, WA 90357",53731,2024-08-05,48648,some onto,2,35.31
59032,Ashley Sanders,"2941 Johnson Circle Suite 895, Courtneyborough, WA 90357",53731,2024-08-05,20230,maintain finish,2,37.39
24235,Mallory Torres,"USNV Guerrero, FPO AP 80894",90565,2023-12-18,97994,remain discussion,1,534.48
62737,Colin Romero,"17234 Nelson Expressway Apt. 021, Floresview, CA 47945",31649,2023-12-05,92810,citizen dream,2,876.79
62737,Colin Romero,"17234 Nelson Expressway Apt. 021, Floresview, CA 47945",31649,2023-12-05,88584,law within,1,851.28
62737,Colin Romero,"17234 Nelson Expressway Apt. 021, Floresview, CA 47945",31649,2023-12-05,66829,indicate glass,2,655.22
62737,Colin Romero,"17234 Nelson Expressway Apt. 021, Floresview, CA 47945",1283,2024-03-23,37534,dark few,1,290.77
62737,Colin Romero,"17234 Nelson Expressway Apt. 021, Floresview, CA 47945",1283,2024-03-23,35740,fly catch,5,408.16
62737,Colin Romero,"17234 Nelson Expressway Apt. 021, Floresview, CA 47945",66099,2024-02-17,31737,pull idea,2,700.12
62737,Colin Romero,"17234 Nelson Expressway Apt. 021, Floresview, CA 47945",66099,2024-02-17,65859,however group,1,565.77
62737,Colin Romero,"17234 Nelson Expressway Apt. 021, Floresview, CA 47945",66099,2024-02-17,77235,low nor,2,31.54
75457,Rhonda Smith,"PSC 4964, Box 9246, APO AA 36910",19652,2024-01-04,35740,fly catch,5,408.16
75457,Rhonda Smith,"PSC 4964, Box 9246, APO AA 36910",19652,2024-01-04,89010,state since,2,773.88
75457,Rhonda Smith,"PSC 4964, Box 9246, APO AA 36910",67298,2024-04-10,5537,why day,3,432.56
75457,Rhonda Smith,"PSC 4964, Box 9246, APO AA 36910",67298,2024-04-10,91362,training force,2,640.29
75457,Rhonda Smith,"PSC 4964, Box 9246, APO AA 36910",67298,2024-04-10,62762,amount seat,1,379.34
75457,Rhonda Smith,"PSC 4964, Box 9246, APO AA 36910",93460,2023-11-21,38980,light together,3,757.42
88342,Steven Miles,"7248 Davis Square, Danielleburgh, PW 85959",20570,2024-01-21,9868,reduce first,2,882.4
88342,Steven Miles,"7248 Davis Square, Danielleburgh, PW 85959",20570,2024-01-21,91241,Republican police,3,442.29
88342,Steven Miles,"7248 Davis Square, Danielleburgh, PW 85959",20570,2024-01-21,14861,social ahead,3,118.94
88342,Steven Miles,"7248 Davis Square, Danielleburgh, PW 85959",34370,2023-11-01,44518,build society,3,303.04
88342,Steven Miles,"7248 Davis Square, Danielleburgh, PW 85959",34370,2023-11-01,59794,economic power,5,146.78
88342,Steven Miles,"7248 Davis Square, Danielleburgh, PW 85959",95833,2024-08-08,84855,fund account,2,216.8
88342,Steven Miles,"7248 Davis Square, Danielleburgh, PW 85959",95833,2024-08-08,39707,record give,5,271.2
88342,Steven Miles,"7248 Davis Square, Danielleburgh, PW 85959",95833,2024-08-08,60947,front letter,4,793.46
88342,Steven Miles,"7248 Davis Square, Danielleburgh, PW 85959",46589,2024-02-10,49358,west build,5,812.37
88342,Steven Miles,"7248 Davis Square, Danielleburgh, PW 85959",46589,2024-02-10,83277,west western,1,882.67
61429,Caitlyn Martinez,"416 Valdez Corners Suite 206, Tateshire, MH 23315",39809,2024-07-17,13189,store daughter,2,150.25
16117,John Stevens,"6026 Nelson Parks Apt. 532, Mirandaview, NH 33742",31877,2024-05-31,60205,probably character,4,828.78
16117,John Stevens,"6026 Nelson Parks Apt. 532, Mirandaview, NH 33742",31877,2024-05-31,31238,church interest,5,54.88
16117,John Stevens,"6026 Nelson Parks Apt. 532, Mirandaview, NH 33742",81504,2024-01-25,83277,west western,2,882.67
16117,John Stevens,"6026 Nelson Parks Apt. 532, Mirandaview, NH 33742",96323,2024-06-27,67406,threat mission,3,181.57
16117,John Stevens,"6026 Nelson Parks Apt. 532, Mirandaview, NH 33742",96323,2024-06-27,13189,store daughter,1,150.25
16117,John Stevens,"6026 Nelson Parks Apt. 532, Mirandaview, NH 33742",96323,2024-06-27,62762,amount seat,4,379.34
16117,John Stevens,"6026 Nelson Parks Apt. 532, Mirandaview, NH 33742",72080,2024-04-30,13433,positive after,3,154.64
16117,John Stevens,"6026 Nelson Parks Apt. 532, Mirandaview, NH 33742",72080,2024-04-30,4361,follow it,1,328.54
16117,John Stevens,"6026 Nelson Parks Apt. 532, Mirandaview, NH 33742",72080,2024-04-30,2235,senior work,2,871.17
16117,John Stevens,"6026 Nelson Parks Apt. 532, Mirandaview, NH 33742",50049,2024-06-03,83277,west western,3,882.67
16117,John Stevens,"6026 Nelson Parks Apt. 532, Mirandaview, NH 33742",50049,2024-06-03,62070,firm it,2,709.83
16117,John Stevens,"6026 Nelson Parks Apt. 532, Mirandaview, NH 33742",50049,2024-06-03,83277,west western,2,882.67
22244,Beverly Marshall,"57258 Nicole Gateway Apt. 081, East Edwardfort, NM 70408",90702,2024-06-30,87329,worker organization,5,990.26
22244,Beverly Marshall,"57258 Nicole Gateway Apt. 081, East Edwardfort, NM 70408",90702,2024-06-30,27041,popular figure,5,483.9
50860,Matthew Hunt,"Unit 7955 Box 9875, DPO AE 70484",85250,2024-05-01,93476,subject court,4,378.85
50860,Matthew Hunt,"Unit 7955 Box 9875, DPO AE 70484",85250,2024-05-01,48648,some onto,5,35.31
50860,Matthew Hunt,"Unit 7955 Box 9875, DPO AE 70484",85250,2024-05-01,41078,break of,5,395.12
50860,Matthew Hunt,"Unit 7955 Box 9875, DPO AE 70484",26586,2024-05-20,66223,specific serious,3,763.48
50860,Matthew Hunt,"Unit 7955 Box 9875, DPO AE 70484",67646,2024-04-13,99467,entire clear,1,168.62
50860,Matthew Hunt,"Unit 7955 Box 9875, DPO AE 70484",54580,2024-07-04,9868,reduce first,3,882.4
42272,Colleen Black,"6634 Jordan Flats, West Nancyshire, AK 05352",75736,2024-02-18,68778,rule deal,1,111.08
2309,Sylvia Whitney,"95460 Elijah Way, Kennethport, ME 00852",63141,2024-09-14,79139,administration success,1,378.98
2309,Sylvia Whitney,"95460 Elijah Way, Kennethport, ME 00852",63141,2024-09-14,85138,same impact,4,638.88
31866,Jeff Wood,"334 Russell Run Suite 575, Port Jillland, VA 58006",62351,2023-11-22,23419,represent which,5,615.92
31866,Jeff Wood,"334 Russell Run Suite 575, Port Jillland, VA 58006",92142,2024-07-01,53539,radio develop,3,458.26
31866,Jeff Wood,"334 Russell Run Suite 575, Port Jillland, VA 58006",92142,2024-07-01,62170,choice compare,2,506.51
31866,Jeff Wood,"334 Russell Run Suite 575, Port Jillland, VA 58006",8844,2024-08-15,79139,administration success,3,378.98
31866,Jeff Wood,"334 Russell Run Suite 575, Port Jillland, VA 58006",8844,2024-08-15,24491,friend senior,1,785.53
31866,Jeff Wood,"334 Russell Run Suite 575, Port Jillland, VA 58006",8844,2024-08-15,91472,different state,1,513.47
31866,Jeff Wood,"334 Russell Run Suite 575, Port Jillland, VA 58006",4920,2024-06-22,66223,specific serious,5,763.48
31866,Jeff Wood,"334 Russell Run Suite 575, Port Jillland, VA 58006",4920,2024-06-22,44214,himself world,3,597.5
31866,Jeff Wood,"334 Russell Run Suite 575, Port Jillland, VA 58006",4920,2024-06-22,24491,friend senior,5,785.53
31866,Jeff Wood,"334 Russell Run Suite 575, Port Jillland, VA 58006",81999,2024-09-16,57048,central finish,4,349.0
31866,Jeff Wood,"334 Russell Run Suite 575, Port Jillland, VA 58006",81999,2024-09-16,5537,why day,2,432.56
84100,Emily Sampson,"0838 Tracie Path, Lake Amanda, GU 03961",27263,2024-08-19,77235,low nor,2,31.54
84100,Emily Sampson,"0838 Tracie Path, Lake Amanda, GU 03961",27263,2024-08-19,31737,pull idea,2,700.12
84100,Emily Sampson,"0838 Tracie Path, Lake Amanda, GU 03961",99968,2024-01-25,79139,administration success,1,378.98
84100,Emily Sampson,"0838 Tracie Path, Lake Amanda, GU 03961",73757,2024-04-13,4080,reach physical,5,879.22
84100,Emily Sampson,"0838 Tracie Path, Lake Amanda, GU 03961",73757,2024-04-13,22733,seat your,3,790.71
84100,Emily Sampson,"0838 Tracie Path, Lake Amanda, GU 03961",4817,2024-06-02,75590,fill condition,1,803.04
84100,Emily Sampson,"0838 Tracie Path, Lake Amanda, GU 03961",4817,2024-06-02,34209,new family,3,339.87
84100,Emily Sampson,"0838 Tracie Path, Lake Amanda, GU 03961",4817,2024-06-02,62170,choice compare,2,506.51
70211,Amanda Peterson,"20821 Berry Isle, Morganside, OR 40155",36694,2024-05-24,46813,avoid loss,4,58.75
70211,Amanda Peterson,"20821 Berry Isle, Morganside, OR 40155",72996,2024-07-10,38257,few trade,1,712.15
70211,Amanda Peterson,"20821 Berry Isle, Morganside, OR 40155",72996,2024-07-10,38980,light together,2,757.42
70211,Amanda Peterson,"20821 Berry Isle, Morganside, OR 40155",73673,2024-08-18,13073,table after,5,92.97
42829,Emily Salinas,"305 Baker Greens, East Jamesport, OH 30141",96906,2024-08-04,85138,same impact,3,638.88
42829,Emily Salinas,"305 Baker Greens, East Jamesport, OH 30141",1105,2024-10-10,27041,popular figure,5,483.9
42829,Emily Salinas,"305 Baker Greens, East Jamesport, OH 30141",1105,2024-10-10,4361,follow it,4,328.54
42829,Emily Salinas,"305 Baker Greens, East Jamesport, OH 30141",1105,2024-10-10,79139,administration success,5,378.98
42829,Emily Salinas,"305 Baker Greens, East Jamesport, OH 30141",7476,2024-01-10,5537,why day,1,432.56
75164,Roger Nunez,"550 Donald Brook, North Daniel, KS 99155",9365,2024-02-13,84855,fund account,1,216.8
75164,Roger Nunez,"550 Donald Brook, North Daniel, KS 99155",40937,2023-12-06,83028,impact reach,4,880.32
75164,Roger Nunez,"550 Donald Brook, North Daniel, KS 99155",40937,2023-12-06,91472,different state,3,513.47
75164,Roger Nunez,"550 Donald Brook, North Daniel, KS 99155",40937,2023-12-06,68778,rule deal,5,111.08
70777,Vanessa Johnson,"2633 Luke Summit Apt. 312, East Sarahside, WI 15590",68953,2024-03-21,9868,reduce first,5,882.4
70777,Vanessa Johnson,"2633 Luke Summit Apt. 312, East Sarahside, WI 15590",68953,2024-03-21,66984,car data,5,115.17
74361,Anthony Nelson,"836 Wong Turnpike, South Eric, OK 41551",1053,2024-02-01,87329,worker organization,2,990.26
74361,Anthony Nelson,"836 Wong Turnpike, South Eric, OK 41551",21624,2024-03-31,34209,new family,5,339.87
74361,Anthony Nelson,"836 Wong Turnpike, South Eric, OK 41551",21624,2024-03-31,4080,reach physical,4,879.22
74361,Anthony Nelson,"836 Wong Turnpike, South Eric, OK 41551",44430,2024-03-11,46813,avoid loss,4,58.75
74361,Anthony Nelson,"836 Wong Turnpike, South Eric, OK 41551",44430,2024-03-11,62070,firm it,4,709.83
74361,Anthony Nelson,"836 Wong Turnpike, South Eric, OK 41551",44430,2024-03-11,62170,choice compare,2,506.51
74361,Anthony Nelson,"836 Wong Turnpike, South Eric, OK 41551",9275,2024-01-23,37534,dark few,4,290.77
74361,Anthony Nelson,"836 Wong Turnpike, South Eric, OK 41551",9275,2024-01-23,29397,level visit,2,346.42
74361,Anthony Nelson,"836 Wong Turnpike, South Eric, OK 41551",9275,2024-01-23,5537,why day,4,432.56
87225,Kimberly Kelley,"030 James Rue Suite 775, Hooverstad, VA 13853",2774,2024-08-06,29940,cause here,1,967.4
87225,Kimberly Kelley,"030 James Rue Suite 775, Hooverstad, VA 13853",2774,2024-08-06,84855,fund account,3,216.8
87225,Kimberly Kelley,"030 James Rue Suite 775, Hooverstad, VA 13853",2774,2024-08-06,4361,follow it,2,328.54
11648,Clinton Bridges,"79061 Jeffrey Harbors Apt. 208, North Peterport, NY 19146",85521,2024-02-21,53539,radio develop,2,458.26
11648,Clinton Bridges,"79061 Jeffrey Harbors Apt. 208, North Peterport, NY 19146",47352,2024-10-08,99467,entire clear,5,168.62
11648,Clinton Bridges,"79061 Jeffrey Harbors Apt. 208, North Peterport, NY 19146",47352,2024-10-08,78574,pretty little,3,275.46
11648,Clinton Bridges,"79061 Jeffrey Harbors Apt. 208, North Peterport, NY 19146",47352,2024-10-08,99677,game test,4,780.7
11648,Clinton Bridges,"79061 Jeffrey Harbors Apt. 208, North Peterport, NY 19146",18360,2024-04-07,41230,church always,4,428.98
5475,Anthony Velez,"022 Haley Orchard, Erinburgh, ME 86092",15875,2024-07-15,91472,different state,3,513.47
5475,Anthony Velez,"022 Haley Orchard, Erinburgh, ME 86092",15875,2024-07-15,48648,some onto,4,35.31
5475,Anthony Velez,"022 Haley Orchard, Erinburgh, ME 86092",15875,2024-07-15,97994,remain discussion,3,534.48
63650,Tammie Berry,"8487 Mckinney Meadows, Mccormickmouth, MD 95709",87691,2024-08-28,13073,table after,3,92.97
63650,Tammie Berry,"8487 Mckinney Meadows, Mccormickmouth, MD 95709",87691,2024-08-28,35577,tough no,1,41.98
63650,Tammie Berry,"8487 Mckinney Meadows, Mccormickmouth, MD 95709",58766,2023-12-31,85138,same impact,5,638.88
63650,Tammie Berry,"8487 Mckinney Meadows, Mccormickmouth, MD 95709",48851,2024-08-27,66986,stay away,4,171.66
63650,Tammie Berry,"8487 Mckinney Meadows, Mccormickmouth, MD 95709",48851,2024-08-27,4459,admit measure,1,737.28
63650,Tammie Berry,"8487 Mckinney Meadows, Mccormickmouth, MD 95709",48851,2024-08-27,93476,subject court,5,378.85
81092,Julie Yates,"074 Elizabeth Inlet Suite 000, Port Julian, AL 42571",46280,2024-02-01,70166,let candidate,5,337.72
81092,Julie Yates,"074 Elizabeth Inlet Suite 000, Port Julian, AL 42571",8343,2024-09-28,4361,follow it,2,328.54
81092,Julie Yates,"074 Elizabeth Inlet Suite 000, Port Julian, AL 42571",8343,2024-09-28,24491,friend senior,5,785.53
81092,Julie Yates,"074 Elizabeth Inlet Suite 000, Port Julian, AL 42571",8343,2024-09-28,83277,west western,4,882.67
81092,Julie Yates,"074 Elizabeth Inlet Suite 000, Port Julian, AL 42571",9803,2024-07-31,13892,son how,2,889.57
81092,Julie Yates,"074 Elizabeth Inlet Suite 000, Port Julian, AL 42571",9803,2024-07-31,41230,church always,5,428.98
81092,Julie Yates,"074 Elizabeth Inlet Suite 000, Port Julian, AL 42571",9803,2024-07-31,35618,now suddenly,4,725.87
81092,Julie Yates,"074 Elizabeth Inlet Suite 000, Port Julian, AL 42571",38565,2024-09-14,57048,central finish,5,349.0
81092,Julie Yates,"074 Elizabeth Inlet Suite 000, Port Julian, AL 42571",83506,2023-12-04,74698,activity both,3,912.19
81092,Julie Yates,"074 Elizabeth Inlet Suite 000, Port Julian, AL 42571",83506,2023-12-04,91241,Republican police,3,442.29
85450,Bradley Bates,"0231 Betty Roads Apt. 537, Millershire, DC 08793",75296,2024-09-25,35740,fly catch,4,408.16
85450,Bradley Bates,"0231 Betty Roads Apt. 537, Millershire, DC 08793",75296,2024-09-25,27975,make site,2,254.19
60648,Wanda Johnson,"68186 Watkins Land Apt. 465, New Arielside, TN 84345",68105,2023-12-28,23504,may somebody,2,223.91
60648,Wanda Johnson,"68186 Watkins Land Apt. 465, New Arielside, TN 84345",68105,2023-12-28,83028,impact reach,5,880.32
60648,Wanda Johnson,"68186 Watkins Land Apt. 465, New Arielside, TN 84345",68105,2023-12-28,52265,international watch,5,110.68
55590,Kristen Marsh,"6703 Mark Greens Apt. 641, Port Gregory, MD 31363",37341,2024-04-30,22733,seat your,1,790.71
55590,Kristen Marsh,"6703 Mark Greens Apt. 641, Port Gregory, MD 31363",37341,2024-04-30,98176,single similar,3,698.81
55590,Kristen Marsh,"6703 Mark Greens Apt. 641, Port Gregory, MD 31363",37341,2024-04-30,41230,church always,4,428.98
55590,Kristen Marsh,"6703 Mark Greens Apt. 641, Port Gregory, MD 31363",22890,2023-11-28,35618,now suddenly,1,725.87
4684,Betty Cherry,"525 Ashley Islands Apt. 226, North Robertshire, AL 93027",44376,2024-06-10,23419,represent which,5,615.92
4684,Betty Cherry,"525 Ashley Islands Apt. 226, North Robertshire, AL 93027",22639,2024-02-09,65859,however group,2,565.77
4684,Betty Cherry,"525 Ashley Islands Apt. 226, North Robertshire, AL 93027",22639,2024-02-09,30630,share particularly,4,646.96
4684,Betty Cherry,"525 Ashley Islands Apt. 226, North Robertshire, AL 93027",22639,2024-02-09,7458,could tell,1,311.26
4684,Betty Cherry,"525 Ashley Islands Apt. 226, North Robertshire, AL 93027",50499,2024-10-01,93476,subject court,3,378.85
4684,Betty Cherry,"525 Ashley Islands Apt. 226, North Robertshire, AL 93027",50499,2024-10-01,85138,same impact,5,638.88
4684,Betty Cherry,"525 Ashley Islands Apt. 226, North Robertshire, AL 93027",50499,2024-10-01,64717,together system,5,136.24
92221,Todd Castillo MD,"53308 Travis Mount, South Kimberly, PA 37093",48569,2023-12-17,83028,impact reach,1,880.32
92221,Todd Castillo MD,"53308 Travis Mount, South Kimberly, PA 37093",48569,2023-12-17,68778,rule deal,3,111.08
92221,Todd Castillo MD,"53308 Travis Mount, South Kimberly, PA 37093",48569,2023-12-17,13189,store daughter,3,150.25
13887,Joseph Henry,"0435 James Overpass Apt. 805, Murphyfurt, OR 42548",96010,2024-01-27,79139,administration success,1,378.98
13887,Joseph Henry,"0435 James Overpass Apt. 805, Murphyfurt, OR 42548",96010,2024-01-27,27041,popular figure,5,483.9
13887,Joseph Henry,"0435 James Overpass Apt. 805, Murphyfurt, OR 42548",96010,2024-01-27,41078,break of,2,395.12
19529,Amy Wise,"9801 Reed Summit, Chandlerburgh, WY 86968",94575,2024-02-02,84927,team allow,5,332.14
19529,Amy Wise,"9801 Reed Summit, Chandlerburgh, WY 86968",94575,2024-02-02,52265,international watch,2,110.68
19529,Amy Wise,"9801 Reed Summit, Chandlerburgh, WY 86968",94575,2024-02-02,89010,state since,4,773.88
19529,Amy Wise,"9801 Reed Summit, Chandlerburgh, WY 86968",41967,2024-03-14,4361,follow it,1,328.54
19529,Amy Wise,"9801 Reed Summit, Chandlerburgh, WY 86968",41967,2024-03-14,89010,state since,3,773.88
19529,Amy Wise,"9801 Reed Summit, Chandlerburgh, WY 86968",41967,2024-03-14,3588,collection child,4,52.62
45732,Cassandra Rodriguez,"48232 Diana Underpass, Loriside, PA 88766",13596,2024-02-14,30630,share particularly,2,646.96
45732,Cassandra Rodriguez,"48232 Diana Underpass, Loriside, PA 88766",13596,2024-02-14,39680,wait phone,1,390.08
45732,Cassandra Rodriguez,"48232 Diana Underpass, Loriside, PA 88766",12449,2024-06-17,64717,together system,2,136.24
45732,Cassandra Rodriguez,"48232 Diana Underpass, Loriside, PA 88766",12449,2024-06-17,62070,firm it,2,709.83
45732,Cassandra Rodriguez,"48232 Diana Underpass, Loriside, PA 88766",12449,2024-06-17,75590,fill condition,5,803.04
97022,Joshua Smith,"553 Yang Centers, Lake Diana, FM 80479",97436,2024-10-13,44518,build society,3,303.04
97022,Joshua Smith,"553 Yang Centers, Lake Diana, FM 80479",97436,2024-10-13,22733,seat your,1,790.71
97022,Joshua Smith,"553 Yang Centers, Lake Diana, FM 80479",28303,2024-01-27,44214,himself world,3,597.5
90827,David Bell,"2972 Jennings Villages Apt. 645, Skinnerfort, TN 42043",83853,2024-07-13,70918,team clear,5,59.7
90827,David Bell,"2972 Jennings Villages Apt. 645, Skinnerfort, TN 42043",83853,2024-07-13,98176,single similar,2,698.81
90827,David Bell,"2972 Jennings Villages Apt. 645, Skinnerfort, TN 42043",83853,2024-07-13,53539,radio develop,2,458.26
90827,David Bell,"2972 Jennings Villages Apt. 645, Skinnerfort, TN 42043",68121,2024-02-29,62070,firm it,1,709.83
90827,David Bell,"2972 Jennings Villages Apt. 645, Skinnerfort, TN 42043",68121,2024-02-29,10729,hotel degree,4,800.46
90827,David Bell,"2972 Jennings Villages Apt. 645, Skinnerfort, TN 42043",32605,2024-10-19,4459,admit measure,1,737.28
90827,David Bell,"2972 Jennings Villages Apt. 645, Skinnerfort, TN 42043",24311,2024-10-02,59794,economic power,4,146.78
90827,David Bell,"2972 Jennings Villages Apt. 645, Skinnerfort, TN 42043",24311,2024-10-02,66984,car data,4,115.17
90827,David Bell,"2972 Jennings Villages Apt. 645, Skinnerfort, TN 42043",24311,2024-10-02,62335,man series,5,619.45
61619,Alyssa Smith,"7962 Lindsey Pass Suite 914, Kellyshire, IA 14294",21356,2024-02-26,13073,table after,2,92.97
61619,Alyssa Smith,"7962 Lindsey Pass Suite 914, Kellyshire, IA 14294",21356,2024-02-26,57048,central finish,3,349.0
61619,Alyssa Smith,"7962 Lindsey Pass Suite 914, Kellyshire, IA 14294",3680,2024-01-06,83028,impact reach,3,880.32
61619,Alyssa Smith,"7962 Lindsey Pass Suite 914, Kellyshire, IA 14294",3680,2024-01-06,59794,economic power,2,146.78
61619,Alyssa Smith,"7962 Lindsey Pass Suite 914, Kellyshire, IA 14294",3680,2024-01-06,91241,Republican police,2,442.29
61619,Alyssa Smith,"7962 Lindsey Pass Suite 914, Kellyshire, IA 14294",89722,2023-10-31,23504,may somebody,3,223.91
61619,Alyssa Smith,"7962 Lindsey Pass Suite 914, Kellyshire, IA 14294",89722,2023-10-31,41078,break of,1,395.12
61619,Alyssa Smith,"7962 Lindsey Pass Suite 914, Kellyshire, IA 14294",37551,2024-06-27,35618,now suddenly,1,725.87
61619,Alyssa Smith,"7962 Lindsey Pass Suite 914, Kellyshire, IA 14294",8463,2024-08-17,62070,firm it,4,709.83
61619,Alyssa Smith,"7962 Lindsey Pass Suite 914, Kellyshire, IA 14294",8463,2024-08-17,7458,could tell,2,311.26
61619,Alyssa Smith,"7962 Lindsey Pass Suite 914, Kellyshire, IA 14294",8463,2024-08-17,46813,avoid loss,2,58.75
25607,Cathy Anderson PhD,"400 Erin Shoals Suite 091, Carolynville, NC 47841",1117,2024-08-20,7458,could tell,1,311.26
25607,Cathy Anderson PhD,"400 Erin Shoals Suite 091, Carolynville, NC 47841",1117,2024-08-20,48648,some onto,5,35.31
25607,Cathy Anderson PhD,"400 Erin Shoals Suite 091, Carolynville, NC 47841",1117,2024-08-20,78574,pretty little,1,275.46
44052,Amy Hansen,"006 Taylor Heights Apt. 419, Robertsonstad, PW 03619",76956,2023-12-15,44214,himself world,3,597.5
44052,Amy Hansen,"006 Taylor Heights Apt. 419, Robertsonstad, PW 03619",74683,2024-01-29,35577,tough no,1,41.98
44052,Amy Hansen,"006 Taylor Heights Apt. 419, Robertsonstad, PW 03619",74683,2024-01-29,29940,cause here,3,967.4
44052,Amy Hansen,"006 Taylor Heights Apt. 419, Robertsonstad, PW 03619",81161,2024-09-28,58821,yard identify,5,399.75
84569,Kurt Johnson,"1615 Jones Knoll Suite 970, North Lindsayhaven, PR 69136",36769,2024-06-17,64717,together system,3,136.24
75732,Cheryl Green,"75723 Mckenzie Well, North Samuel, AZ 40044",75684,2024-07-06,73670,government leg,3,838.01
75732,Cheryl Green,"75723 Mckenzie Well, North Samuel, AZ 40044",75684,2024-07-06,62762,amount seat,1,379.34
75732,Cheryl Green,"75723 Mckenzie Well, North Samuel, AZ 40044",75684,2024-07-06,78574,pretty little,1,275.46
34445,Sharon Combs,"895 Kelly Loaf Suite 716, East Andrew, ID 88586",84570,2024-05-03,13073,table after,4,92.97
1034,Alec Nguyen DVM,"75507 Dakota Rapid Apt. 237, New Jamesburgh, WY 37271",89504,2024-08-01,13433,positive after,5,154.64
1034,Alec Nguyen DVM,"75507 Dakota Rapid Apt. 237, New Jamesburgh, WY 37271",89504,2024-08-01,78574,pretty little,5,275.46
1034,Alec Nguyen DVM,"75507 Dakota Rapid Apt. 237, New Jamesburgh, WY 37271",89504,2024-08-01,83028,impact reach,3,880.32
1034,Alec Nguyen DVM,"75507 Dakota Rapid Apt. 237, New Jamesburgh, WY 37271",40581,2024-06-21,35740,fly catch,3,408.16
1034,Alec Nguyen DVM,"75507 Dakota Rapid Apt. 237, New Jamesburgh, WY 37271",40581,2024-06-21,41230,church always,2,428.98
923,Victoria Castro,"3745 Sean Hill Suite 663, East Justinside, ND 15027",55377,2024-07-11,1025,against return,4,307.44
923,Victoria Castro,"3745 Sean Hill Suite 663, East Justinside, ND 15027",66307,2023-10-24,70918,team clear,4,59.7
923,Victoria Castro,"3745 Sean Hill Suite 663, East Justinside, ND 15027",66307,2023-10-24,23419,represent which,1,615.92
923,Victoria Castro,"3745 Sean Hill Suite 663, East Justinside, ND 15027",66307,2023-10-24,7458,could tell,4,311.26
923,Victoria Castro,"3745 Sean Hill Suite 663, East Justinside, ND 15027",92324,2024-05-09,88584,law within,5,851.28
923,Victoria Castro,"3745 Sean Hill Suite 663, East Justinside, ND 15027",92324,2024-05-09,7458,could tell,2,311.26
923,Victoria Castro,"3745 Sean Hill Suite 663, East Justinside, ND 15027",27295,2024-07-30,58821,yard identify,2,399.75
923,Victoria Castro,"3745 Sean Hill Suite 663, East Justinside, ND 15027",27295,2024-07-30,31238,church interest,5,54.88
923,Victoria Castro,"3745 Sean Hill Suite 663, East Justinside, ND 15027",27295,2024-07-30,84855,fund account,3,216.8
923,Victoria Castro,"3745 Sean Hill Suite 663, East Justinside, ND 15027",70184,2024-02-27,29940,cause here,3,967.4
72203,William Neal,"97356 Brian Stream, Wrightbury, NJ 95963",59477,2023-10-27,95733,south interview,5,259.25
72203,William Neal,"97356 Brian Stream, Wrightbury, NJ 95963",93117,2024-03-29,35740,fly catch,2,408.16
13480,Tiffany Sanchez,"467 Medina Junction Apt. 506, Stewartborough, MA 08912",5338,2024-02-13,30630,share particularly,5,646.96
99269,Noah Caldwell,"0984 Keith Alley, Youngchester, KS 62449",31129,2024-01-03,22733,seat your,5,790.71
99269,Noah Caldwell,"0984 Keith Alley, Youngchester, KS 62449",95,2024-09-08,99677,game test,5,780.7
99269,Noah Caldwell,"0984 Keith Alley, Youngchester, KS 62449",95,2024-09-08,79139,administration success,5,378.98
99269,Noah Caldwell,"0984 Keith Alley, Youngchester, KS 62449",25729,2023-11-09,10729,hotel degree,3,800.46
99269,Noah Caldwell,"0984 Keith Alley, Youngchester, KS 62449",25729,2023-11-09,10729,hotel degree,1,800.46
99269,Noah Caldwell,"0984 Keith Alley, Youngchester, KS 62449",25729,2023-11-09,99467,entire clear,1,168.62
99269,Noah Caldwell,"0984 Keith Alley, Youngchester, KS 62449",68020,2024-07-27,31238,church interest,5,54.88
18621,Andrew Weeks,"4189 Garcia Light, Lake Christopher, GU 92152",7707,2024-03-24,49358,west build,3,812.37
18621,Andrew Weeks,"4189 Garcia Light, Lake Christopher, GU 92152",7707,2024-03-24,20230,maintain finish,2,37.39
18621,Andrew Weeks,"4189 Garcia Light, Lake Christopher, GU 92152",80232,2024-04-09,67406,threat mission,1,181.57
54677,Emily Love,"1298 Stewart Island Apt. 048, Williamville, MI 57931",17893,2023-11-29,25025,mouth key,4,575.89
54677,Emily Love,"1298 Stewart Island Apt. 048, Williamville, MI 57931",17893,2023-11-29,7628,call thought,4,671.06
54677,Emily Love,"1298 Stewart Island Apt. 048, Williamville, MI 57931",47362,2023-12-19,91362,training force,5,640.29
54677,Emily Love,"1298 Stewart Island Apt. 048, Williamville, MI 57931",47362,2023-12-19,62070,firm it,1,709.83
54677,Emily Love,"1298 Stewart Island Apt. 048, Williamville, MI 57931",47362,2023-12-19,59794,economic power,5,146.78
54677,Emily Love,"1298 Stewart Island Apt. 048, Williamville, MI 57931",54936,2024-01-15,4361,follow it,1,328.54
54677,Emily Love,"1298 Stewart Island Apt. 048, Williamville, MI 57931",54936,2024-01-15,99677,game test,2,780.7
54677,Emily Love,"1298 Stewart Island Apt. 048, Williamville, MI 57931",54936,2024-01-15,13433,positive after,3,154.64
54677,Emily Love,"1298 Stewart Island Apt. 048, Williamville, MI 57931",4280,2024-02-05,35577,tough no,5,41.98
54677,Emily Love,"1298 Stewart Island Apt. 048, Williamville, MI 57931",4280,2024-02-05,83028,impact reach,3,880.32
28102,Mike Fowler,"01890 Davis Greens Apt. 315, New Brittneyview, OH 38441",41414,2024-08-30,29940,cause here,4,967.4
28102,Mike Fowler,"01890 Davis Greens Apt. 315, New Brittneyview, OH 38441",41414,2024-08-30,38980,light together,2,757.42
28102,Mike Fowler,"01890 Davis Greens Apt. 315, New Brittneyview, OH 38441",71850,2024-04-19,3588,collection child,1,52.62
28102,Mike Fowler,"01890 Davis Greens Apt. 315, New Brittneyview, OH 38441",71850,2024-04-19,91362,training force,2,640.29
28102,Mike Fowler,"01890 Davis Greens Apt. 315, New Brittneyview, OH 38441",22513,2024-06-19,39680,wait phone,1,390.08
28102,Mike Fowler,"01890 Davis Greens Apt. 315, New Brittneyview, OH 38441",90847,2024-06-26,46813,avoid loss,5,58.75
28102,Mike Fowler,"01890 Davis Greens Apt. 315, New Brittneyview, OH 38441",90847,2024-06-26,2649,themselves person,2,382.08
28102,Mike Fowler,"01890 Davis Greens Apt. 315, New Brittneyview, OH 38441",306,2024-03-15,84927,team allow,2,332.14
28102,Mike Fowler,"01890 Davis Greens Apt. 315, New Brittneyview, OH 38441",306,2024-03-15,70918,team clear,2,59.7
99823,Jonathan Jones,"4890 Karina Stream, Pattersonburgh, NM 26811",30261,2024-01-22,13189,store daughter,2,150.25
99823,Jonathan Jones,"4890 Karina Stream, Pattersonburgh, NM 26811",43895,2023-11-03,9991,each edge,1,185.47
99823,Jonathan Jones,"4890 Karina Stream, Pattersonburgh, NM 26811",43895,2023-11-03,91241,Republican police,3,442.29
99823,Jonathan Jones,"4890 Karina Stream, Pattersonburgh, NM 26811",43895,2023-11-03,44518,build society,1,303.04
99823,Jonathan Jones,"4890 Karina Stream, Pattersonburgh, NM 26811",39903,2024-02-18,77235,low nor,2,31.54
99823,Jonathan Jones,"4890 Karina Stream, Pattersonburgh, NM 26811",39903,2024-02-18,2649,themselves person,3,382.08
99823,Jonathan Jones,"4890 Karina Stream, Pattersonburgh, NM 26811",84883,2023-11-15,30630,share particularly,3,646.96
62092,Frank Harris,"33720 Stevens Spurs Apt. 000, Dominguezborough, DC 88345",84044,2024-08-05,12041,most easy,5,550.4
62092,Frank Harris,"33720 Stevens Spurs Apt. 000, Dominguezborough, DC 88345",84044,2024-08-05,2649,themselves person,5,382.08
62092,Frank Harris,"33720 Stevens Spurs Apt. 000, Dominguezborough, DC 88345",86480,2024-10-05,73670,government leg,5,838.01
62092,Frank Harris,"33720 Stevens Spurs Apt. 000, Dominguezborough, DC 88345",25833,2024-06-20,4080,reach physical,1,879.22
62092,Frank Harris,"33720 Stevens Spurs Apt. 000, Dominguezborough, DC 88345",25833,2024-06-20,44214,himself world,3,597.5
62092,Frank Harris,"33720 Stevens Spurs Apt. 000, Dominguezborough, DC 88345",58161,2024-07-02,78574,pretty little,3,275.46
62092,Frank Harris,"33720 Stevens Spurs Apt. 000, Dominguezborough, DC 88345",58161,2024-07-02,13433,positive after,2,154.64
62092,Frank Harris,"33720 Stevens Spurs Apt. 000, Dominguezborough, DC 88345",7191,2024-03-25,66223,specific serious,3,763.48
62092,Frank Harris,"33720 Stevens Spurs Apt. 000, Dominguezborough, DC 88345",7191,2024-03-25,31238,church interest,2,54.88
14178,Kathleen Torres,"5647 Franklin Villages Apt. 905, Harrishaven, WV 71169",17210,2024-01-22,27041,popular figure,2,483.9
14178,Kathleen Torres,"5647 Franklin Villages Apt. 905, Harrishaven, WV 71169",17210,2024-01-22,7458,could tell,1,311.26
14178,Kathleen Torres,"5647 Franklin Villages Apt. 905, Harrishaven, WV 71169",17210,2024-01-22,37534,dark few,4,290.77
14178,Kathleen Torres,"5647 Franklin Villages Apt. 905, Harrishaven, WV 71169",99359,2024-08-08,70166,let candidate,4,337.72
14178,Kathleen Torres,"5647 Franklin Villages Apt. 905, Harrishaven, WV 71169",99359,2024-08-08,60205,probably character,5,828.78
14178,Kathleen Torres,"5647 Franklin Villages Apt. 905, Harrishaven, WV 71169",9859,2024-02-15,24491,friend senior,5,785.53
14178,Kathleen Torres,"5647 Franklin Villages Apt. 905, Harrishaven, WV 71169",21376,2024-02-16,65859,however group,4,565.77
14178,Kathleen Torres,"5647 Franklin Villages Apt. 905, Harrishaven, WV 71169",32179,2024-03-07,74698,activity both,1,912.19
18803,Jennifer Lawrence,"157 Harper Crossing, Cassandraville, CA 56600",34382,2023-12-03,13073,table after,3,92.97
18803,Jennifer Lawrence,"157 Harper Crossing, Cassandraville, CA 56600",58619,2024-08-11,62170,choice compare,4,506.51
18803,Jennifer Lawrence,"157 Harper Crossing, Cassandraville, CA 56600",88880,2024-08-14,49358,west build,1,812.37
99949,Kara Wilson,"1946 Matthew Trace, Lake Peter, MT 42558",35709,2024-08-02,83277,west western,1,882.67
99949,Kara Wilson,"1946 Matthew Trace, Lake Peter, MT 42558",35709,2024-08-02,5537,why day,2,432.56
99949,Kara Wilson,"1946 Matthew Trace, Lake Peter, MT 42558",35709,2024-08-02,41230,church always,4,428.98
99949,Kara Wilson,"1946 Matthew Trace, Lake Peter, MT 42558",7503,2023-10-30,13189,store daughter,3,150.25
99949,Kara Wilson,"1946 Matthew Trace, Lake Peter, MT 42558",7503,2023-10-30,30480,area world,5,919.25
99949,Kara Wilson,"1946 Matthew Trace, Lake Peter, MT 42558",7503,2023-10-30,35740,fly catch,5,408.16
99949,Kara Wilson,"1946 Matthew Trace, Lake Peter, MT 42558",44875,2024-04-20,93476,subject court,5,378.85
99949,Kara Wilson,"1946 Matthew Trace, Lake Peter, MT 42558",44875,2024-04-20,83028,impact reach,3,880.32
99949,Kara Wilson,"1946 Matthew Trace, Lake Peter, MT 42558",44875,2024-04-20,41230,church always,5,428.98
22267,Mark Parker,"8507 Brian Fort, Jonestown, CT 01188",50984,2024-07-28,4080,reach physical,3,879.22
22267,Mark Parker,"8507 Brian Fort, Jonestown, CT 01188",50984,2024-07-28,93476,subject court,4,378.85
22267,Mark Parker,"8507 Brian Fort, Jonestown, CT 01188",43750,2024-02-21,78574,pretty little,3,275.46
22267,Mark Parker,"8507 Brian Fort, Jonestown, CT 01188",43750,2024-02-21,57048,central finish,4,349.0
22267,Mark Parker,"8507 Brian Fort, Jonestown, CT 01188",61799,2024-07-29,64717,together system,2,136.24
22267,Mark Parker,"8507 Brian Fort, Jonestown, CT 01188",24458,2024-09-12,25217,case full,3,221.27
22267,Mark Parker,"8507 Brian Fort, Jonestown, CT 01188",81450,2024-01-09,3436,he pattern,5,504.18
91201,Michael Clark,"Unit 3704 Box 7176, DPO AE 66517",98090,2024-01-10,5537,why day,3,432.56
91201,Michael Clark,"Unit 3704 Box 7176, DPO AE 66517",97301,2023-11-29,12041,most easy,1,550.4
91201,Michael Clark,"Unit 3704 Box 7176, DPO AE 66517",32666,2023-12-27,67406,threat mission,1,181.57
91201,Michael Clark,"Unit 3704 Box 7176, DPO AE 66517",32666,2023-12-27,92810,citizen dream,2,876.79
91201,Michael Clark,"Unit 3704 Box 7176, DPO AE 66517",32666,2023-12-27,22733,seat your,2,790.71
91201,Michael Clark,"Unit 3704 Box 7176, DPO AE 66517",2070,2023-12-21,77235,low nor,3,31.54
91201,Michael Clark,"Unit 3704 Box 7176, DPO AE 66517",2070,2023-12-21,23504,may somebody,2,223.91
91201,Michael Clark,"Unit 3704 Box 7176, DPO AE 66517",2070,2023-12-21,62335,man series,2,619.45
87390,Kara Rogers,"PSC 7091, Box 0193, APO AP 52813",82544,2024-03-18,62170,choice compare,1,506.51
87390,Kara Rogers,"PSC 7091, Box 0193, APO AP 52813",62021,2024-01-14,24491,friend senior,4,785.53
87390,Kara Rogers,"PSC 7091, Box 0193, APO AP 52813",62021,2024-01-14,30630,share particularly,5,646.96
87390,Kara Rogers,"PSC 7091, Box 0193, APO AP 52813",62021,2024-01-14,98176,single similar,4,698.81
87390,Kara Rogers,"PSC 7091, Box 0193, APO AP 52813",96894,2024-09-24,65859,however group,5,565.77
87390,Kara Rogers,"PSC 7091, Box 0193, APO AP 52813",96894,2024-09-24,57048,central finish,1,349.0
87390,Kara Rogers,"PSC 7091, Box 0193, APO AP 52813",96894,2024-09-24,9868,reduce first,3,882.4
38813,Anthony Perez,"60130 Young Crest, Martinezstad, MI 65261",66303,2024-07-02,99467,entire clear,3,168.62
38813,Anthony Perez,"60130 Young Crest, Martinezstad, MI 65261",66303,2024-07-02,92810,citizen dream,1,876.79
38813,Anthony Perez,"60130 Young Crest, Martinezstad, MI 65261",66303,2024-07-02,83028,impact reach,4,880.32
38813,Anthony Perez,"60130 Young Crest, Martinezstad, MI 65261",43547,2024-02-03,84855,fund account,1,216.8
38813,Anthony Perez,"60130 Young Crest, Martinezstad, MI 65261",43547,2024-02-03,66986,stay away,3,171.66
38813,Anthony Perez,"60130 Young Crest, Martinezstad, MI 65261",9336,2023-11-26,13892,son how,2,889.57
38813,Anthony Perez,"60130 Young Crest, Martinezstad, MI 65261",89193,2024-09-30,27041,popular figure,5,483.9
38813,Anthony Perez,"60130 Young Crest, Martinezstad, MI 65261",89193,2024-09-30,62335,man series,5,619.45
97211,Joshua Collins,"2836 Newman Coves, West Lauraton, RI 67020",33053,2024-03-02,9991,each edge,2,185.47
97211,Joshua Collins,"2836 Newman Coves, West Lauraton, RI 67020",33053,2024-03-02,52265,international watch,5,110.68
97211,Joshua Collins,"2836 Newman Coves, West Lauraton, RI 67020",33053,2024-03-02,99467,entire clear,2,168.62
97211,Joshua Collins,"2836 Newman Coves, West Lauraton, RI 67020",19472,2024-07-05,13433,positive after,2,154.64
97211,Joshua Collins,"2836 Newman Coves, West Lauraton, RI 67020",19472,2024-07-05,99677,game test,4,780.7
97211,Joshua Collins,"2836 Newman Coves, West Lauraton, RI 67020",19472,2024-07-05,99677,game test,2,780.7
97211,Joshua Collins,"2836 Newman Coves, West Lauraton, RI 67020",82999,2023-12-08,66984,car data,1,115.17
97211,Joshua Collins,"2836 Newman Coves, West Lauraton, RI 67020",82999,2023-12-08,35577,tough no,3,41.98
97211,Joshua Collins,"2836 Newman Coves, West Lauraton, RI 67020",82999,2023-12-08,66986,stay away,4,171.66
98307,Sarah Bennett,"2217 Hunter Fords, New Caitlin, GA 07159",82064,2024-06-08,44518,build society,4,303.04
98307,Sarah Bennett,"2217 Hunter Fords, New Caitlin, GA 07159",82064,2024-06-08,1025,against return,3,307.44
98307,Sarah Bennett,"2217 Hunter Fords, New Caitlin, GA 07159",82064,2024-06-08,98054,if top,5,973.01
98307,Sarah Bennett,"2217 Hunter Fords, New Caitlin, GA 07159",28398,2024-01-30,57048,central finish,1,349.0
98307,Sarah Bennett,"2217 Hunter Fords, New Caitlin, GA 07159",42085,2024-06-22,95733,south interview,2,259.25
98307,Sarah Bennett,"2217 Hunter Fords, New Caitlin, GA 07159",42085,2024-06-22,31737,pull idea,2,700.12
98307,Sarah Bennett,"2217 Hunter Fords, New Caitlin, GA 07159",42085,2024-06-22,25217,case full,5,221.27
98307,Sarah Bennett,"2217 Hunter Fords, New Caitlin, GA 07159",26576,2024-01-14,13073,table after,4,92.97
98307,Sarah Bennett,"2217 Hunter Fords, New Caitlin, GA 07159",26576,2024-01-14,58821,yard identify,4,399.75
98307,Sarah Bennett,"2217 Hunter Fords, New Caitlin, GA 07159",18634,2024-07-17,4361,follow it,5,328.54
98307,Sarah Bennett,"2217 Hunter Fords, New Caitlin, GA 07159",18634,2024-07-17,35577,tough no,1,41.98
98307,Sarah Bennett,"2217 Hunter Fords, New Caitlin, GA 07159",18634,2024-07-17,37534,dark few,4,290.77
76645,Joshua Rojas,"779 Miguel Avenue Suite 697, Ramirezborough, HI 62273",76065,2023-12-29,41230,church always,4,428.98
76645,Joshua Rojas,"779 Miguel Avenue Suite 697, Ramirezborough, HI 62273",76065,2023-12-29,23504,may somebody,2,223.91
63403,Edward Pierce,"5246 Hall Lights Suite 926, Weberbury, LA 88832",39364,2024-06-24,70166,let candidate,4,337.72
63403,Edward Pierce,"5246 Hall Lights Suite 926, Weberbury, LA 88832",39364,2024-06-24,9991,each edge,2,185.47
63403,Edward Pierce,"5246 Hall Lights Suite 926, Weberbury, LA 88832",39364,2024-06-24,4459,admit measure,1,737.28
63403,Edward Pierce,"5246 Hall Lights Suite 926, Weberbury, LA 88832",17261,2024-04-02,12041,most easy,5,550.4
63403,Edward Pierce,"5246 Hall Lights Suite 926, Weberbury, LA 88832",17261,2024-04-02,70552,blood sister,4,901.46
63403,Edward Pierce,"5246 Hall Lights Suite 926, Weberbury, LA 88832",17261,2024-04-02,29940,cause here,1,967.4
63403,Edward Pierce,"5246 Hall Lights Suite 926, Weberbury, LA 88832",40328,2024-01-12,23419,represent which,1,615.92
63403,Edward Pierce,"5246 Hall Lights Suite 926, Weberbury, LA 88832",83833,2024-10-07,98054,if top,1,973.01
63403,Edward Pierce,"5246 Hall Lights Suite 926, Weberbury, LA 88832",83833,2024-10-07,24491,friend senior,5,785.53
63403,Edward Pierce,"5246 Hall Lights Suite 926, Weberbury, LA 88832",83833,2024-10-07,5537,why day,5,432.56
63403,Edward Pierce,"5246 Hall Lights Suite 926, Weberbury, LA 88832",70115,2024-10-09,57048,central finish,1,349.0
63403,Edward Pierce,"5246 Hall Lights Suite 926, Weberbury, LA 88832",70115,2024-10-09,85138,same impact,2,638.88
76524,Stephanie Hamilton,"7520 George Ramp Suite 932, Mayomouth, VI 86166",30333,2024-03-26,20230,maintain finish,5,37.39
76524,Stephanie Hamilton,"7520 George Ramp Suite 932, Mayomouth, VI 86166",39350,2024-01-25,64717,together system,1,136.24
76524,Stephanie Hamilton,"7520 George Ramp Suite 932, Mayomouth, VI 86166",39350,2024-01-25,38257,few trade,5,712.15
76524,Stephanie Hamilton,"7520 George Ramp Suite 932, Mayomouth, VI 86166",39350,2024-01-25,65859,however group,3,565.77
78034,Susan Hughes,"321 Rose Shoal Apt. 095, Justinhaven, AZ 10080",77338,2024-10-10,95733,south interview,2,259.25
78034,Susan Hughes,"321 Rose Shoal Apt. 095, Justinhaven, AZ 10080",77338,2024-10-10,48648,some onto,1,35.31
78034,Susan Hughes,"321 Rose Shoal Apt. 095, Justinhaven, AZ 10080",77338,2024-10-10,68778,rule deal,4,111.08
78034,Susan Hughes,"321 Rose Shoal Apt. 095, Justinhaven, AZ 10080",80981,2024-05-19,13433,positive after,2,154.64
78034,Susan Hughes,"321 Rose Shoal Apt. 095, Justinhaven, AZ 10080",80981,2024-05-19,27041,popular figure,4,483.9
78034,Susan Hughes,"321 Rose Shoal Apt. 095, Justinhaven, AZ 10080",80981,2024-05-19,41078,break of,2,395.12
78034,Susan Hughes,"321 Rose Shoal Apt. 095, Justinhaven, AZ 10080",70270,2024-08-07,59794,economic power,3,146.78
78034,Susan Hughes,"321 Rose Shoal Apt. 095, Justinhaven, AZ 10080",69963,2024-03-08,70918,team clear,1,59.7
60122,Sergio Sutton,"04545 Anthony Squares, Lake Johnberg, AS 39472",46899,2024-02-14,29940,cause here,4,967.4
60122,Sergio Sutton,"04545 Anthony Squares, Lake Johnberg, AS 39472",96532,2024-10-21,44214,himself world,2,597.5
60122,Sergio Sutton,"04545 Anthony Squares, Lake Johnberg, AS 39472",96532,2024-10-21,91472,different state,1,513.47
60122,Sergio Sutton,"04545 Anthony Squares, Lake Johnberg, AS 39472",96532,2024-10-21,48648,some onto,2,35.31
60122,Sergio Sutton,"04545 Anthony Squares, Lake Johnberg, AS 39472",93136,2024-05-31,23504,may somebody,4,223.91
60122,Sergio Sutton,"04545 Anthony Squares, Lake Johnberg, AS 39472",93136,2024-05-31,2235,senior work,5,871.17
60122,Sergio Sutton,"04545 Anthony Squares, Lake Johnberg, AS 39472",46327,2024-08-07,38257,few trade,4,712.15
33679,Timothy Jones,"83279 Gonzalez Wall, South Garymouth, ND 23599",69465,2024-08-25,12041,most easy,5,550.4
33679,Timothy Jones,"83279 Gonzalez Wall, South Garymouth, ND 23599",77323,2024-06-24,27041,popular figure,4,483.9
33679,Timothy Jones,"83279 Gonzalez Wall, South Garymouth, ND 23599",77323,2024-06-24,13073,table after,5,92.97
22592,Alyssa Johnson,"191 Miles Summit, West Robertbury, PW 02436",3124,2024-08-24,95733,south interview,3,259.25
22592,Alyssa Johnson,"191 Miles Summit, West Robertbury, PW 02436",63565,2023-10-28,29940,cause here,4,967.4
22592,Alyssa Johnson,"191 Miles Summit, West Robertbury, PW 02436",63565,2023-10-28,52265,international watch,5,110.68
22592,Alyssa Johnson,"191 Miles Summit, West Robertbury, PW 02436",31927,2024-09-15,30630,share particularly,3,646.96
22592,Alyssa Johnson,"191 Miles Summit, West Robertbury, PW 02436",31927,2024-09-15,13892,son how,1,889.57
22592,Alyssa Johnson,"191 Miles Summit, West Robertbury, PW 02436",31927,2024-09-15,4459,admit measure,5,737.28
22592,Alyssa Johnson,"191 Miles Summit, West Robertbury, PW 02436",17409,2024-03-12,34209,new family,4,339.87
22592,Alyssa Johnson,"191 Miles Summit, West Robertbury, PW 02436",70063,2024-09-02,27041,popular figure,1,483.9
7747,Tommy Torres,"54525 Sara Points, Brittanyburgh, MA 07171",86589,2024-05-27,77235,low nor,2,31.54
7747,Tommy Torres,"54525 Sara Points, Brittanyburgh, MA 07171",86589,2024-05-27,70166,let candidate,3,337.72
7747,Tommy Torres,"54525 Sara Points, Brittanyburgh, MA 07171",25197,2024-08-12,2235,senior work,1,871.17
7747,Tommy Torres,"54525 Sara Points, Brittanyburgh, MA 07171",25197,2024-08-12,38257,few trade,1,712.15
84751,Monica Garcia,"56339 Matthew Point, Penatown, IA 04325",97134,2024-04-25,70552,blood sister,3,901.46
84751,Monica Garcia,"56339 Matthew Point, Penatown, IA 04325",97134,2024-04-25,83028,impact reach,2,880.32
84751,Monica Garcia,"56339 Matthew Point, Penatown, IA 04325",21751,2024-09-07,83277,west western,4,882.67
84751,Monica Garcia,"56339 Matthew Point, Penatown, IA 04325",21751,2024-09-07,66829,indicate glass,1,655.22
84751,Monica Garcia,"56339 Matthew Point, Penatown, IA 04325",21751,2024-09-07,27975,make site,1,254.19
84751,Monica Garcia,"56339 Matthew Point, Penatown, IA 04325",87942,2024-09-06,13073,table after,1,92.97
84751,Monica Garcia,"56339 Matthew Point, Penatown, IA 04325",23874,2024-02-05,20230,maintain finish,5,37.39
84751,Monica Garcia,"56339 Matthew Point, Penatown, IA 04325",23874,2024-02-05,91362,training force,2,640.29
84751,Monica Garcia,"56339 Matthew Point, Penatown, IA 04325",23874,2024-02-05,4459,admit measure,5,737.28
73998,Rebecca Archer,"249 Jackson Club, East Kimberly, WY 37204",8336,2024-04-18,62070,firm it,3,709.83
73998,Rebecca Archer,"249 Jackson Club, East Kimberly, WY 37204",8336,2024-04-18,2649,themselves person,2,382.08
73998,Rebecca Archer,"249 Jackson Club, East Kimberly, WY 37204",95245,2024-02-08,66829,indicate glass,2,655.22
73998,Rebecca Archer,"249 Jackson Club, East Kimberly, WY 37204",95245,2024-02-08,27041,popular figure,3,483.9
73998,Rebecca Archer,"249 Jackson Club, East Kimberly, WY 37204",40127,2024-02-03,41078,break of,1,395.12
73998,Rebecca Archer,"249 Jackson Club, East Kimberly, WY 37204",10102,2024-05-14,66984,car data,1,115.17
90237,Christopher Weaver,"984 King Throughway, New Michael, DC 38800",88213,2024-02-06,27041,popular figure,5,483.9
90237,Christopher Weaver,"984 King Throughway, New Michael, DC 38800",15720,2024-10-07,98054,if top,4,973.01
90237,Christopher Weaver,"984 King Throughway, New Michael, DC 38800",15720,2024-10-07,85138,same impact,5,638.88
90237,Christopher Weaver,"984 King Throughway, New Michael, DC 38800",36739,2024-04-25,75590,fill condition,4,803.04
90237,Christopher Weaver,"984 King Throughway, New Michael, DC 38800",72374,2023-11-09,66829,indicate glass,1,655.22
90237,Christopher Weaver,"984 King Throughway, New Michael, DC 38800",89239,2024-09-30,98054,if top,3,973.01
90237,Christopher Weaver,"984 King Throughway, New Michael, DC 38800",89239,2024-09-30,49358,west build,1,812.37
90237,Christopher Weaver,"984 King Throughway, New Michael, DC 38800",89239,2024-09-30,66223,specific serious,2,763.48
75060,James Reynolds,"270 Kyle Fort, Lake Kaylaside, WV 76296",97943,2024-05-04,27975,make site,1,254.19
75060,James Reynolds,"270 Kyle Fort, Lake Kaylaside, WV 76296",97943,2024-05-04,30480,area world,4,919.25
75060,James Reynolds,"270 Kyle Fort, Lake Kaylaside, WV 76296",16604,2024-05-01,20230,maintain finish,1,37.39
75060,James Reynolds,"270 Kyle Fort, Lake Kaylaside, WV 76296",16604,2024-05-01,35577,tough no,5,41.98
75060,James Reynolds,"270 Kyle Fort, Lake Kaylaside, WV 76296",16604,2024-05-01,20230,maintain finish,4,37.39
71860,Jeffery Jackson,"297 Rhonda Wall Suite 914, North Nataliemouth, MI 16935",3912,2024-09-13,9991,each edge,2,185.47
71860,Jeffery Jackson,"297 Rhonda Wall Suite 914, North Nataliemouth, MI 16935",3912,2024-09-13,65859,however group,1,565.77
71860,Jeffery Jackson,"297 Rhonda Wall Suite 914, North Nataliemouth, MI 16935",90563,2024-09-27,48648,some onto,1,35.31
71860,Jeffery Jackson,"297 Rhonda Wall Suite 914, North Nataliemouth, MI 16935",90563,2024-09-27,30480,area world,1,919.25
71860,Jeffery Jackson,"297 Rhonda Wall Suite 914, North Nataliemouth, MI 16935",90335,2024-07-01,5537,why day,2,432.56
4729,Timothy Cannon,"08352 Stacy Trail Suite 920, Hartmouth, NM 05762",62642,2024-08-29,98176,single similar,4,698.81
4729,Timothy Cannon,"08352 Stacy Trail Suite 920, Hartmouth, NM 05762",35436,2024-10-16,98054,if top,4,973.01
19874,Michael Dixon,"0592 Sanchez Square, Meganland, FL 33662",35781,2024-06-01,93476,subject court,3,378.85
19874,Michael Dixon,"0592 Sanchez Square, Meganland, FL 33662",35781,2024-06-01,13892,son how,3,889.57
19874,Michael Dixon,"0592 Sanchez Square, Meganland, FL 33662",35781,2024-06-01,78574,pretty little,1,275.46
19874,Michael Dixon,"0592 Sanchez Square, Meganland, FL 33662",28539,2024-05-12,68778,rule deal,3,111.08
19874,Michael Dixon,"0592 Sanchez Square, Meganland, FL 33662",28539,2024-05-12,95733,south interview,4,259.25
19874,Michael Dixon,"0592 Sanchez Square, Meganland, FL 33662",59702,2024-10-05,78574,pretty little,1,275.46
19874,Michael Dixon,"0592 Sanchez Square, Meganland, FL 33662",59702,2024-10-05,85138,same impact,2,638.88
19874,Michael Dixon,"0592 Sanchez Square, Meganland, FL 33662",59702,2024-10-05,48648,some onto,3,35.31
19874,Michael Dixon,"0592 Sanchez Square, Meganland, FL 33662",54453,2024-05-15,41230,church always,5,428.98
99519,Jennifer Hines,"23947 Whitney Throughway Apt. 457, Rebeccatown, IA 93272",71142,2024-10-21,24491,friend senior,2,785.53
99519,Jennifer Hines,"23947 Whitney Throughway Apt. 457, Rebeccatown, IA 93272",71142,2024-10-21,66984,car data,4,115.17
99519,Jennifer Hines,"23947 Whitney Throughway Apt. 457, Rebeccatown, IA 93272",90948,2024-01-04,10729,hotel degree,4,800.46
31251,Paul Thompson,"80919 Reed Oval Suite 410, West Lonniechester, TX 29668",11549,2024-03-28,37534,dark few,4,290.77
31251,Paul Thompson,"80919 Reed Oval Suite 410, West Lonniechester, TX 29668",15439,2023-12-07,70166,let candidate,5,337.72
31251,Paul Thompson,"80919 Reed Oval Suite 410, West Lonniechester, TX 29668",15439,2023-12-07,23419,represent which,4,615.92
31251,Paul Thompson,"80919 Reed Oval Suite 410, West Lonniechester, TX 29668",15439,2023-12-07,14861,social ahead,3,118.94
78448,Alexander Soto,"39095 Robert Creek Apt. 422, Lake Matthew, WV 32523",63271,2023-10-24,59794,economic power,2,146.78
78448,Alexander Soto,"39095 Robert Creek Apt. 422, Lake Matthew, WV 32523",63271,2023-10-24,38980,light together,5,757.42
78448,Alexander Soto,"39095 Robert Creek Apt. 422, Lake Matthew, WV 32523",44076,2024-09-21,24491,friend senior,4,785.53
78448,Alexander Soto,"39095 Robert Creek Apt. 422, Lake Matthew, WV 32523",44076,2024-09-21,78574,pretty little,2,275.46
78448,Alexander Soto,"39095 Robert Creek Apt. 422, Lake Matthew, WV 32523",67366,2024-10-16,98176,single similar,1,698.81
63028,Kerry Roman,"40906 Bailey Skyway Suite 832, North Linda, MN 48978",68412,2024-10-08,7628,call thought,3,671.06
63028,Kerry Roman,"40906 Bailey Skyway Suite 832, North Linda, MN 48978",29476,2024-10-07,30630,share particularly,1,646.96
63028,Kerry Roman,"40906 Bailey Skyway Suite 832, North Linda, MN 48978",29476,2024-10-07,7628,call thought,5,671.06
63028,Kerry Roman,"40906 Bailey Skyway Suite 832, North Linda, MN 48978",29476,2024-10-07,20230,maintain finish,3,37.39
63028,Kerry Roman,"40906 Bailey Skyway Suite 832, North Linda, MN 48978",50206,2023-11-20,31238,church interest,1,54.88
15947,Linda Pittman,"3235 Colon Ville, Robinsonberg, KS 94402",72044,2023-12-08,7458,could tell,1,311.26
15947,Linda Pittman,"3235 Colon Ville, Robinsonberg, KS 94402",72044,2023-12-08,59794,economic power,5,146.78
38775,Courtney Garcia,"2968 Smith Mews, Lake David, ND 10964",36913,2023-12-26,60205,probably character,3,828.78
38775,Courtney Garcia,"2968 Smith Mews, Lake David, ND 10964",36913,2023-12-26,9868,reduce first,3,882.4
38775,Courtney Garcia,"2968 Smith Mews, Lake David, ND 10964",36913,2023-12-26,7628,call thought,2,671.06
38775,Courtney Garcia,"2968 Smith Mews, Lake David, ND 10964",66804,2024-05-18,70166,let candidate,3,337.72
38775,Courtney Garcia,"2968 Smith Mews, Lake David, ND 10964",66804,2024-05-18,7458,could tell,2,311.26
38775,Courtney Garcia,"2968 Smith Mews, Lake David, ND 10964",71097,2023-11-08,4361,follow it,5,328.54
64417,Michelle Powell,"847 Johnson Rapids, North Cynthialand, MD 69562",56452,2024-09-28,89010,state since,4,773.88
64417,Michelle Powell,"847 Johnson Rapids, North Cynthialand, MD 69562",56452,2024-09-28,38980,light together,3,757.42
64417,Michelle Powell,"847 Johnson Rapids, North Cynthialand, MD 69562",40257,2024-08-13,66986,stay away,2,171.66
64417,Michelle Powell,"847 Johnson Rapids, North Cynthialand, MD 69562",40257,2024-08-13,13433,positive after,2,154.64
64417,Michelle Powell,"847 Johnson Rapids, North Cynthialand, MD 69562",40257,2024-08-13,49358,west build,5,812.37
64417,Michelle Powell,"847 Johnson Rapids, North Cynthialand, MD 69562",32939,2024-07-25,60947,front letter,3,793.46
64417,Michelle Powell,"847 Johnson Rapids, North Cynthialand, MD 69562",32939,2024-07-25,4459,admit measure,1,737.28
64417,Michelle Powell,"847 Johnson Rapids, North Cynthialand, MD 69562",32939,2024-07-25,66986,stay away,5,171.66
64417,Michelle Powell,"847 Johnson Rapids, North Cynthialand, MD 69562",25634,2024-03-17,44518,build society,5,303.04
64417,Michelle Powell,"847 Johnson Rapids, North Cynthialand, MD 69562",25634,2024-03-17,59794,economic power,4,146.78
64417,Michelle Powell,"847 Johnson Rapids, North Cynthialand, MD 69562",25634,2024-03-17,68778,rule deal,3,111.08
64417,Michelle Powell,"847 Johnson Rapids, North Cynthialand, MD 69562",5936,2024-06-09,4361,follow it,5,328.54
64417,Michelle Powell,"847 Johnson Rapids, North Cynthialand, MD 69562",5936,2024-06-09,46813,avoid loss,3,58.75
64417,Michelle Powell,"847 Johnson Rapids, North Cynthialand, MD 69562",5936,2024-06-09,62335,man series,3,619.45
365,James Coffey,"8970 Martinez Cliffs Suite 963, New Nicholasberg, FM 17306",814,2023-10-31,79139,administration success,3,378.98
49063,Kevin Allen,"4491 Vargas Cape, Port Mirandabury, NH 50877",32222,2023-11-23,97994,remain discussion,3,534.48
49063,Kevin Allen,"4491 Vargas Cape, Port Mirandabury, NH 50877",64947,2024-09-18,37534,dark few,1,290.77
49063,Kevin Allen,"4491 Vargas Cape, Port Mirandabury, NH 50877",64947,2024-09-18,49358,west build,5,812.37
14598,Ernest Hamilton,"48059 Michael Mountains, Lake Haydentown, UT 56717",74973,2024-06-08,68778,rule deal,1,111.08
14598,Ernest Hamilton,"48059 Michael Mountains, Lake Haydentown, UT 56717",74973,2024-06-08,64717,together system,5,136.24
14598,Ernest Hamilton,"48059 Michael Mountains, Lake Haydentown, UT 56717",74973,2024-06-08,13073,table after,2,92.97
14598,Ernest Hamilton,"48059 Michael Mountains, Lake Haydentown, UT 56717",54241,2024-07-07,67406,threat mission,5,181.57
14598,Ernest Hamilton,"48059 Michael Mountains, Lake Haydentown, UT 56717",54241,2024-07-07,66829,indicate glass,5,655.22
14598,Ernest Hamilton,"48059 Michael Mountains, Lake Haydentown, UT 56717",50310,2024-05-14,58821,yard identify,1,399.75
14598,Ernest Hamilton,"48059 Michael Mountains, Lake Haydentown, UT 56717",50310,2024-05-14,92810,citizen dream,1,876.79
14598,Ernest Hamilton,"48059 Michael Mountains, Lake Haydentown, UT 56717",50310,2024-05-14,52265,international watch,1,110.68
14598,Ernest Hamilton,"48059 Michael Mountains, Lake Haydentown, UT 56717",48636,2024-10-05,13073,table after,2,92.97
24596,Jason Choi,"5020 Bennett Village Apt. 890, Port Daniellefurt, AK 56660",56025,2023-12-08,31238,church interest,5,54.88
24596,Jason Choi,"5020 Bennett Village Apt. 890, Port Daniellefurt, AK 56660",47641,2024-06-04,68778,rule deal,1,111.08
24596,Jason Choi,"5020 Bennett Village Apt. 890, Port Daniellefurt, AK 56660",47641,2024-06-04,84855,fund account,4,216.8
24596,Jason Choi,"5020 Bennett Village Apt. 890, Port Daniellefurt, AK 56660",91190,2024-08-06,31737,pull idea,5,700.12
24596,Jason Choi,"5020 Bennett Village Apt. 890, Port Daniellefurt, AK 56660",91190,2024-08-06,70552,blood sister,1,901.46
24596,Jason Choi,"5020 Bennett Village Apt. 890, Port Daniellefurt, AK 56660",45180,2024-05-09,27041,popular figure,1,483.9
24596,Jason Choi,"5020 Bennett Village Apt. 890, Port Daniellefurt, AK 56660",45180,2024-05-09,7458,could tell,4,311.26
24596,Jason Choi,"5020 Bennett Village Apt. 890, Port Daniellefurt, AK 56660",45180,2024-05-09,35577,tough no,5,41.98
13868,Matthew Jones,"USS Mitchell, FPO AP 04406",27770,2024-05-29,60947,front letter,2,793.46
13868,Matthew Jones,"USS Mitchell, FPO AP 04406",27770,2024-05-29,285,provide friend,2,162.6
13868,Matthew Jones,"USS Mitchell, FPO AP 04406",63793,2023-11-14,97994,remain discussion,1,534.48
13868,Matthew Jones,"USS Mitchell, FPO AP 04406",63793,2023-11-14,89010,state since,4,773.88
13868,Matthew Jones,"USS Mitchell, FPO AP 04406",61028,2023-12-12,7628,call thought,1,671.06
13868,Matthew Jones,"USS Mitchell, FPO AP 04406",61028,2023-12-12,83028,impact reach,2,880.32
13868,Matthew Jones,"USS Mitchell, FPO AP 04406",61028,2023-12-12,35618,now suddenly,2,725.87
45519,Debra Douglas,"450 Strickland Pine Apt. 381, Port Lauren, MN 26464",70030,2024-07-29,57048,central finish,4,349.0
45519,Debra Douglas,"450 Strickland Pine Apt. 381, Port Lauren, MN 26464",70030,2024-07-29,77235,low nor,4,31.54
45519,Debra Douglas,"450 Strickland Pine Apt. 381, Port Lauren, MN 26464",60839,2024-09-07,38257,few trade,2,712.15
45519,Debra Douglas,"450 Strickland Pine Apt. 381, Port Lauren, MN 26464",60839,2024-09-07,92810,citizen dream,3,876.79
45519,Debra Douglas,"450 Strickland Pine Apt. 381, Port Lauren, MN 26464",60839,2024-09-07,7458,could tell,1,311.26
45519,Debra Douglas,"450 Strickland Pine Apt. 381, Port Lauren, MN 26464",83084,2024-07-30,35740,fly catch,2,408.16
18496,Angela Newton,"952 Hopkins Forges Suite 325, Burtonberg, ME 12542",69826,2024-10-19,27975,make site,2,254.19
18496,Angela Newton,"952 Hopkins Forges Suite 325, Burtonberg, ME 12542",69826,2024-10-19,25217,case full,3,221.27
18496,Angela Newton,"952 Hopkins Forges Suite 325, Burtonberg, ME 12542",63399,2024-01-21,37534,dark few,3,290.77
18496,Angela Newton,"952 Hopkins Forges Suite 325, Burtonberg, ME 12542",94607,2024-06-07,27041,popular figure,5,483.9
18496,Angela Newton,"952 Hopkins Forges Suite 325, Burtonberg, ME 12542",94607,2024-06-07,75590,fill condition,5,803.04
11044,Michael Wilson,"USS Brown, FPO AE 37708",9278,2024-04-12,285,provide friend,5,162.6
11044,Michael Wilson,"USS Brown, FPO AE 37708",16684,2024-03-24,7628,call thought,2,671.06
11044,Michael Wilson,"USS Brown, FPO AE 37708",16684,2024-03-24,7628,call thought,5,671.06
11044,Michael Wilson,"USS Brown, FPO AE 37708",16684,2024-03-24,87329,worker organization,5,990.26
11044,Michael Wilson,"USS Brown, FPO AE 37708",83965,2024-07-05,37534,dark few,1,290.77
11044,Michael Wilson,"USS Brown, FPO AE 37708",83965,2024-07-05,97994,remain discussion,2,534.48
23141,Megan Martinez,"7350 Jackson Oval Apt. 830, Taylortown, NY 54101",67619,2024-06-21,23419,represent which,2,615.92
23141,Megan Martinez,"7350 Jackson Oval Apt. 830, Taylortown, NY 54101",39217,2024-03-04,12041,most easy,3,550.4
23141,Megan Martinez,"7350 Jackson Oval Apt. 830, Taylortown, NY 54101",39217,2024-03-04,37534,dark few,5,290.77
23141,Megan Martinez,"7350 Jackson Oval Apt. 830, Taylortown, NY 54101",39217,2024-03-04,85138,same impact,1,638.88
23141,Megan Martinez,"7350 Jackson Oval Apt. 830, Taylortown, NY 54101",74658,2024-03-22,39680,wait phone,4,390.08
23141,Megan Martinez,"7350 Jackson Oval Apt. 830, Taylortown, NY 54101",74712,2023-11-07,53539,radio develop,2,458.26
23141,Megan Martinez,"7350 Jackson Oval Apt. 830, Taylortown, NY 54101",74712,2023-11-07,88584,law within,2,851.28
13622,Monica Guzman,"9832 Brooke Court Suite 326, Brandymouth, MO 24184",40829,2024-08-21,53539,radio develop,5,458.26
13622,Monica Guzman,"9832 Brooke Court Suite 326, Brandymouth, MO 24184",40829,2024-08-21,74698,activity both,5,912.19
13622,Monica Guzman,"9832 Brooke Court Suite 326, Brandymouth, MO 24184",40829,2024-08-21,67406,threat mission,5,181.57
13622,Monica Guzman,"9832 Brooke Court Suite 326, Brandymouth, MO 24184",42717,2024-03-27,27041,popular figure,1,483.9
13622,Monica Guzman,"9832 Brooke Court Suite 326, Brandymouth, MO 24184",42717,2024-03-27,23504,may somebody,1,223.91
13622,Monica Guzman,"9832 Brooke Court Suite 326, Brandymouth, MO 24184",42717,2024-03-27,35577,tough no,2,41.98
13622,Monica Guzman,"9832 Brooke Court Suite 326, Brandymouth, MO 24184",49248,2024-04-08,57048,central finish,3,349.0
13622,Monica Guzman,"9832 Brooke Court Suite 326, Brandymouth, MO 24184",70106,2024-08-06,9868,reduce first,3,882.4
13622,Monica Guzman,"9832 Brooke Court Suite 326, Brandymouth, MO 24184",70106,2024-08-06,62170,choice compare,4,506.51
13622,Monica Guzman,"9832 Brooke Court Suite 326, Brandymouth, MO 24184",70106,2024-08-06,25217,case full,3,221.27
13622,Monica Guzman,"9832 Brooke Court Suite 326, Brandymouth, MO 24184",7396,2024-07-30,99467,entire clear,1,168.62
83593,Laura Foley,"32282 Jackson Plains Suite 830, Davidborough, AK 19811",51403,2024-02-10,67406,threat mission,3,181.57
13672,Michele Hernandez,"09079 Marshall Shoals Suite 640, Matthewville, VT 06739",84130,2024-01-10,4080,reach physical,4,879.22
13672,Michele Hernandez,"09079 Marshall Shoals Suite 640, Matthewville, VT 06739",25949,2024-03-11,31238,church interest,4,54.88
13672,Michele Hernandez,"09079 Marshall Shoals Suite 640, Matthewville, VT 06739",25949,2024-03-11,70918,team clear,5,59.7
13672,Michele Hernandez,"09079 Marshall Shoals Suite 640, Matthewville, VT 06739",70731,2024-03-09,10729,hotel degree,4,800.46
13672,Michele Hernandez,"09079 Marshall Shoals Suite 640, Matthewville, VT 06739",70731,2024-03-09,67406,threat mission,1,181.57
13672,Michele Hernandez,"09079 Marshall Shoals Suite 640, Matthewville, VT 06739",70731,2024-03-09,34209,new family,4,339.87
97286,Andrea Woodard,"5519 Johnson Locks Suite 049, Alexatown, LA 01266",57248,2024-04-22,29397,level visit,1,346.42
97286,Andrea Woodard,"5519 Johnson Locks Suite 049, Alexatown, LA 01266",57248,2024-04-22,3588,collection child,5,52.62
97286,Andrea Woodard,"5519 Johnson Locks Suite 049, Alexatown, LA 01266",57248,2024-04-22,98054,if top,2,973.01
97286,Andrea Woodard,"5519 Johnson Locks Suite 049, Alexatown, LA 01266",734,2024-04-19,62762,amount seat,2,379.34
97286,Andrea Woodard,"5519 Johnson Locks Suite 049, Alexatown, LA 01266",15453,2024-08-10,91241,Republican police,2,442.29
97286,Andrea Woodard,"5519 Johnson Locks Suite 049, Alexatown, LA 01266",90683,2024-02-17,37001,draw beyond,4,478.75
97286,Andrea Woodard,"5519 Johnson Locks Suite 049, Alexatown, LA 01266",90683,2024-02-17,95733,south interview,4,259.25
97286,Andrea Woodard,"5519 Johnson Locks Suite 049, Alexatown, LA 01266",3104,2024-03-04,62335,man series,3,619.45
97286,Andrea Woodard,"5519 Johnson Locks Suite 049, Alexatown, LA 01266",3104,2024-03-04,70918,team clear,4,59.7
97286,Andrea Woodard,"5519 Johnson Locks Suite 049, Alexatown, LA 01266",3104,2024-03-04,98054,if top,2,973.01
20652,Holly Randolph,"576 Elizabeth Rapid, New Brandonside, VT 59229",65249,2024-04-26,23419,represent which,2,615.92
47823,Elizabeth Mills,"7403 Tran Harbor Suite 194, Andrewmouth, MS 63498",75512,2024-03-14,25025,mouth key,5,575.89
47823,Elizabeth Mills,"7403 Tran Harbor Suite 194, Andrewmouth, MS 63498",12440,2024-08-13,70166,let candidate,5,337.72
47823,Elizabeth Mills,"7403 Tran Harbor Suite 194, Andrewmouth, MS 63498",12440,2024-08-13,68778,rule deal,3,111.08
47823,Elizabeth Mills,"7403 Tran Harbor Suite 194, Andrewmouth, MS 63498",12440,2024-08-13,83028,impact reach,4,880.32
47823,Elizabeth Mills,"7403 Tran Harbor Suite 194, Andrewmouth, MS 63498",97786,2024-06-24,27041,popular figure,2,483.9
47823,Elizabeth Mills,"7403 Tran Harbor Suite 194, Andrewmouth, MS 63498",97786,2024-06-24,60205,probably character,4,828.78
47823,Elizabeth Mills,"7403 Tran Harbor Suite 194, Andrewmouth, MS 63498",97786,2024-06-24,23504,may somebody,3,223.91
47823,Elizabeth Mills,"7403 Tran Harbor Suite 194, Andrewmouth, MS 63498",37984,2023-11-18,27975,make site,2,254.19
47823,Elizabeth Mills,"7403 Tran Harbor Suite 194, Andrewmouth, MS 63498",39073,2024-07-03,60205,probably character,2,828.78
85240,Debra Proctor,"6661 White Expressway Suite 959, Holmesstad, PW 36033",929,2024-03-06,48648,some onto,4,35.31
85240,Debra Proctor,"6661 White Expressway Suite 959, Holmesstad, PW 36033",929,2024-03-06,74698,activity both,2,912.19
85240,Debra Proctor,"6661 White Expressway Suite 959, Holmesstad, PW 36033",929,2024-03-06,41230,church always,1,428.98
85240,Debra Proctor,"6661 White Expressway Suite 959, Holmesstad, PW 36033",36462,2024-05-28,70918,team clear,2,59.7
85240,Debra Proctor,"6661 White Expressway Suite 959, Holmesstad, PW 36033",36462,2024-05-28,31737,pull idea,5,700.12
85240,Debra Proctor,"6661 White Expressway Suite 959, Holmesstad, PW 36033",67622,2024-10-15,25025,mouth key,1,575.89
85240,Debra Proctor,"6661 White Expressway Suite 959, Holmesstad, PW 36033",67622,2024-10-15,83277,west western,3,882.67
85240,Debra Proctor,"6661 White Expressway Suite 959, Holmesstad, PW 36033",99940,2024-09-09,87329,worker organization,5,990.26
85240,Debra Proctor,"6661 White Expressway Suite 959, Holmesstad, PW 36033",56536,2024-05-08,66829,indicate glass,4,655.22
85240,Debra Proctor,"6661 White Expressway Suite 959, Holmesstad, PW 36033",56536,2024-05-08,62170,choice compare,3,506.51
85240,Debra Proctor,"6661 White Expressway Suite 959, Holmesstad, PW 36033",56536,2024-05-08,3588,collection child,4,52.62
39001,Joshua Vang,"329 Andersen Harbor Suite 416, Port Georgemouth, GU 31297",34468,2024-02-27,41230,church always,3,428.98
39001,Joshua Vang,"329 Andersen Harbor Suite 416, Port Georgemouth, GU 31297",34468,2024-02-27,7628,call thought,5,671.06
39001,Joshua Vang,"329 Andersen Harbor Suite 416, Port Georgemouth, GU 31297",34468,2024-02-27,29397,level visit,5,346.42
39001,Joshua Vang,"329 Andersen Harbor Suite 416, Port Georgemouth, GU 31297",21034,2024-03-30,35740,fly catch,1,408.16
12860,Melissa Morris,"095 Hill Pines Suite 571, Loribury, CT 84908",70155,2023-12-17,59794,economic power,2,146.78
12860,Melissa Morris,"095 Hill Pines Suite 571, Loribury, CT 84908",18856,2024-05-09,60205,probably character,2,828.78
12860,Melissa Morris,"095 Hill Pines Suite 571, Loribury, CT 84908",3218,2024-06-22,83277,west western,1,882.67
12860,Melissa Morris,"095 Hill Pines Suite 571, Loribury, CT 84908",49870,2023-12-05,68778,rule deal,3,111.08
12860,Melissa Morris,"095 Hill Pines Suite 571, Loribury, CT 84908",49870,2023-12-05,31238,church interest,4,54.88
12860,Melissa Morris,"095 Hill Pines Suite 571, Loribury, CT 84908",68844,2024-08-08,25217,case full,1,221.27
12860,Melissa Morris,"095 Hill Pines Suite 571, Loribury, CT 84908",68844,2024-08-08,65859,however group,3,565.77
12860,Melissa Morris,"095 Hill Pines Suite 571, Loribury, CT 84908",68844,2024-08-08,35618,now suddenly,2,725.87
32036,Daniel Armstrong,"144 Ochoa Bypass, Reevesmouth, MD 13053",52800,2024-08-30,41230,church always,1,428.98
32036,Daniel Armstrong,"144 Ochoa Bypass, Reevesmouth, MD 13053",52800,2024-08-30,29940,cause here,5,967.4
32036,Daniel Armstrong,"144 Ochoa Bypass, Reevesmouth, MD 13053",25026,2024-01-31,83277,west western,5,882.67
32036,Daniel Armstrong,"144 Ochoa Bypass, Reevesmouth, MD 13053",25026,2024-01-31,12041,most easy,5,550.4
32036,Daniel Armstrong,"144 Ochoa Bypass, Reevesmouth, MD 13053",25026,2024-01-31,78574,pretty little,4,275.46
32036,Daniel Armstrong,"144 Ochoa Bypass, Reevesmouth, MD 13053",92160,2024-05-05,60205,probably character,2,828.78
32036,Daniel Armstrong,"144 Ochoa Bypass, Reevesmouth, MD 13053",92160,2024-05-05,38257,few trade,4,712.15
32036,Daniel Armstrong,"144 Ochoa Bypass, Reevesmouth, MD 13053",51894,2024-07-05,60205,probably character,5,828.78
32036,Daniel Armstrong,"144 Ochoa Bypass, Reevesmouth, MD 13053",51894,2024-07-05,3588,collection child,1,52.62
32036,Daniel Armstrong,"144 Ochoa Bypass, Reevesmouth, MD 13053",51894,2024-07-05,91472,different state,4,513.47
32036,Daniel Armstrong,"144 Ochoa Bypass, Reevesmouth, MD 13053",88895,2024-02-01,31737,pull idea,2,700.12
32036,Daniel Armstrong,"144 Ochoa Bypass, Reevesmouth, MD 13053",88895,2024-02-01,99467,entire clear,1,168.62
32036,Daniel Armstrong,"144 Ochoa Bypass, Reevesmouth, MD 13053",88895,2024-02-01,35577,tough no,4,41.98
15567,Joshua Jordan,"Unit 6920 Box 3040, DPO AA 09975",10496,2024-10-17,84855,fund account,4,216.8
15567,Joshua Jordan,"Unit 6920 Box 3040, DPO AA 09975",10496,2024-10-17,22733,seat your,4,790.71
15567,Joshua Jordan,"Unit 6920 Box 3040, DPO AA 09975",10496,2024-10-17,5537,why day,5,432.56
15567,Joshua Jordan,"Unit 6920 Box 3040, DPO AA 09975",71875,2024-09-12,67406,threat mission,2,181.57
39724,Dr. Cynthia Donaldson,"871 James Squares Apt. 586, Taylorstad, GA 55539",75528,2024-06-16,37001,draw beyond,1,478.75
39724,Dr. Cynthia Donaldson,"871 James Squares Apt. 586, Taylorstad, GA 55539",24170,2024-05-15,64717,together system,4,136.24
39724,Dr. Cynthia Donaldson,"871 James Squares Apt. 586, Taylorstad, GA 55539",53816,2024-06-12,66984,car data,3,115.17
58449,Dustin Anderson,"1274 Hudson Road, Lake Nathan, DE 39875",15057,2024-08-06,4361,follow it,1,328.54
58449,Dustin Anderson,"1274 Hudson Road, Lake Nathan, DE 39875",15057,2024-08-06,5537,why day,1,432.56
58449,Dustin Anderson,"1274 Hudson Road, Lake Nathan, DE 39875",1569,2024-09-13,285,provide friend,4,162.6
58449,Dustin Anderson,"1274 Hudson Road, Lake Nathan, DE 39875",1569,2024-09-13,66829,indicate glass,4,655.22
58449,Dustin Anderson,"1274 Hudson Road, Lake Nathan, DE 39875",96610,2024-07-05,20230,maintain finish,1,37.39
58449,Dustin Anderson,"1274 Hudson Road, Lake Nathan, DE 39875",96610,2024-07-05,37534,dark few,3,290.77
58449,Dustin Anderson,"1274 Hudson Road, Lake Nathan, DE 39875",27874,2024-09-29,64717,together system,3,136.24
58449,Dustin Anderson,"1274 Hudson Road, Lake Nathan, DE 39875",27874,2024-09-29,70552,blood sister,2,901.46
13558,Angela Vega,"127 Wright Locks Suite 680, Suttonmouth, VA 69729",73000,2023-11-04,65859,however group,1,565.77
11742,John Garcia,"51621 Todd Springs Suite 387, Schwartzchester, MI 26918",91396,2024-04-18,35618,now suddenly,5,725.87
11742,John Garcia,"51621 Todd Springs Suite 387, Schwartzchester, MI 26918",86272,2024-05-28,38980,light together,2,757.42
11742,John Garcia,"51621 Todd Springs Suite 387, Schwartzchester, MI 26918",86272,2024-05-28,24491,friend senior,2,785.53
11742,John Garcia,"51621 Todd Springs Suite 387, Schwartzchester, MI 26918",86272,2024-05-28,25025,mouth key,5,575.89
99411,Mrs. Erin Gordon DDS,"USS Webster, FPO AE 43377",76315,2024-07-06,70552,blood sister,5,901.46
99411,Mrs. Erin Gordon DDS,"USS Webster, FPO AE 43377",82950,2023-12-13,91362,training force,5,640.29
99411,Mrs. Erin Gordon DDS,"USS Webster, FPO AE 43377",44014,2024-10-03,48648,some onto,4,35.31
99411,Mrs. Erin Gordon DDS,"USS Webster, FPO AE 43377",44014,2024-10-03,44214,himself world,4,597.5
99411,Mrs. Erin Gordon DDS,"USS Webster, FPO AE 43377",44014,2024-10-03,2235,senior work,4,871.17
99411,Mrs. Erin Gordon DDS,"USS Webster, FPO AE 43377",70079,2024-06-19,29397,level visit,1,346.42
99411,Mrs. Erin Gordon DDS,"USS Webster, FPO AE 43377",70079,2024-06-19,67406,threat mission,3,181.57
99411,Mrs. Erin Gordon DDS,"USS Webster, FPO AE 43377",70079,2024-06-19,91472,different state,4,513.47
37648,Derek Castaneda,"805 Miller Brook Suite 389, Lake Peter, CO 32338",50492,2024-02-03,99467,entire clear,4,168.62
37648,Derek Castaneda,"805 Miller Brook Suite 389, Lake Peter, CO 32338",50492,2024-02-03,70166,let candidate,1,337.72
37648,Derek Castaneda,"805 Miller Brook Suite 389, Lake Peter, CO 32338",64595,2024-08-25,84855,fund account,4,216.8
37648,Derek Castaneda,"805 Miller Brook Suite 389, Lake Peter, CO 32338",64595,2024-08-25,62070,firm it,5,709.83
37648,Derek Castaneda,"805 Miller Brook Suite 389, Lake Peter, CO 32338",64595,2024-08-25,9991,each edge,1,185.47
37648,Derek Castaneda,"805 Miller Brook Suite 389, Lake Peter, CO 32338",3827,2024-10-14,27975,make site,4,254.19
37648,Derek Castaneda,"805 Miller Brook Suite 389, Lake Peter, CO 32338",3827,2024-10-14,84927,team allow,3,332.14
37648,Derek Castaneda,"805 Miller Brook Suite 389, Lake Peter, CO 32338",92440,2024-04-05,2649,themselves person,2,382.08
17032,Jordan Obrien,"4356 Kevin Corners Suite 472, West Andrea, WV 02820",39292,2024-05-07,41230,church always,3,428.98
17032,Jordan Obrien,"4356 Kevin Corners Suite 472, West Andrea, WV 02820",43960,2024-07-13,14861,social ahead,5,118.94
17032,Jordan Obrien,"4356 Kevin Corners Suite 472, West Andrea, WV 02820",43960,2024-07-13,41230,church always,1,428.98
17032,Jordan Obrien,"4356 Kevin Corners Suite 472, West Andrea, WV 02820",92009,2024-02-18,83028,impact reach,5,880.32
17032,Jordan Obrien,"4356 Kevin Corners Suite 472, West Andrea, WV 02820",92009,2024-02-18,98054,if top,5,973.01
17032,Jordan Obrien,"4356 Kevin Corners Suite 472, West Andrea, WV 02820",92009,2024-02-18,75590,fill condition,3,803.04
87089,Marie Flores,"790 Wagner Walk, Bradleyhaven, PR 23620",32010,2024-04-11,70918,team clear,2,59.7
87089,Marie Flores,"790 Wagner Walk, Bradleyhaven, PR 23620",32010,2024-04-11,77235,low nor,1,31.54
87089,Marie Flores,"790 Wagner Walk, Bradleyhaven, PR 23620",20790,2024-06-04,99467,entire clear,5,168.62
87089,Marie Flores,"790 Wagner Walk, Bradleyhaven, PR 23620",20790,2024-06-04,73670,government leg,5,838.01
87089,Marie Flores,"790 Wagner Walk, Bradleyhaven, PR 23620",63535,2024-01-08,62170,choice compare,1,506.51
87089,Marie Flores,"790 Wagner Walk, Bradleyhaven, PR 23620",58053,2024-10-18,39680,wait phone,1,390.08
87089,Marie Flores,"790 Wagner Walk, Bradleyhaven, PR 23620",58053,2024-10-18,49358,west build,2,812.37
87089,Marie Flores,"790 Wagner Walk, Bradleyhaven, PR 23620",58053,2024-10-18,65859,however group,4,565.77
13259,Robert Rhodes,"USNS Davis, FPO AA 91797",9204,2024-04-08,62335,man series,2,619.45
13259,Robert Rhodes,"USNS Davis, FPO AA 91797",9204,2024-04-08,14861,social ahead,5,118.94
13259,Robert Rhodes,"USNS Davis, FPO AA 91797",9204,2024-04-08,70918,team clear,2,59.7
43697,Caitlin Eaton,"5379 Bass Burgs Apt. 854, Morganberg, MP 74118",22760,2024-03-08,62170,choice compare,3,506.51
43697,Caitlin Eaton,"5379 Bass Burgs Apt. 854, Morganberg, MP 74118",22760,2024-03-08,62335,man series,2,619.45
43697,Caitlin Eaton,"5379 Bass Burgs Apt. 854, Morganberg, MP 74118",73554,2024-04-16,57048,central finish,4,349.0
43697,Caitlin Eaton,"5379 Bass Burgs Apt. 854, Morganberg, MP 74118",73554,2024-04-16,60947,front letter,4,793.46
43697,Caitlin Eaton,"5379 Bass Burgs Apt. 854, Morganberg, MP 74118",73554,2024-04-16,5537,why day,2,432.56
43697,Caitlin Eaton,"5379 Bass Burgs Apt. 854, Morganberg, MP 74118",40787,2024-03-05,38980,light together,1,757.42
43697,Caitlin Eaton,"5379 Bass Burgs Apt. 854, Morganberg, MP 74118",40787,2024-03-05,31737,pull idea,4,700.12
43697,Caitlin Eaton,"5379 Bass Burgs Apt. 854, Morganberg, MP 74118",40787,2024-03-05,3588,collection child,1,52.62
43697,Caitlin Eaton,"5379 Bass Burgs Apt. 854, Morganberg, MP 74118",82670,2024-08-31,49358,west build,5,812.37
43697,Caitlin Eaton,"5379 Bass Burgs Apt. 854, Morganberg, MP 74118",82670,2024-08-31,79139,administration success,5,378.98
43697,Caitlin Eaton,"5379 Bass Burgs Apt. 854, Morganberg, MP 74118",82670,2024-08-31,62762,amount seat,3,379.34
43697,Caitlin Eaton,"5379 Bass Burgs Apt. 854, Morganberg, MP 74118",24014,2024-01-24,58821,yard identify,5,399.75
44075,Matthew Ho,"6600 Hanson Orchard Suite 875, North Cody, AK 74956",44280,2024-06-30,13892,son how,5,889.57
44075,Matthew Ho,"6600 Hanson Orchard Suite 875, North Cody, AK 74956",44280,2024-06-30,2649,themselves person,2,382.08
44075,Matthew Ho,"6600 Hanson Orchard Suite 875, North Cody, AK 74956",84112,2024-02-04,91472,different state,2,513.47
44075,Matthew Ho,"6600 Hanson Orchard Suite 875, North Cody, AK 74956",84112,2024-02-04,89010,state since,3,773.88
90587,Karen Roth,"9641 Collier Valleys, Juanborough, DC 25221",61740,2023-12-01,38980,light together,3,757.42
90587,Karen Roth,"9641 Collier Valleys, Juanborough, DC 25221",89897,2024-01-30,77235,low nor,1,31.54
90587,Karen Roth,"9641 Collier Valleys, Juanborough, DC 25221",89897,2024-01-30,88584,law within,4,851.28
90587,Karen Roth,"9641 Collier Valleys, Juanborough, DC 25221",89897,2024-01-30,46813,avoid loss,3,58.75
90587,Karen Roth,"9641 Collier Valleys, Juanborough, DC 25221",67292,2024-10-03,44214,himself world,4,597.5
90587,Karen Roth,"9641 Collier Valleys, Juanborough, DC 25221",67292,2024-10-03,84855,fund account,4,216.8
90587,Karen Roth,"9641 Collier Valleys, Juanborough, DC 25221",42469,2024-08-15,70918,team clear,2,59.7
90587,Karen Roth,"9641 Collier Valleys, Juanborough, DC 25221",42469,2024-08-15,62170,choice compare,5,506.51
90587,Karen Roth,"9641 Collier Valleys, Juanborough, DC 25221",42469,2024-08-15,25025,mouth key,1,575.89
25367,Jeffrey Patel,"21919 Michelle Ville Suite 992, South Amberborough, HI 93261",86231,2024-05-28,70166,let candidate,2,337.72
25367,Jeffrey Patel,"21919 Michelle Ville Suite 992, South Amberborough, HI 93261",44499,2024-01-14,25025,mouth key,5,575.89
55968,William Lynch,"8178 Richards Ferry, Christianview, TN 00945",33020,2024-06-15,65859,however group,3,565.77
55968,William Lynch,"8178 Richards Ferry, Christianview, TN 00945",33020,2024-06-15,4459,admit measure,2,737.28
55968,William Lynch,"8178 Richards Ferry, Christianview, TN 00945",33020,2024-06-15,66223,specific serious,3,763.48
55968,William Lynch,"8178 Richards Ferry, Christianview, TN 00945",66489,2023-11-26,93476,subject court,3,378.85
55968,William Lynch,"8178 Richards Ferry, Christianview, TN 00945",66489,2023-11-26,99467,entire clear,4,168.62
55968,William Lynch,"8178 Richards Ferry, Christianview, TN 00945",79099,2023-12-04,14861,social ahead,4,118.94
41775,Kyle Hernandez,"57763 Jones Camp Apt. 208, Antoniofurt, KS 33997",29858,2024-09-28,60947,front letter,2,793.46
41775,Kyle Hernandez,"57763 Jones Camp Apt. 208, Antoniofurt, KS 33997",29858,2024-09-28,66984,car data,4,115.17
41775,Kyle Hernandez,"57763 Jones Camp Apt. 208, Antoniofurt, KS 33997",40578,2024-02-26,13892,son how,5,889.57
41775,Kyle Hernandez,"57763 Jones Camp Apt. 208, Antoniofurt, KS 33997",40578,2024-02-26,27041,popular figure,1,483.9
41775,Kyle Hernandez,"57763 Jones Camp Apt. 208, Antoniofurt, KS 33997",40578,2024-02-26,98176,single similar,4,698.81
58799,Katelyn Harris,"73425 Erickson Forge, Lawrenceburgh, SD 11989",59087,2024-08-23,52265,international watch,3,110.68
58799,Katelyn Harris,"73425 Erickson Forge, Lawrenceburgh, SD 11989",59087,2024-08-23,79139,administration success,2,378.98
58799,Katelyn Harris,"73425 Erickson Forge, Lawrenceburgh, SD 11989",59087,2024-08-23,91472,different state,1,513.47
58799,Katelyn Harris,"73425 Erickson Forge, Lawrenceburgh, SD 11989",79002,2024-01-30,64717,together system,5,136.24
54081,Ryan Kelley,"5165 Paula Plains Apt. 621, Stephensville, AZ 10868",39659,2024-05-18,9868,reduce first,3,882.4
54081,Ryan Kelley,"5165 Paula Plains Apt. 621, Stephensville, AZ 10868",35918,2024-06-22,88584,law within,4,851.28
54081,Ryan Kelley,"5165 Paula Plains Apt. 621, Stephensville, AZ 10868",35918,2024-06-22,98176,single similar,4,698.81
54081,Ryan Kelley,"5165 Paula Plains Apt. 621, Stephensville, AZ 10868",87897,2024-05-14,52265,international watch,1,110.68
54081,Ryan Kelley,"5165 Paula Plains Apt. 621, Stephensville, AZ 10868",87897,2024-05-14,13892,son how,1,889.57
90991,Heather Carrillo,"PSC 0175, Box 0472, APO AE 06264",30587,2024-06-06,2235,senior work,4,871.17
90991,Heather Carrillo,"PSC 0175, Box 0472, APO AE 06264",30587,2024-06-06,41078,break of,1,395.12
90991,Heather Carrillo,"PSC 0175, Box 0472, APO AE 06264",30587,2024-06-06,9991,each edge,3,185.47
90991,Heather Carrillo,"PSC 0175, Box 0472, APO AE 06264",77178,2024-02-07,27975,make site,5,254.19
90991,Heather Carrillo,"PSC 0175, Box 0472, APO AE 06264",77178,2024-02-07,60947,front letter,3,793.46
90991,Heather Carrillo,"PSC 0175, Box 0472, APO AE 06264",77178,2024-02-07,9991,each edge,5,185.47
90991,Heather Carrillo,"PSC 0175, Box 0472, APO AE 06264",67389,2024-01-09,92810,citizen dream,5,876.79
90991,Heather Carrillo,"PSC 0175, Box 0472, APO AE 06264",67389,2024-01-09,285,provide friend,1,162.6
16298,Kelli Harmon,"486 Stephanie Mall, Kellyburgh, CT 59937",3485,2024-09-12,60947,front letter,2,793.46
16298,Kelli Harmon,"486 Stephanie Mall, Kellyburgh, CT 59937",3485,2024-09-12,1025,against return,1,307.44
43769,Madeline Newton,"2249 Cruz Curve, Rodriguezchester, RI 57940",11947,2024-08-21,46813,avoid loss,3,58.75
43769,Madeline Newton,"2249 Cruz Curve, Rodriguezchester, RI 57940",21827,2024-09-16,88584,law within,1,851.28
43769,Madeline Newton,"2249 Cruz Curve, Rodriguezchester, RI 57940",21827,2024-09-16,75590,fill condition,5,803.04
43769,Madeline Newton,"2249 Cruz Curve, Rodriguezchester, RI 57940",88699,2024-02-27,60947,front letter,2,793.46
43769,Madeline Newton,"2249 Cruz Curve, Rodriguezchester, RI 57940",88699,2024-02-27,68778,rule deal,4,111.08
43769,Madeline Newton,"2249 Cruz Curve, Rodriguezchester, RI 57940",88699,2024-02-27,31238,church interest,2,54.88
43769,Madeline Newton,"2249 Cruz Curve, Rodriguezchester, RI 57940",18426,2023-11-03,25025,mouth key,5,575.89
43769,Madeline Newton,"2249 Cruz Curve, Rodriguezchester, RI 57940",18426,2023-11-03,88584,law within,4,851.28
43769,Madeline Newton,"2249 Cruz Curve, Rodriguezchester, RI 57940",18426,2023-11-03,44214,himself world,5,597.5
82891,Michelle Meyer,"15211 Cunningham Pike, Curtismouth, NM 63728",93067,2024-06-27,35577,tough no,2,41.98
82891,Michelle Meyer,"15211 Cunningham Pike, Curtismouth, NM 63728",36405,2024-09-16,88584,law within,1,851.28
82891,Michelle Meyer,"15211 Cunningham Pike, Curtismouth, NM 63728",79905,2024-07-15,13892,son how,3,889.57
82891,Michelle Meyer,"15211 Cunningham Pike, Curtismouth, NM 63728",76307,2024-06-20,57048,central finish,3,349.0
82891,Michelle Meyer,"15211 Cunningham Pike, Curtismouth, NM 63728",62683,2024-06-20,38980,light together,5,757.42
55786,Erika Hall,"0469 Maureen Islands, East Sharonchester, IN 58938",21710,2024-03-02,93476,subject court,3,378.85
55786,Erika Hall,"0469 Maureen Islands, East Sharonchester, IN 58938",94021,2024-10-16,25217,case full,1,221.27
55786,Erika Hall,"0469 Maureen Islands, East Sharonchester, IN 58938",94021,2024-10-16,7628,call thought,5,671.06
55786,Erika Hall,"0469 Maureen Islands, East Sharonchester, IN 58938",58864,2024-04-09,2649,themselves person,5,382.08
55786,Erika Hall,"0469 Maureen Islands, East Sharonchester, IN 58938",58864,2024-04-09,99467,entire clear,4,168.62
55786,Erika Hall,"0469 Maureen Islands, East Sharonchester, IN 58938",58864,2024-04-09,91472,different state,1,513.47
42238,Annette Greene,"USCGC Jefferson, FPO AP 53380",2097,2024-05-25,74698,activity both,2,912.19
42238,Annette Greene,"USCGC Jefferson, FPO AP 53380",2097,2024-05-25,87329,worker organization,5,990.26
42238,Annette Greene,"USCGC Jefferson, FPO AP 53380",2097,2024-05-25,60205,probably character,4,828.78
42238,Annette Greene,"USCGC Jefferson, FPO AP 53380",80376,2023-12-27,23419,represent which,4,615.92
42238,Annette Greene,"USCGC Jefferson, FPO AP 53380",80376,2023-12-27,84927,team allow,2,332.14
42238,Annette Greene,"USCGC Jefferson, FPO AP 53380",69562,2024-07-29,5537,why day,5,432.56
42238,Annette Greene,"USCGC Jefferson, FPO AP 53380",69562,2024-07-29,31238,church interest,2,54.88
42238,Annette Greene,"USCGC Jefferson, FPO AP 53380",69562,2024-07-29,66984,car data,5,115.17
42238,Annette Greene,"USCGC Jefferson, FPO AP 53380",42923,2023-12-16,89010,state since,4,773.88
42238,Annette Greene,"USCGC Jefferson, FPO AP 53380",42923,2023-12-16,25217,case full,3,221.27
42238,Annette Greene,"USCGC Jefferson, FPO AP 53380",42923,2023-12-16,83277,west western,1,882.67
13686,Adrian Rosario,"45519 Hughes Island Apt. 093, Baileymouth, CA 84867",28308,2024-08-15,25025,mouth key,4,575.89
13686,Adrian Rosario,"45519 Hughes Island Apt. 093, Baileymouth, CA 84867",53220,2024-08-18,4361,follow it,4,328.54
13686,Adrian Rosario,"45519 Hughes Island Apt. 093, Baileymouth, CA 84867",53220,2024-08-18,65859,however group,4,565.77
13686,Adrian Rosario,"45519 Hughes Island Apt. 093, Baileymouth, CA 84867",25989,2024-02-21,13433,positive after,4,154.64
46032,Martha West,"511 Danielle Inlet, West Kathrynside, CA 88720",32695,2024-06-14,91472,different state,3,513.47
46032,Martha West,"511 Danielle Inlet, West Kathrynside, CA 88720",32695,2024-06-14,64717,together system,2,136.24
46032,Martha West,"511 Danielle Inlet, West Kathrynside, CA 88720",4215,2024-04-18,91362,training force,2,640.29
46032,Martha West,"511 Danielle Inlet, West Kathrynside, CA 88720",4215,2024-04-18,84855,fund account,1,216.8
46032,Martha West,"511 Danielle Inlet, West Kathrynside, CA 88720",4215,2024-04-18,35740,fly catch,4,408.16
46032,Martha West,"511 Danielle Inlet, West Kathrynside, CA 88720",74014,2024-06-18,62170,choice compare,5,506.51
46032,Martha West,"511 Danielle Inlet, West Kathrynside, CA 88720",48344,2024-06-18,98054,if top,1,973.01
46032,Martha West,"511 Danielle Inlet, West Kathrynside, CA 88720",48344,2024-06-18,34209,new family,3,339.87
46032,Martha West,"511 Danielle Inlet, West Kathrynside, CA 88720",48344,2024-06-18,88584,law within,4,851.28
45275,Samuel Perez,"263 Tracy Drive, West Debra, IL 73771",25584,2023-10-29,91362,training force,3,640.29
45275,Samuel Perez,"263 Tracy Drive, West Debra, IL 73771",14845,2024-07-30,39680,wait phone,3,390.08
45275,Samuel Perez,"263 Tracy Drive, West Debra, IL 73771",14845,2024-07-30,73670,government leg,2,838.01
45275,Samuel Perez,"263 Tracy Drive, West Debra, IL 73771",14845,2024-07-30,4361,follow it,4,328.54
45275,Samuel Perez,"263 Tracy Drive, West Debra, IL 73771",16698,2023-12-13,27041,popular figure,1,483.9
17584,Christopher Molina,"835 Joseph Wells Apt. 768, Dannyfort, NH 33774",48423,2024-08-28,75590,fill condition,3,803.04
17584,Christopher Molina,"835 Joseph Wells Apt. 768, Dannyfort, NH 33774",48423,2024-08-28,27041,popular figure,1,483.9
17584,Christopher Molina,"835 Joseph Wells Apt. 768, Dannyfort, NH 33774",48423,2024-08-28,70166,let candidate,3,337.72
17584,Christopher Molina,"835 Joseph Wells Apt. 768, Dannyfort, NH 33774",37687,2024-09-20,65859,however group,1,565.77
54552,Melinda Todd,"47886 Ware Crossroad Apt. 375, Lindseystad, GU 45159",17348,2024-08-01,13433,positive after,5,154.64
54552,Melinda Todd,"47886 Ware Crossroad Apt. 375, Lindseystad, GU 45159",17348,2024-08-01,79139,administration success,1,378.98
54552,Melinda Todd,"47886 Ware Crossroad Apt. 375, Lindseystad, GU 45159",6169,2024-07-26,10729,hotel degree,5,800.46
54552,Melinda Todd,"47886 Ware Crossroad Apt. 375, Lindseystad, GU 45159",6169,2024-07-26,35577,tough no,1,41.98
54552,Melinda Todd,"47886 Ware Crossroad Apt. 375, Lindseystad, GU 45159",97298,2023-12-03,38980,light together,4,757.42
54552,Melinda Todd,"47886 Ware Crossroad Apt. 375, Lindseystad, GU 45159",97298,2023-12-03,85138,same impact,1,638.88
54552,Melinda Todd,"47886 Ware Crossroad Apt. 375, Lindseystad, GU 45159",97298,2023-12-03,35618,now suddenly,2,725.87
54552,Melinda Todd,"47886 Ware Crossroad Apt. 375, Lindseystad, GU 45159",26685,2023-12-12,39707,record give,1,271.2
54552,Melinda Todd,"47886 Ware Crossroad Apt. 375, Lindseystad, GU 45159",26685,2023-12-12,44214,himself world,1,597.5
54552,Melinda Todd,"47886 Ware Crossroad Apt. 375, Lindseystad, GU 45159",61701,2024-10-03,64717,together system,4,136.24
54552,Melinda Todd,"47886 Ware Crossroad Apt. 375, Lindseystad, GU 45159",61701,2024-10-03,92810,citizen dream,3,876.79
85444,Michael Joseph,"USS Stone, FPO AE 91757",13733,2024-06-05,44214,himself world,2,597.5
85444,Michael Joseph,"USS Stone, FPO AE 91757",13733,2024-06-05,84855,fund account,1,216.8
85444,Michael Joseph,"USS Stone, FPO AE 91757",32652,2024-04-15,3436,he pattern,3,504.18
85444,Michael Joseph,"USS Stone, FPO AE 91757",71986,2023-12-20,85138,same impact,3,638.88
85444,Michael Joseph,"USS Stone, FPO AE 91757",45456,2024-02-11,27975,make site,4,254.19
85444,Michael Joseph,"USS Stone, FPO AE 91757",45456,2024-02-11,39680,wait phone,5,390.08
18349,Margaret Ayala,"082 Reed Corners Apt. 620, Connerburgh, UT 35257",64519,2024-04-04,88584,law within,1,851.28
18349,Margaret Ayala,"082 Reed Corners Apt. 620, Connerburgh, UT 35257",64519,2024-04-04,91472,different state,2,513.47
18349,Margaret Ayala,"082 Reed Corners Apt. 620, Connerburgh, UT 35257",64519,2024-04-04,95733,south interview,2,259.25
18349,Margaret Ayala,"082 Reed Corners Apt. 620, Connerburgh, UT 35257",50014,2023-11-20,62170,choice compare,1,506.51
33388,Tara Bradford,"USNS Brown, FPO AE 69783",1716,2024-04-28,9868,reduce first,5,882.4
33388,Tara Bradford,"USNS Brown, FPO AE 69783",1716,2024-04-28,4361,follow it,1,328.54
33388,Tara Bradford,"USNS Brown, FPO AE 69783",1716,2024-04-28,35577,tough no,5,41.98
33388,Tara Bradford,"USNS Brown, FPO AE 69783",58763,2024-04-06,35740,fly catch,5,408.16
33388,Tara Bradford,"USNS Brown, FPO AE 69783",58763,2024-04-06,22733,seat your,3,790.71
33388,Tara Bradford,"USNS Brown, FPO AE 69783",58763,2024-04-06,13892,son how,4,889.57
59535,Deborah Humphrey,"89337 Duncan Plains Apt. 601, Thomasport, IN 79398",84557,2023-11-06,37534,dark few,1,290.77
59535,Deborah Humphrey,"89337 Duncan Plains Apt. 601, Thomasport, IN 79398",84557,2023-11-06,23504,may somebody,4,223.91
59535,Deborah Humphrey,"89337 Duncan Plains Apt. 601, Thomasport, IN 79398",90497,2024-02-10,48648,some onto,3,35.31
4158,Christopher Flores,"Unit 4452 Box 0665, DPO AE 55743",37712,2023-11-07,38257,few trade,5,712.15
4158,Christopher Flores,"Unit 4452 Box 0665, DPO AE 55743",37712,2023-11-07,4361,follow it,2,328.54
4158,Christopher Flores,"Unit 4452 Box 0665, DPO AE 55743",13620,2024-03-10,30630,share particularly,5,646.96
4158,Christopher Flores,"Unit 4452 Box 0665, DPO AE 55743",13620,2024-03-10,89010,state since,1,773.88
4158,Christopher Flores,"Unit 4452 Box 0665, DPO AE 55743",81611,2024-02-12,41230,church always,1,428.98
4158,Christopher Flores,"Unit 4452 Box 0665, DPO AE 55743",77670,2024-04-01,59794,economic power,3,146.78
4158,Christopher Flores,"Unit 4452 Box 0665, DPO AE 55743",77670,2024-04-01,35618,now suddenly,5,725.87
4158,Christopher Flores,"Unit 4452 Box 0665, DPO AE 55743",77670,2024-04-01,83028,impact reach,5,880.32
74902,Beth Adams,"119 Davis Port, West Josephborough, NV 74539",97826,2023-12-22,91362,training force,2,640.29
74902,Beth Adams,"119 Davis Port, West Josephborough, NV 74539",89958,2023-12-06,30480,area world,5,919.25
74902,Beth Adams,"119 Davis Port, West Josephborough, NV 74539",80950,2024-06-21,62762,amount seat,2,379.34
74902,Beth Adams,"119 Davis Port, West Josephborough, NV 74539",80950,2024-06-21,68778,rule deal,1,111.08
83875,Stacy Smith,"46269 Brenda Views Apt. 702, Margaretburgh, GU 69365",35966,2023-11-30,29397,level visit,1,346.42
83875,Stacy Smith,"46269 Brenda Views Apt. 702, Margaretburgh, GU 69365",35966,2023-11-30,66984,car data,3,115.17
83875,Stacy Smith,"46269 Brenda Views Apt. 702, Margaretburgh, GU 69365",35966,2023-11-30,52265,international watch,1,110.68
83875,Stacy Smith,"46269 Brenda Views Apt. 702, Margaretburgh, GU 69365",26012,2024-08-18,52265,international watch,5,110.68
83875,Stacy Smith,"46269 Brenda Views Apt. 702, Margaretburgh, GU 69365",26012,2024-08-18,89010,state since,3,773.88
12086,Dr. Jennifer Bray DDS,"4681 Heidi Light Apt. 147, Keithberg, NM 32092",52821,2024-10-06,37534,dark few,4,290.77
12086,Dr. Jennifer Bray DDS,"4681 Heidi Light Apt. 147, Keithberg, NM 32092",42448,2024-10-19,35618,now suddenly,3,725.87
12086,Dr. Jennifer Bray DDS,"4681 Heidi Light Apt. 147, Keithberg, NM 32092",42448,2024-10-19,62070,firm it,2,709.83
12086,Dr. Jennifer Bray DDS,"4681 Heidi Light Apt. 147, Keithberg, NM 32092",5722,2024-02-06,9868,reduce first,3,882.4
12086,Dr. Jennifer Bray DDS,"4681 Heidi Light Apt. 147, Keithberg, NM 32092",5722,2024-02-06,62762,amount seat,4,379.34
12086,Dr. Jennifer Bray DDS,"4681 Heidi Light Apt. 147, Keithberg, NM 32092",5722,2024-02-06,88584,law within,2,851.28
12086,Dr. Jennifer Bray DDS,"4681 Heidi Light Apt. 147, Keithberg, NM 32092",54547,2023-12-02,67406,threat mission,3,181.57
12086,Dr. Jennifer Bray DDS,"4681 Heidi Light Apt. 147, Keithberg, NM 32092",54547,2023-12-02,4459,admit measure,1,737.28
10395,Michelle Stephens MD,"853 Melissa Cape, Millerville, MD 20720",26860,2024-03-04,92810,citizen dream,1,876.79
10395,Michelle Stephens MD,"853 Melissa Cape, Millerville, MD 20720",26860,2024-03-04,52265,international watch,5,110.68
10395,Michelle Stephens MD,"853 Melissa Cape, Millerville, MD 20720",45800,2023-11-07,285,provide friend,2,162.6
10395,Michelle Stephens MD,"853 Melissa Cape, Millerville, MD 20720",45800,2023-11-07,77235,low nor,3,31.54
10395,Michelle Stephens MD,"853 Melissa Cape, Millerville, MD 20720",45800,2023-11-07,3436,he pattern,3,504.18
10395,Michelle Stephens MD,"853 Melissa Cape, Millerville, MD 20720",52534,2024-09-17,1025,against return,1,307.44
10395,Michelle Stephens MD,"853 Melissa Cape, Millerville, MD 20720",52534,2024-09-17,98176,single similar,2,698.81
10395,Michelle Stephens MD,"853 Melissa Cape, Millerville, MD 20720",52534,2024-09-17,37534,dark few,2,290.77
63990,Patrick Meyer,"87603 Lane Underpass Suite 098, Craigshire, WY 56360",33305,2024-01-16,88584,law within,3,851.28
63990,Patrick Meyer,"87603 Lane Underpass Suite 098, Craigshire, WY 56360",90373,2023-12-28,85138,same impact,4,638.88
94076,Laurie Henry,"48976 Steven Mission, Damonside, GU 07363",64214,2024-07-12,27975,make site,2,254.19
94076,Laurie Henry,"48976 Steven Mission, Damonside, GU 07363",48193,2024-05-03,44518,build society,2,303.04
94076,Laurie Henry,"48976 Steven Mission, Damonside, GU 07363",48193,2024-05-03,68778,rule deal,5,111.08
94076,Laurie Henry,"48976 Steven Mission, Damonside, GU 07363",36571,2024-06-30,41230,church always,2,428.98
94076,Laurie Henry,"48976 Steven Mission, Damonside, GU 07363",30290,2024-06-02,24491,friend senior,3,785.53
94076,Laurie Henry,"48976 Steven Mission, Damonside, GU 07363",30290,2024-06-02,31737,pull idea,5,700.12
94076,Laurie Henry,"48976 Steven Mission, Damonside, GU 07363",30290,2024-06-02,65859,however group,3,565.77
74941,Sara Welch,"147 Bailey Cove Suite 672, Williammouth, MA 39435",46880,2023-12-06,70166,let candidate,2,337.72
90499,Misty Jenkins,"4544 Mcintosh Estates Apt. 874, New Brandonville, NY 33545",84262,2024-10-19,1025,against return,3,307.44
90499,Misty Jenkins,"4544 Mcintosh Estates Apt. 874, New Brandonville, NY 33545",84262,2024-10-19,62170,choice compare,3,506.51
90499,Misty Jenkins,"4544 Mcintosh Estates Apt. 874, New Brandonville, NY 33545",87717,2024-07-08,48648,some onto,1,35.31
90499,Misty Jenkins,"4544 Mcintosh Estates Apt. 874, New Brandonville, NY 33545",87717,2024-07-08,65859,however group,3,565.77
90499,Misty Jenkins,"4544 Mcintosh Estates Apt. 874, New Brandonville, NY 33545",87717,2024-07-08,99467,entire clear,3,168.62
90499,Misty Jenkins,"4544 Mcintosh Estates Apt. 874, New Brandonville, NY 33545",11801,2024-08-15,34209,new family,1,339.87
90499,Misty Jenkins,"4544 Mcintosh Estates Apt. 874, New Brandonville, NY 33545",11801,2024-08-15,91241,Republican police,5,442.29
90499,Misty Jenkins,"4544 Mcintosh Estates Apt. 874, New Brandonville, NY 33545",11801,2024-08-15,12041,most easy,4,550.4
90499,Misty Jenkins,"4544 Mcintosh Estates Apt. 874, New Brandonville, NY 33545",96722,2024-01-30,62335,man series,5,619.45
90499,Misty Jenkins,"4544 Mcintosh Estates Apt. 874, New Brandonville, NY 33545",63786,2024-03-24,20230,maintain finish,5,37.39
10196,Dustin Horton,"456 Davis Fort, Rachelview, IA 76220",34851,2024-01-01,3436,he pattern,3,504.18
10196,Dustin Horton,"456 Davis Fort, Rachelview, IA 76220",34851,2024-01-01,67406,threat mission,1,181.57
10196,Dustin Horton,"456 Davis Fort, Rachelview, IA 76220",87125,2024-04-22,62070,firm it,4,709.83
10196,Dustin Horton,"456 Davis Fort, Rachelview, IA 76220",43044,2024-05-11,3588,collection child,3,52.62
10196,Dustin Horton,"456 Davis Fort, Rachelview, IA 76220",43044,2024-05-11,39707,record give,5,271.2
10196,Dustin Horton,"456 Davis Fort, Rachelview, IA 76220",87377,2024-03-01,44518,build society,5,303.04
8078,Kristen Oneal,"3366 Matthew Junctions Suite 224, Tarafort, AR 22404",7429,2024-03-06,27975,make site,2,254.19
8078,Kristen Oneal,"3366 Matthew Junctions Suite 224, Tarafort, AR 22404",7429,2024-03-06,13189,store daughter,5,150.25
8078,Kristen Oneal,"3366 Matthew Junctions Suite 224, Tarafort, AR 22404",86730,2024-02-28,60205,probably character,1,828.78
8078,Kristen Oneal,"3366 Matthew Junctions Suite 224, Tarafort, AR 22404",86730,2024-02-28,91362,training force,3,640.29
8078,Kristen Oneal,"3366 Matthew Junctions Suite 224, Tarafort, AR 22404",86730,2024-02-28,46813,avoid loss,2,58.75
8078,Kristen Oneal,"3366 Matthew Junctions Suite 224, Tarafort, AR 22404",25791,2024-07-12,4080,reach physical,3,879.22
8078,Kristen Oneal,"3366 Matthew Junctions Suite 224, Tarafort, AR 22404",25791,2024-07-12,99677,game test,1,780.7
8078,Kristen Oneal,"3366 Matthew Junctions Suite 224, Tarafort, AR 22404",47807,2023-11-24,85138,same impact,4,638.88
8078,Kristen Oneal,"3366 Matthew Junctions Suite 224, Tarafort, AR 22404",19018,2024-07-21,93476,subject court,3,378.85
71121,Alejandra Gilbert,"12302 Chandler Shore Suite 488, Jacksonstad, IL 09808",59602,2024-10-10,91472,different state,5,513.47
71121,Alejandra Gilbert,"12302 Chandler Shore Suite 488, Jacksonstad, IL 09808",59602,2024-10-10,60947,front letter,4,793.46
71121,Alejandra Gilbert,"12302 Chandler Shore Suite 488, Jacksonstad, IL 09808",59602,2024-10-10,25217,case full,2,221.27
71121,Alejandra Gilbert,"12302 Chandler Shore Suite 488, Jacksonstad, IL 09808",40862,2024-06-19,22733,seat your,5,790.71
71121,Alejandra Gilbert,"12302 Chandler Shore Suite 488, Jacksonstad, IL 09808",40862,2024-06-19,22733,seat your,2,790.71
71121,Alejandra Gilbert,"12302 Chandler Shore Suite 488, Jacksonstad, IL 09808",40862,2024-06-19,24491,friend senior,5,785.53
93815,Eric Cox,"385 Osborne Pike, Lake Amanda, NV 33526",80991,2023-12-21,29940,cause here,4,967.4
93815,Eric Cox,"385 Osborne Pike, Lake Amanda, NV 33526",80991,2023-12-21,62762,amount seat,4,379.34
93815,Eric Cox,"385 Osborne Pike, Lake Amanda, NV 33526",80991,2023-12-21,65859,however group,2,565.77
93815,Eric Cox,"385 Osborne Pike, Lake Amanda, NV 33526",29922,2024-07-23,91362,training force,4,640.29
93815,Eric Cox,"385 Osborne Pike, Lake Amanda, NV 33526",29922,2024-07-23,66829,indicate glass,5,655.22
93815,Eric Cox,"385 Osborne Pike, Lake Amanda, NV 33526",29922,2024-07-23,67406,threat mission,1,181.57
93815,Eric Cox,"385 Osborne Pike, Lake Amanda, NV 33526",77326,2024-08-18,39680,wait phone,1,390.08
93815,Eric Cox,"385 Osborne Pike, Lake Amanda, NV 33526",77326,2024-08-18,66984,car data,4,115.17
17062,William Rice,"267 David Court, Savagechester, ND 36139",32864,2024-06-17,41230,church always,2,428.98
17062,William Rice,"267 David Court, Savagechester, ND 36139",32864,2024-06-17,62070,firm it,2,709.83
17062,William Rice,"267 David Court, Savagechester, ND 36139",32864,2024-06-17,31238,church interest,1,54.88
17062,William Rice,"267 David Court, Savagechester, ND 36139",95754,2024-02-04,99677,game test,1,780.7
17062,William Rice,"267 David Court, Savagechester, ND 36139",95754,2024-02-04,1025,against return,1,307.44
17062,William Rice,"267 David Court, Savagechester, ND 36139",95754,2024-02-04,53539,radio develop,1,458.26
17062,William Rice,"267 David Court, Savagechester, ND 36139",59608,2023-12-24,2235,senior work,1,871.17
17062,William Rice,"267 David Court, Savagechester, ND 36139",59608,2023-12-24,1025,against return,1,307.44
94760,Kaitlyn Thompson,"Unit 3447 Box 8277, DPO AE 07819",32868,2024-09-22,66986,stay away,5,171.66
94760,Kaitlyn Thompson,"Unit 3447 Box 8277, DPO AE 07819",85872,2024-08-02,70918,team clear,1,59.7
94760,Kaitlyn Thompson,"Unit 3447 Box 8277, DPO AE 07819",58216,2024-09-27,98176,single similar,5,698.81
94760,Kaitlyn Thompson,"Unit 3447 Box 8277, DPO AE 07819",58216,2024-09-27,27041,popular figure,2,483.9
94760,Kaitlyn Thompson,"Unit 3447 Box 8277, DPO AE 07819",58216,2024-09-27,87329,worker organization,3,990.26
94760,Kaitlyn Thompson,"Unit 3447 Box 8277, DPO AE 07819",82828,2023-11-09,99467,entire clear,1,168.62
94760,Kaitlyn Thompson,"Unit 3447 Box 8277, DPO AE 07819",88090,2024-06-03,31737,pull idea,4,700.12
62407,Mrs. Gina King,"217 Owens Crescent, Claudiashire, SC 30105",7773,2023-12-24,48648,some onto,3,35.31
62407,Mrs. Gina King,"217 Owens Crescent, Claudiashire, SC 30105",13268,2024-03-31,29940,cause here,4,967.4
62407,Mrs. Gina King,"217 Owens Crescent, Claudiashire, SC 30105",43237,2024-07-22,35618,now suddenly,1,725.87
62407,Mrs. Gina King,"217 Owens Crescent, Claudiashire, SC 30105",71229,2024-08-09,58821,yard identify,2,399.75
62407,Mrs. Gina King,"217 Owens Crescent, Claudiashire, SC 30105",71229,2024-08-09,67406,threat mission,2,181.57
62407,Mrs. Gina King,"217 Owens Crescent, Claudiashire, SC 30105",71229,2024-08-09,49358,west build,2,812.37
62407,Mrs. Gina King,"217 Owens Crescent, Claudiashire, SC 30105",84545,2024-08-12,4080,reach physical,5,879.22
55166,Cindy Hawkins,"272 Heather Forest Suite 299, Reyesland, KS 92883",80075,2024-03-02,44214,himself world,4,597.5
55166,Cindy Hawkins,"272 Heather Forest Suite 299, Reyesland, KS 92883",26097,2024-05-07,7628,call thought,3,671.06
55166,Cindy Hawkins,"272 Heather Forest Suite 299, Reyesland, KS 92883",26097,2024-05-07,64717,together system,3,136.24
47536,William Carter,"97991 White Mountains, Lambfort, MN 18137",8261,2024-03-12,39680,wait phone,1,390.08
47536,William Carter,"97991 White Mountains, Lambfort, MN 18137",8261,2024-03-12,87329,worker organization,2,990.26
47536,William Carter,"97991 White Mountains, Lambfort, MN 18137",8261,2024-03-12,3588,collection child,4,52.62
34574,Harold Diaz,"442 Brent Hill Suite 198, East Carrie, TX 46268",87638,2024-02-21,60205,probably character,2,828.78
34574,Harold Diaz,"442 Brent Hill Suite 198, East Carrie, TX 46268",87638,2024-02-21,35618,now suddenly,4,725.87
34574,Harold Diaz,"442 Brent Hill Suite 198, East Carrie, TX 46268",67527,2024-05-08,27975,make site,2,254.19
34574,Harold Diaz,"442 Brent Hill Suite 198, East Carrie, TX 46268",67527,2024-05-08,84855,fund account,4,216.8
34574,Harold Diaz,"442 Brent Hill Suite 198, East Carrie, TX 46268",67527,2024-05-08,31737,pull idea,2,700.12
34574,Harold Diaz,"442 Brent Hill Suite 198, East Carrie, TX 46268",91197,2023-12-02,3588,collection child,4,52.62
34574,Harold Diaz,"442 Brent Hill Suite 198, East Carrie, TX 46268",70362,2024-10-02,30480,area world,3,919.25
34574,Harold Diaz,"442 Brent Hill Suite 198, East Carrie, TX 46268",70362,2024-10-02,85138,same impact,2,638.88
34574,Harold Diaz,"442 Brent Hill Suite 198, East Carrie, TX 46268",49234,2024-02-01,53539,radio develop,4,458.26
42405,David Meyer,"96241 Dawn Lane, Smithmouth, NC 09730",73063,2024-02-06,13073,table after,4,92.97
42405,David Meyer,"96241 Dawn Lane, Smithmouth, NC 09730",51581,2024-07-12,88584,law within,4,851.28
48166,Brittney Saunders,"994 Samuel Valley, North Rachelview, ID 27046",568,2024-08-30,35618,now suddenly,1,725.87
48166,Brittney Saunders,"994 Samuel Valley, North Rachelview, ID 27046",568,2024-08-30,3436,he pattern,3,504.18
48166,Brittney Saunders,"994 Samuel Valley, North Rachelview, ID 27046",23079,2024-05-24,99677,game test,1,780.7
48166,Brittney Saunders,"994 Samuel Valley, North Rachelview, ID 27046",80476,2024-03-09,38980,light together,5,757.42
48166,Brittney Saunders,"994 Samuel Valley, North Rachelview, ID 27046",80476,2024-03-09,23504,may somebody,1,223.91
48166,Brittney Saunders,"994 Samuel Valley, North Rachelview, ID 27046",80476,2024-03-09,24491,friend senior,3,785.53
48166,Brittney Saunders,"994 Samuel Valley, North Rachelview, ID 27046",75205,2024-05-05,95733,south interview,5,259.25
87065,Sharon Daugherty,"78199 Thomas Lodge Apt. 805, North Katherinetown, OH 34044",87875,2024-01-05,22733,seat your,4,790.71
87065,Sharon Daugherty,"78199 Thomas Lodge Apt. 805, North Katherinetown, OH 34044",87875,2024-01-05,84855,fund account,1,216.8
87065,Sharon Daugherty,"78199 Thomas Lodge Apt. 805, North Katherinetown, OH 34044",87875,2024-01-05,66984,car data,4,115.17
87065,Sharon Daugherty,"78199 Thomas Lodge Apt. 805, North Katherinetown, OH 34044",57213,2024-09-11,22733,seat your,3,790.71
87065,Sharon Daugherty,"78199 Thomas Lodge Apt. 805, North Katherinetown, OH 34044",57213,2024-09-11,30630,share particularly,3,646.96
87065,Sharon Daugherty,"78199 Thomas Lodge Apt. 805, North Katherinetown, OH 34044",57213,2024-09-11,41078,break of,1,395.12
49505,Shaun Jimenez,"6149 Brown Gardens Apt. 061, Rodriguezstad, RI 87065",45702,2024-05-22,83277,west western,4,882.67
49505,Shaun Jimenez,"6149 Brown Gardens Apt. 061, Rodriguezstad, RI 87065",45702,2024-05-22,49358,west build,3,812.37
49505,Shaun Jimenez,"6149 Brown Gardens Apt. 061, Rodriguezstad, RI 87065",19336,2024-08-03,13073,table after,3,92.97
49505,Shaun Jimenez,"6149 Brown Gardens Apt. 061, Rodriguezstad, RI 87065",19336,2024-08-03,30630,share particularly,4,646.96
49505,Shaun Jimenez,"6149 Brown Gardens Apt. 061, Rodriguezstad, RI 87065",86633,2023-11-19,12041,most easy,5,550.4
49505,Shaun Jimenez,"6149 Brown Gardens Apt. 061, Rodriguezstad, RI 87065",86633,2023-11-19,4459,admit measure,4,737.28
66113,Phillip Austin,"0362 Kevin Trafficway, Erikachester, KY 63180",78262,2024-03-31,39680,wait phone,2,390.08
66113,Phillip Austin,"0362 Kevin Trafficway, Erikachester, KY 63180",71093,2024-06-03,23504,may somebody,5,223.91
66113,Phillip Austin,"0362 Kevin Trafficway, Erikachester, KY 63180",45620,2023-11-14,88584,law within,4,851.28
66113,Phillip Austin,"0362 Kevin Trafficway, Erikachester, KY 63180",45620,2023-11-14,13073,table after,3,92.97
66113,Phillip Austin,"0362 Kevin Trafficway, Erikachester, KY 63180",45620,2023-11-14,37534,dark few,2,290.77
66113,Phillip Austin,"0362 Kevin Trafficway, Erikachester, KY 63180",46154,2024-03-24,35618,now suddenly,1,725.87
66113,Phillip Austin,"0362 Kevin Trafficway, Erikachester, KY 63180",36922,2024-03-26,70166,let candidate,2,337.72
66113,Phillip Austin,"0362 Kevin Trafficway, Erikachester, KY 63180",36922,2024-03-26,12041,most easy,2,550.4
66113,Phillip Austin,"0362 Kevin Trafficway, Erikachester, KY 63180",36922,2024-03-26,39707,record give,1,271.2
40739,Jeremy Martin,"2251 Edwin Squares Suite 068, Freemanton, NY 04289",51848,2024-08-05,38257,few trade,1,712.15
40739,Jeremy Martin,"2251 Edwin Squares Suite 068, Freemanton, NY 04289",84822,2024-04-10,3436,he pattern,3,504.18
40739,Jeremy Martin,"2251 Edwin Squares Suite 068, Freemanton, NY 04289",37417,2023-12-29,68778,rule deal,4,111.08
40739,Jeremy Martin,"2251 Edwin Squares Suite 068, Freemanton, NY 04289",37417,2023-12-29,99467,entire clear,4,168.62
40739,Jeremy Martin,"2251 Edwin Squares Suite 068, Freemanton, NY 04289",37417,2023-12-29,49358,west build,5,812.37
40739,Jeremy Martin,"2251 Edwin Squares Suite 068, Freemanton, NY 04289",3133,2024-06-04,92810,citizen dream,3,876.79
40739,Jeremy Martin,"2251 Edwin Squares Suite 068, Freemanton, NY 04289",3133,2024-06-04,59794,economic power,4,146.78
93746,Brenda Roberts,"182 Frank Plains, Leeland, NE 57801",49434,2024-06-10,41230,church always,4,428.98
93746,Brenda Roberts,"182 Frank Plains, Leeland, NE 57801",96725,2024-01-16,2235,senior work,2,871.17
93746,Brenda Roberts,"182 Frank Plains, Leeland, NE 57801",10955,2024-08-27,13189,store daughter,4,150.25
93746,Brenda Roberts,"182 Frank Plains, Leeland, NE 57801",80900,2024-07-03,99467,entire clear,3,168.62
93746,Brenda Roberts,"182 Frank Plains, Leeland, NE 57801",80900,2024-07-03,62335,man series,1,619.45
93746,Brenda Roberts,"182 Frank Plains, Leeland, NE 57801",80900,2024-07-03,65859,however group,4,565.77
49083,Lindsay Boyd,"7049 Boone Forks Suite 450, Peterberg, NJ 77709",67237,2024-03-22,38257,few trade,2,712.15
49083,Lindsay Boyd,"7049 Boone Forks Suite 450, Peterberg, NJ 77709",67237,2024-03-22,65859,however group,3,565.77
49083,Lindsay Boyd,"7049 Boone Forks Suite 450, Peterberg, NJ 77709",67237,2024-03-22,64717,together system,5,136.24
49083,Lindsay Boyd,"7049 Boone Forks Suite 450, Peterberg, NJ 77709",76381,2024-10-20,58821,yard identify,4,399.75
49083,Lindsay Boyd,"7049 Boone Forks Suite 450, Peterberg, NJ 77709",76381,2024-10-20,4459,admit measure,4,737.28
49083,Lindsay Boyd,"7049 Boone Forks Suite 450, Peterberg, NJ 77709",76381,2024-10-20,39680,wait phone,2,390.08
49083,Lindsay Boyd,"7049 Boone Forks Suite 450, Peterberg, NJ 77709",61360,2024-03-07,62335,man series,5,619.45
49083,Lindsay Boyd,"7049 Boone Forks Suite 450, Peterberg, NJ 77709",45417,2024-07-17,49358,west build,2,812.37
49083,Lindsay Boyd,"7049 Boone Forks Suite 450, Peterberg, NJ 77709",45417,2024-07-17,89010,state since,1,773.88
49083,Lindsay Boyd,"7049 Boone Forks Suite 450, Peterberg, NJ 77709",45417,2024-07-17,37534,dark few,5,290.77
65238,Kathleen Stephens,"Unit 7043 Box 0331, DPO AA 49199",5646,2024-06-13,39680,wait phone,2,390.08
65238,Kathleen Stephens,"Unit 7043 Box 0331, DPO AA 49199",35915,2024-01-09,37534,dark few,2,290.77
65238,Kathleen Stephens,"Unit 7043 Box 0331, DPO AA 49199",35915,2024-01-09,41078,break of,4,395.12
3359,Lisa Douglas,"64416 Erika Motorway Suite 399, North Brandonborough, GA 39360",98788,2024-01-03,95733,south interview,3,259.25
3359,Lisa Douglas,"64416 Erika Motorway Suite 399, North Brandonborough, GA 39360",98788,2024-01-03,46813,avoid loss,1,58.75
3359,Lisa Douglas,"64416 Erika Motorway Suite 399, North Brandonborough, GA 39360",48861,2024-05-25,91362,training force,2,640.29
3359,Lisa Douglas,"64416 Erika Motorway Suite 399, North Brandonborough, GA 39360",48861,2024-05-25,62762,amount seat,1,379.34
3359,Lisa Douglas,"64416 Erika Motorway Suite 399, North Brandonborough, GA 39360",48861,2024-05-25,75590,fill condition,1,803.04
3359,Lisa Douglas,"64416 Erika Motorway Suite 399, North Brandonborough, GA 39360",36132,2024-04-11,91472,different state,1,513.47
3359,Lisa Douglas,"64416 Erika Motorway Suite 399, North Brandonborough, GA 39360",36132,2024-04-11,38980,light together,3,757.42
3359,Lisa Douglas,"64416 Erika Motorway Suite 399, North Brandonborough, GA 39360",62752,2024-03-08,83277,west western,2,882.67
73774,Aaron Decker,"2187 Shelby Creek, New Charleston, AS 51790",33363,2024-02-22,84927,team allow,5,332.14
73774,Aaron Decker,"2187 Shelby Creek, New Charleston, AS 51790",88137,2024-09-21,93476,subject court,5,378.85
73774,Aaron Decker,"2187 Shelby Creek, New Charleston, AS 51790",88137,2024-09-21,23419,represent which,5,615.92
73774,Aaron Decker,"2187 Shelby Creek, New Charleston, AS 51790",29561,2024-09-22,62070,firm it,4,709.83
73774,Aaron Decker,"2187 Shelby Creek, New Charleston, AS 51790",29561,2024-09-22,66986,stay away,1,171.66
73774,Aaron Decker,"2187 Shelby Creek, New Charleston, AS 51790",29561,2024-09-22,35577,tough no,5,41.98
721,Jennifer Atkins,"56000 Terry Road, Wallaceton, UT 92320",44187,2024-09-18,35618,now suddenly,1,725.87
721,Jennifer Atkins,"56000 Terry Road, Wallaceton, UT 92320",19869,2024-05-12,2649,themselves person,2,382.08
721,Jennifer Atkins,"56000 Terry Road, Wallaceton, UT 92320",19869,2024-05-12,62762,amount seat,4,379.34
721,Jennifer Atkins,"56000 Terry Road, Wallaceton, UT 92320",19869,2024-05-12,83028,impact reach,2,880.32
721,Jennifer Atkins,"56000 Terry Road, Wallaceton, UT 92320",28970,2024-05-14,22733,seat your,3,790.71
721,Jennifer Atkins,"56000 Terry Road, Wallaceton, UT 92320",28970,2024-05-14,59794,economic power,2,146.78
721,Jennifer Atkins,"56000 Terry Road, Wallaceton, UT 92320",28970,2024-05-14,62070,firm it,4,709.83
22969,Matthew Carr,"PSC 8673, Box 3619, APO AA 57992",47728,2024-08-29,4361,follow it,3,328.54
22969,Matthew Carr,"PSC 8673, Box 3619, APO AA 57992",5399,2024-06-20,20230,maintain finish,3,37.39
22969,Matthew Carr,"PSC 8673, Box 3619, APO AA 57992",5399,2024-06-20,35577,tough no,5,41.98
22969,Matthew Carr,"PSC 8673, Box 3619, APO AA 57992",39662,2024-01-13,13073,table after,1,92.97
22969,Matthew Carr,"PSC 8673, Box 3619, APO AA 57992",66373,2023-12-15,29940,cause here,1,967.4
22969,Matthew Carr,"PSC 8673, Box 3619, APO AA 57992",66373,2023-12-15,70918,team clear,1,59.7
80132,Seth Mendez,"USCGC Gould, FPO AP 63804",42520,2024-05-21,35618,now suddenly,5,725.87
80132,Seth Mendez,"USCGC Gould, FPO AP 63804",25384,2024-06-30,35577,tough no,5,41.98
80132,Seth Mendez,"USCGC Gould, FPO AP 63804",25384,2024-06-30,99677,game test,3,780.7
80132,Seth Mendez,"USCGC Gould, FPO AP 63804",25384,2024-06-30,37534,dark few,1,290.77
80132,Seth Mendez,"USCGC Gould, FPO AP 63804",12292,2024-04-03,46813,avoid loss,3,58.75
80132,Seth Mendez,"USCGC Gould, FPO AP 63804",33581,2024-03-21,62170,choice compare,3,506.51
80132,Seth Mendez,"USCGC Gould, FPO AP 63804",33581,2024-03-21,89010,state since,1,773.88
80132,Seth Mendez,"USCGC Gould, FPO AP 63804",65227,2023-11-27,3588,collection child,1,52.62
80132,Seth Mendez,"USCGC Gould, FPO AP 63804",65227,2023-11-27,66986,stay away,1,171.66
63439,Heidi Aguilar,"26618 Rebecca Square Suite 906, Joshuaview, VI 22365",40331,2023-12-10,70918,team clear,5,59.7
63439,Heidi Aguilar,"26618 Rebecca Square Suite 906, Joshuaview, VI 22365",40331,2023-12-10,9991,each edge,1,185.47
63439,Heidi Aguilar,"26618 Rebecca Square Suite 906, Joshuaview, VI 22365",40331,2023-12-10,91472,different state,3,513.47
63439,Heidi Aguilar,"26618 Rebecca Square Suite 906, Joshuaview, VI 22365",80653,2024-07-31,85138,same impact,1,638.88
63439,Heidi Aguilar,"26618 Rebecca Square Suite 906, Joshuaview, VI 22365",80653,2024-07-31,9991,each edge,1,185.47
33181,Jeremy Perkins,"2074 Bennett Alley, Yvettemouth, SC 88822",66356,2024-03-12,35577,tough no,3,41.98
33181,Jeremy Perkins,"2074 Bennett Alley, Yvettemouth, SC 88822",34027,2024-09-21,91362,training force,4,640.29
33181,Jeremy Perkins,"2074 Bennett Alley, Yvettemouth, SC 88822",34027,2024-09-21,77235,low nor,5,31.54
33181,Jeremy Perkins,"2074 Bennett Alley, Yvettemouth, SC 88822",45897,2023-11-19,35618,now suddenly,2,725.87
33181,Jeremy Perkins,"2074 Bennett Alley, Yvettemouth, SC 88822",45897,2023-11-19,27041,popular figure,2,483.9
33181,Jeremy Perkins,"2074 Bennett Alley, Yvettemouth, SC 88822",45897,2023-11-19,22733,seat your,1,790.71
33181,Jeremy Perkins,"2074 Bennett Alley, Yvettemouth, SC 88822",48876,2023-12-06,23419,represent which,1,615.92
33181,Jeremy Perkins,"2074 Bennett Alley, Yvettemouth, SC 88822",48876,2023-12-06,285,provide friend,5,162.6
33181,Jeremy Perkins,"2074 Bennett Alley, Yvettemouth, SC 88822",48876,2023-12-06,35740,fly catch,5,408.16
33181,Jeremy Perkins,"2074 Bennett Alley, Yvettemouth, SC 88822",40568,2024-07-21,84855,fund account,2,216.8
33181,Jeremy Perkins,"2074 Bennett Alley, Yvettemouth, SC 88822",40568,2024-07-21,60947,front letter,1,793.46
33181,Jeremy Perkins,"2074 Bennett Alley, Yvettemouth, SC 88822",40568,2024-07-21,60947,front letter,1,793.46
22601,Brittany Walton,"286 Smith Overpass, West Anthony, AL 51912",73165,2024-04-01,57048,central finish,5,349.0
22601,Brittany Walton,"286 Smith Overpass, West Anthony, AL 51912",73165,2024-04-01,58821,yard identify,1,399.75
22601,Brittany Walton,"286 Smith Overpass, West Anthony, AL 51912",73165,2024-04-01,66829,indicate glass,1,655.22
22601,Brittany Walton,"286 Smith Overpass, West Anthony, AL 51912",20297,2024-03-22,3588,collection child,5,52.62
22601,Brittany Walton,"286 Smith Overpass, West Anthony, AL 51912",20297,2024-03-22,5537,why day,2,432.56
22601,Brittany Walton,"286 Smith Overpass, West Anthony, AL 51912",68872,2024-09-18,84855,fund account,2,216.8
22601,Brittany Walton,"286 Smith Overpass, West Anthony, AL 51912",68872,2024-09-18,13892,son how,4,889.57
22601,Brittany Walton,"286 Smith Overpass, West Anthony, AL 51912",68872,2024-09-18,10729,hotel degree,5,800.46
22601,Brittany Walton,"286 Smith Overpass, West Anthony, AL 51912",16514,2024-03-23,98176,single similar,4,698.81
22601,Brittany Walton,"286 Smith Overpass, West Anthony, AL 51912",16514,2024-03-23,23504,may somebody,3,223.91
1617,Amy Shaw,"759 Vanessa Grove, West Dawn, UT 14455",55662,2024-04-05,27975,make site,1,254.19
1617,Amy Shaw,"759 Vanessa Grove, West Dawn, UT 14455",55662,2024-04-05,27975,make site,5,254.19
1617,Amy Shaw,"759 Vanessa Grove, West Dawn, UT 14455",55662,2024-04-05,74698,activity both,3,912.19
1617,Amy Shaw,"759 Vanessa Grove, West Dawn, UT 14455",78279,2023-12-09,3588,collection child,2,52.62
1617,Amy Shaw,"759 Vanessa Grove, West Dawn, UT 14455",78279,2023-12-09,79139,administration success,1,378.98
1617,Amy Shaw,"759 Vanessa Grove, West Dawn, UT 14455",78279,2023-12-09,5537,why day,2,432.56
67703,Brian Reyes,"232 Amanda Shores Suite 205, Cardenasland, OH 84309",56219,2024-06-26,84855,fund account,1,216.8
67703,Brian Reyes,"232 Amanda Shores Suite 205, Cardenasland, OH 84309",56219,2024-06-26,2649,themselves person,3,382.08
67703,Brian Reyes,"232 Amanda Shores Suite 205, Cardenasland, OH 84309",67878,2023-10-24,59794,economic power,1,146.78
78385,Kimberly Nguyen,"966 Antonio Cove, West Heather, NV 78714",8848,2023-10-27,83028,impact reach,3,880.32
78385,Kimberly Nguyen,"966 Antonio Cove, West Heather, NV 78714",8848,2023-10-27,41230,church always,1,428.98
78385,Kimberly Nguyen,"966 Antonio Cove, West Heather, NV 78714",8848,2023-10-27,87329,worker organization,2,990.26
78385,Kimberly Nguyen,"966 Antonio Cove, West Heather, NV 78714",64909,2024-09-21,57048,central finish,2,349.0
78385,Kimberly Nguyen,"966 Antonio Cove, West Heather, NV 78714",64909,2024-09-21,99467,entire clear,4,168.62
78385,Kimberly Nguyen,"966 Antonio Cove, West Heather, NV 78714",64909,2024-09-21,31238,church interest,3,54.88
78385,Kimberly Nguyen,"966 Antonio Cove, West Heather, NV 78714",6834,2023-12-29,66223,specific serious,5,763.48
78385,Kimberly Nguyen,"966 Antonio Cove, West Heather, NV 78714",93294,2023-11-09,9868,reduce first,4,882.4
78385,Kimberly Nguyen,"966 Antonio Cove, West Heather, NV 78714",81532,2024-04-01,2235,senior work,5,871.17
78385,Kimberly Nguyen,"966 Antonio Cove, West Heather, NV 78714",81532,2024-04-01,68778,rule deal,4,111.08
80721,Devon Perez,"459 Keith Place, South Jacqueline, FM 31564",30418,2024-06-26,4361,follow it,1,328.54
80721,Devon Perez,"459 Keith Place, South Jacqueline, FM 31564",30418,2024-06-26,35618,now suddenly,5,725.87
31562,Mary Harris,"2770 Dawn Islands Apt. 475, New Stevenmouth, NY 37440",29735,2024-09-06,70552,blood sister,4,901.46
31562,Mary Harris,"2770 Dawn Islands Apt. 475, New Stevenmouth, NY 37440",47785,2023-11-04,39680,wait phone,1,390.08
68256,Jacob Oconnor,"86797 Walter Burgs, Thompsonton, NY 97616",87837,2024-08-18,91472,different state,5,513.47
68256,Jacob Oconnor,"86797 Walter Burgs, Thompsonton, NY 97616",87837,2024-08-18,62170,choice compare,4,506.51
12962,Karen Perez,"6066 Margaret Street Suite 971, West Eric, WA 10236",22612,2024-10-19,70552,blood sister,4,901.46
12962,Karen Perez,"6066 Margaret Street Suite 971, West Eric, WA 10236",22612,2024-10-19,10729,hotel degree,4,800.46
12962,Karen Perez,"6066 Margaret Street Suite 971, West Eric, WA 10236",3141,2023-11-11,66984,car data,3,115.17
12962,Karen Perez,"6066 Margaret Street Suite 971, West Eric, WA 10236",3141,2023-11-11,44214,himself world,4,597.5
12962,Karen Perez,"6066 Margaret Street Suite 971, West Eric, WA 10236",3141,2023-11-11,285,provide friend,1,162.6
83880,Mr. Andrew Parker,"4698 Michael Glens Apt. 407, West Jennifermouth, AR 00667",60356,2024-04-24,93476,subject court,5,378.85
83880,Mr. Andrew Parker,"4698 Michael Glens Apt. 407, West Jennifermouth, AR 00667",60356,2024-04-24,66223,specific serious,4,763.48
83880,Mr. Andrew Parker,"4698 Michael Glens Apt. 407, West Jennifermouth, AR 00667",60356,2024-04-24,60947,front letter,5,793.46
83880,Mr. Andrew Parker,"4698 Michael Glens Apt. 407, West Jennifermouth, AR 00667",85762,2023-11-16,39680,wait phone,3,390.08
83880,Mr. Andrew Parker,"4698 Michael Glens Apt. 407, West Jennifermouth, AR 00667",85762,2023-11-16,68778,rule deal,1,111.08
83880,Mr. Andrew Parker,"4698 Michael Glens Apt. 407, West Jennifermouth, AR 00667",54474,2023-10-24,78574,pretty little,4,275.46
83880,Mr. Andrew Parker,"4698 Michael Glens Apt. 407, West Jennifermouth, AR 00667",61677,2024-04-24,57048,central finish,5,349.0
83880,Mr. Andrew Parker,"4698 Michael Glens Apt. 407, West Jennifermouth, AR 00667",61677,2024-04-24,38980,light together,3,757.42
86251,Larry Hodges,"9932 Yates Glens Suite 211, Derrickside, VI 37475",78526,2024-02-08,35618,now suddenly,3,725.87
86251,Larry Hodges,"9932 Yates Glens Suite 211, Derrickside, VI 37475",98641,2024-06-16,4361,follow it,4,328.54
86251,Larry Hodges,"9932 Yates Glens Suite 211, Derrickside, VI 37475",98641,2024-06-16,37534,dark few,4,290.77
86251,Larry Hodges,"9932 Yates Glens Suite 211, Derrickside, VI 37475",89219,2024-03-26,13189,store daughter,3,150.25
86251,Larry Hodges,"9932 Yates Glens Suite 211, Derrickside, VI 37475",89219,2024-03-26,35618,now suddenly,2,725.87
86251,Larry Hodges,"9932 Yates Glens Suite 211, Derrickside, VI 37475",72896,2024-08-05,3588,collection child,5,52.62
86251,Larry Hodges,"9932 Yates Glens Suite 211, Derrickside, VI 37475",72896,2024-08-05,38257,few trade,2,712.15
86251,Larry Hodges,"9932 Yates Glens Suite 211, Derrickside, VI 37475",72896,2024-08-05,95733,south interview,2,259.25
3115,Shirley Bates,"3063 Cheryl Square Apt. 838, South Philliptown, NV 04470",70859,2024-06-10,12041,most easy,5,550.4
3115,Shirley Bates,"3063 Cheryl Square Apt. 838, South Philliptown, NV 04470",70859,2024-06-10,62070,firm it,3,709.83
3115,Shirley Bates,"3063 Cheryl Square Apt. 838, South Philliptown, NV 04470",63641,2023-12-12,87329,worker organization,3,990.26
3115,Shirley Bates,"3063 Cheryl Square Apt. 838, South Philliptown, NV 04470",63641,2023-12-12,285,provide friend,4,162.6
3115,Shirley Bates,"3063 Cheryl Square Apt. 838, South Philliptown, NV 04470",50691,2024-05-21,99677,game test,5,780.7
3115,Shirley Bates,"3063 Cheryl Square Apt. 838, South Philliptown, NV 04470",24133,2024-10-10,75590,fill condition,5,803.04
3115,Shirley Bates,"3063 Cheryl Square Apt. 838, South Philliptown, NV 04470",24133,2024-10-10,44518,build society,3,303.04
24342,Maria Howard,"330 Garcia Mission Apt. 994, Sarahfort, VI 05030",30131,2024-03-14,95733,south interview,3,259.25
24342,Maria Howard,"330 Garcia Mission Apt. 994, Sarahfort, VI 05030",14581,2024-07-06,27975,make site,5,254.19
24342,Maria Howard,"330 Garcia Mission Apt. 994, Sarahfort, VI 05030",14581,2024-07-06,98176,single similar,3,698.81
24342,Maria Howard,"330 Garcia Mission Apt. 994, Sarahfort, VI 05030",9237,2024-07-07,39680,wait phone,5,390.08
24342,Maria Howard,"330 Garcia Mission Apt. 994, Sarahfort, VI 05030",9237,2024-07-07,87329,worker organization,4,990.26
73762,Brett Thompson,"6736 Proctor Fort, Rebeccaville, WI 35548",53369,2024-09-02,10729,hotel degree,3,800.46
73762,Brett Thompson,"6736 Proctor Fort, Rebeccaville, WI 35548",53369,2024-09-02,62762,amount seat,3,379.34
73762,Brett Thompson,"6736 Proctor Fort, Rebeccaville, WI 35548",77593,2023-12-25,9991,each edge,3,185.47
73762,Brett Thompson,"6736 Proctor Fort, Rebeccaville, WI 35548",77593,2023-12-25,62762,amount seat,4,379.34
73762,Brett Thompson,"6736 Proctor Fort, Rebeccaville, WI 35548",77593,2023-12-25,95733,south interview,5,259.25
73762,Brett Thompson,"6736 Proctor Fort, Rebeccaville, WI 35548",49337,2023-12-23,4080,reach physical,3,879.22
43099,Morgan Jordan,"443 Douglas Point Apt. 582, Lake Jasonfurt, MT 54223",71637,2024-03-10,41230,church always,2,428.98
43340,Jennifer Jackson,"92602 Brenda Harbors Suite 500, North Christinaberg, FL 95797",8169,2024-05-09,70918,team clear,2,59.7
43340,Jennifer Jackson,"92602 Brenda Harbors Suite 500, North Christinaberg, FL 95797",8169,2024-05-09,35740,fly catch,1,408.16
2365,Jason Clark,"28423 Shannon Mills, Alexandrahaven, NE 44074",31105,2024-01-10,74698,activity both,3,912.19
2365,Jason Clark,"28423 Shannon Mills, Alexandrahaven, NE 44074",31105,2024-01-10,62762,amount seat,5,379.34
2365,Jason Clark,"28423 Shannon Mills, Alexandrahaven, NE 44074",94629,2024-03-31,66984,car data,3,115.17
35062,Michael Lam,"99356 Miller Knolls Apt. 568, Lambertside, WY 77132",8628,2024-09-24,87329,worker organization,3,990.26
35062,Michael Lam,"99356 Miller Knolls Apt. 568, Lambertside, WY 77132",8628,2024-09-24,70552,blood sister,4,901.46
35062,Michael Lam,"99356 Miller Knolls Apt. 568, Lambertside, WY 77132",8628,2024-09-24,30480,area world,1,919.25
78143,James Carter,"698 Ryan Mountain, Harperside, LA 34941",93739,2024-05-08,49358,west build,4,812.37
78143,James Carter,"698 Ryan Mountain, Harperside, LA 34941",93739,2024-05-08,23504,may somebody,2,223.91
18910,Sarah Myers,"9412 Gilbert Parks, New Melvin, MN 14161",78796,2024-07-05,59794,economic power,2,146.78
18910,Sarah Myers,"9412 Gilbert Parks, New Melvin, MN 14161",78796,2024-07-05,66984,car data,2,115.17
18910,Sarah Myers,"9412 Gilbert Parks, New Melvin, MN 14161",78796,2024-07-05,14861,social ahead,1,118.94
18910,Sarah Myers,"9412 Gilbert Parks, New Melvin, MN 14161",76975,2024-04-07,84855,fund account,4,216.8
18910,Sarah Myers,"9412 Gilbert Parks, New Melvin, MN 14161",76975,2024-04-07,37534,dark few,2,290.77
18910,Sarah Myers,"9412 Gilbert Parks, New Melvin, MN 14161",42374,2023-10-27,57048,central finish,3,349.0
18910,Sarah Myers,"9412 Gilbert Parks, New Melvin, MN 14161",42374,2023-10-27,66984,car data,1,115.17
18910,Sarah Myers,"9412 Gilbert Parks, New Melvin, MN 14161",71619,2024-04-01,1025,against return,1,307.44
18910,Sarah Myers,"9412 Gilbert Parks, New Melvin, MN 14161",71619,2024-04-01,62170,choice compare,4,506.51
18910,Sarah Myers,"9412 Gilbert Parks, New Melvin, MN 14161",71619,2024-04-01,62335,man series,2,619.45
18910,Sarah Myers,"9412 Gilbert Parks, New Melvin, MN 14161",14165,2024-05-31,75590,fill condition,5,803.04
18910,Sarah Myers,"9412 Gilbert Parks, New Melvin, MN 14161",14165,2024-05-31,4080,reach physical,5,879.22
61830,Dr. Jack Diaz PhD,"8398 Gonzalez View Apt. 344, Clarkshire, ND 92602",86762,2024-04-07,60205,probably character,2,828.78
61830,Dr. Jack Diaz PhD,"8398 Gonzalez View Apt. 344, Clarkshire, ND 92602",86762,2024-04-07,84927,team allow,2,332.14
61830,Dr. Jack Diaz PhD,"8398 Gonzalez View Apt. 344, Clarkshire, ND 92602",86762,2024-04-07,4459,admit measure,4,737.28
61830,Dr. Jack Diaz PhD,"8398 Gonzalez View Apt. 344, Clarkshire, ND 92602",81438,2023-11-24,37001,draw beyond,1,478.75
61830,Dr. Jack Diaz PhD,"8398 Gonzalez View Apt. 344, Clarkshire, ND 92602",81438,2023-11-24,3436,he pattern,4,504.18
61830,Dr. Jack Diaz PhD,"8398 Gonzalez View Apt. 344, Clarkshire, ND 92602",81438,2023-11-24,22733,seat your,2,790.71
84959,Curtis Barnes,"363 Ballard Streets, Collinsmouth, ME 93999",76710,2024-01-28,4459,admit measure,3,737.28
84959,Curtis Barnes,"363 Ballard Streets, Collinsmouth, ME 93999",83992,2024-09-28,5537,why day,1,432.56
84959,Curtis Barnes,"363 Ballard Streets, Collinsmouth, ME 93999",83992,2024-09-28,65859,however group,4,565.77
84959,Curtis Barnes,"363 Ballard Streets, Collinsmouth, ME 93999",83992,2024-09-28,30630,share particularly,4,646.96
84959,Curtis Barnes,"363 Ballard Streets, Collinsmouth, ME 93999",89347,2024-04-09,77235,low nor,4,31.54
96076,Julia Berg,"48955 Fields Light, Williamburgh, CT 07199",80963,2024-08-30,24491,friend senior,5,785.53
96076,Julia Berg,"48955 Fields Light, Williamburgh, CT 07199",80963,2024-08-30,60947,front letter,3,793.46
96076,Julia Berg,"48955 Fields Light, Williamburgh, CT 07199",80963,2024-08-30,60947,front letter,1,793.46
53200,Bryce King,"USS Cruz, FPO AE 02853",59025,2024-08-21,4459,admit measure,4,737.28
53200,Bryce King,"USS Cruz, FPO AE 02853",59025,2024-08-21,38980,light together,1,757.42
53200,Bryce King,"USS Cruz, FPO AE 02853",79074,2024-10-21,67406,threat mission,5,181.57
53200,Bryce King,"USS Cruz, FPO AE 02853",78124,2024-07-15,53539,radio develop,2,458.26
53200,Bryce King,"USS Cruz, FPO AE 02853",82129,2024-07-12,74698,activity both,4,912.19
53200,Bryce King,"USS Cruz, FPO AE 02853",82129,2024-07-12,67406,threat mission,3,181.57
21478,James Mays,"5247 Johnson Station, Lake Aliciamouth, VI 65219",92225,2024-08-18,48648,some onto,3,35.31
21478,James Mays,"5247 Johnson Station, Lake Aliciamouth, VI 65219",92225,2024-08-18,91241,Republican police,5,442.29
21478,James Mays,"5247 Johnson Station, Lake Aliciamouth, VI 65219",92225,2024-08-18,38980,light together,2,757.42
21478,James Mays,"5247 Johnson Station, Lake Aliciamouth, VI 65219",10408,2024-01-08,35577,tough no,4,41.98
21478,James Mays,"5247 Johnson Station, Lake Aliciamouth, VI 65219",79740,2024-05-13,30480,area world,4,919.25
21478,James Mays,"5247 Johnson Station, Lake Aliciamouth, VI 65219",79740,2024-05-13,62070,firm it,4,709.83
21478,James Mays,"5247 Johnson Station, Lake Aliciamouth, VI 65219",76776,2023-12-30,73670,government leg,3,838.01
92993,Thomas Ferguson,"6796 Ronald Glen, Andersonberg, NM 86108",69767,2024-08-07,84855,fund account,3,216.8
92993,Thomas Ferguson,"6796 Ronald Glen, Andersonberg, NM 86108",69767,2024-08-07,10729,hotel degree,4,800.46
92993,Thomas Ferguson,"6796 Ronald Glen, Andersonberg, NM 86108",5388,2023-12-26,23504,may somebody,4,223.91
12251,Timothy Carney,"676 Quinn Park Apt. 693, Port Oscar, MD 11881",2084,2024-03-23,24491,friend senior,3,785.53
12251,Timothy Carney,"676 Quinn Park Apt. 693, Port Oscar, MD 11881",2084,2024-03-23,67406,threat mission,1,181.57
12251,Timothy Carney,"676 Quinn Park Apt. 693, Port Oscar, MD 11881",2084,2024-03-23,95733,south interview,3,259.25
12251,Timothy Carney,"676 Quinn Park Apt. 693, Port Oscar, MD 11881",73825,2024-04-20,3588,collection child,1,52.62
12251,Timothy Carney,"676 Quinn Park Apt. 693, Port Oscar, MD 11881",73825,2024-04-20,57048,central finish,1,349.0
12251,Timothy Carney,"676 Quinn Park Apt. 693, Port Oscar, MD 11881",73825,2024-04-20,37534,dark few,4,290.77
12251,Timothy Carney,"676 Quinn Park Apt. 693, Port Oscar, MD 11881",97641,2024-01-21,37001,draw beyond,5,478.75
12251,Timothy Carney,"676 Quinn Park Apt. 693, Port Oscar, MD 11881",97641,2024-01-21,66984,car data,1,115.17
9169,Darren Castro,"045 Victoria Circles, West Davidtown, MO 88211",62531,2024-01-30,70552,blood sister,4,901.46
9169,Darren Castro,"045 Victoria Circles, West Davidtown, MO 88211",92989,2024-02-09,2235,senior work,3,871.17
9169,Darren Castro,"045 Victoria Circles, West Davidtown, MO 88211",92989,2024-02-09,9868,reduce first,3,882.4
9169,Darren Castro,"045 Victoria Circles, West Davidtown, MO 88211",77060,2024-04-13,5537,why day,3,432.56
9169,Darren Castro,"045 Victoria Circles, West Davidtown, MO 88211",77060,2024-04-13,2649,themselves person,3,382.08
9169,Darren Castro,"045 Victoria Circles, West Davidtown, MO 88211",77060,2024-04-13,84927,team allow,4,332.14
9169,Darren Castro,"045 Victoria Circles, West Davidtown, MO 88211",22564,2024-02-12,9991,each edge,2,185.47
9169,Darren Castro,"045 Victoria Circles, West Davidtown, MO 88211",22564,2024-02-12,88584,law within,1,851.28
9169,Darren Castro,"045 Victoria Circles, West Davidtown, MO 88211",22564,2024-02-12,53539,radio develop,5,458.26
13164,Jacob Baker,"45790 Harris Trace Apt. 584, Johnfort, VA 42979",6671,2024-04-29,83277,west western,4,882.67
13164,Jacob Baker,"45790 Harris Trace Apt. 584, Johnfort, VA 42979",6671,2024-04-29,1025,against return,5,307.44
13164,Jacob Baker,"45790 Harris Trace Apt. 584, Johnfort, VA 42979",86367,2024-09-26,2649,themselves person,1,382.08
13164,Jacob Baker,"45790 Harris Trace Apt. 584, Johnfort, VA 42979",48585,2024-09-14,13189,store daughter,5,150.25
13164,Jacob Baker,"45790 Harris Trace Apt. 584, Johnfort, VA 42979",48585,2024-09-14,7628,call thought,5,671.06
13164,Jacob Baker,"45790 Harris Trace Apt. 584, Johnfort, VA 42979",53979,2024-02-24,39680,wait phone,4,390.08
13164,Jacob Baker,"45790 Harris Trace Apt. 584, Johnfort, VA 42979",53979,2024-02-24,65859,however group,1,565.77
13164,Jacob Baker,"45790 Harris Trace Apt. 584, Johnfort, VA 42979",5254,2024-08-29,14861,social ahead,5,118.94
13164,Jacob Baker,"45790 Harris Trace Apt. 584, Johnfort, VA 42979",5254,2024-08-29,9991,each edge,5,185.47
35719,Sarah Fitzgerald,"450 Carlson Cove Suite 002, Ericview, MD 45584",20786,2024-03-13,48648,some onto,3,35.31
35719,Sarah Fitzgerald,"450 Carlson Cove Suite 002, Ericview, MD 45584",20958,2024-08-05,13189,store daughter,2,150.25
35719,Sarah Fitzgerald,"450 Carlson Cove Suite 002, Ericview, MD 45584",20958,2024-08-05,95733,south interview,3,259.25
35719,Sarah Fitzgerald,"450 Carlson Cove Suite 002, Ericview, MD 45584",38160,2024-04-27,25025,mouth key,4,575.89
35719,Sarah Fitzgerald,"450 Carlson Cove Suite 002, Ericview, MD 45584",38160,2024-04-27,7458,could tell,4,311.26
35719,Sarah Fitzgerald,"450 Carlson Cove Suite 002, Ericview, MD 45584",38160,2024-04-27,4080,reach physical,3,879.22
1341,Joseph Weaver,"Unit 9842 Box 3360, DPO AP 14452",54846,2024-09-10,37534,dark few,1,290.77
1341,Joseph Weaver,"Unit 9842 Box 3360, DPO AP 14452",54846,2024-09-10,88584,law within,5,851.28
27408,Veronica Haas,"1039 Rocha Branch, Port Jessicachester, AR 64714",56361,2024-01-16,78574,pretty little,3,275.46
27408,Veronica Haas,"1039 Rocha Branch, Port Jessicachester, AR 64714",56361,2024-01-16,23419,represent which,3,615.92
75394,Mr. Paul French Jr.,"737 Thomas Extensions Apt. 912, Morrisborough, NC 59841",19258,2024-05-09,83028,impact reach,5,880.32
75394,Mr. Paul French Jr.,"737 Thomas Extensions Apt. 912, Morrisborough, NC 59841",19258,2024-05-09,31737,pull idea,5,700.12
75394,Mr. Paul French Jr.,"737 Thomas Extensions Apt. 912, Morrisborough, NC 59841",19258,2024-05-09,44518,build society,3,303.04
75394,Mr. Paul French Jr.,"737 Thomas Extensions Apt. 912, Morrisborough, NC 59841",44102,2024-07-23,13433,positive after,5,154.64
75394,Mr. Paul French Jr.,"737 Thomas Extensions Apt. 912, Morrisborough, NC 59841",44102,2024-07-23,62070,firm it,2,709.83
75394,Mr. Paul French Jr.,"737 Thomas Extensions Apt. 912, Morrisborough, NC 59841",73921,2023-11-04,73670,government leg,4,838.01
75394,Mr. Paul French Jr.,"737 Thomas Extensions Apt. 912, Morrisborough, NC 59841",43454,2024-08-17,91472,different state,5,513.47
75394,Mr. Paul French Jr.,"737 Thomas Extensions Apt. 912, Morrisborough, NC 59841",76225,2024-03-16,30630,share particularly,2,646.96
75394,Mr. Paul French Jr.,"737 Thomas Extensions Apt. 912, Morrisborough, NC 59841",76225,2024-03-16,73670,government leg,4,838.01
72815,Kathryn Ellis,"Unit 7862 Box 7215, DPO AP 24047",73532,2024-06-22,4080,reach physical,1,879.22
72815,Kathryn Ellis,"Unit 7862 Box 7215, DPO AP 24047",73532,2024-06-22,59794,economic power,4,146.78
72815,Kathryn Ellis,"Unit 7862 Box 7215, DPO AP 24047",73532,2024-06-22,73670,government leg,4,838.01
72815,Kathryn Ellis,"Unit 7862 Box 7215, DPO AP 24047",55570,2023-11-05,7628,call thought,1,671.06
72815,Kathryn Ellis,"Unit 7862 Box 7215, DPO AP 24047",55570,2023-11-05,95733,south interview,1,259.25
72815,Kathryn Ellis,"Unit 7862 Box 7215, DPO AP 24047",70971,2024-04-03,60205,probably character,5,828.78
72815,Kathryn Ellis,"Unit 7862 Box 7215, DPO AP 24047",70971,2024-04-03,25025,mouth key,5,575.89
99003,Ashley Hughes,"427 Ariana Springs, West Emilyview, PA 25234",60254,2024-06-21,59794,economic power,4,146.78
99003,Ashley Hughes,"427 Ariana Springs, West Emilyview, PA 25234",60254,2024-06-21,59794,economic power,2,146.78
99003,Ashley Hughes,"427 Ariana Springs, West Emilyview, PA 25234",21996,2024-03-16,91472,different state,3,513.47
99003,Ashley Hughes,"427 Ariana Springs, West Emilyview, PA 25234",50022,2024-09-16,97994,remain discussion,3,534.48
99003,Ashley Hughes,"427 Ariana Springs, West Emilyview, PA 25234",51672,2024-01-17,60947,front letter,1,793.46
99003,Ashley Hughes,"427 Ariana Springs, West Emilyview, PA 25234",49195,2024-06-08,67406,threat mission,2,181.57
99003,Ashley Hughes,"427 Ariana Springs, West Emilyview, PA 25234",49195,2024-06-08,60947,front letter,3,793.46
8898,Mrs. Laura Richardson,"79844 Stephanie Pass Apt. 486, Port Williamton, CO 08168",74911,2024-02-24,93476,subject court,2,378.85
8898,Mrs. Laura Richardson,"79844 Stephanie Pass Apt. 486, Port Williamton, CO 08168",74911,2024-02-24,97994,remain discussion,5,534.48
8898,Mrs. Laura Richardson,"79844 Stephanie Pass Apt. 486, Port Williamton, CO 08168",74911,2024-02-24,87329,worker organization,5,990.26
8898,Mrs. Laura Richardson,"79844 Stephanie Pass Apt. 486, Port Williamton, CO 08168",16181,2024-02-18,98176,single similar,5,698.81
8898,Mrs. Laura Richardson,"79844 Stephanie Pass Apt. 486, Port Williamton, CO 08168",16181,2024-02-18,91241,Republican police,5,442.29
8898,Mrs. Laura Richardson,"79844 Stephanie Pass Apt. 486, Port Williamton, CO 08168",16181,2024-02-18,23504,may somebody,2,223.91
91580,Mrs. Karen Frost,"077 Jones Views Suite 667, Stevenstown, MP 40756",19182,2024-04-16,285,provide friend,3,162.6
91580,Mrs. Karen Frost,"077 Jones Views Suite 667, Stevenstown, MP 40756",19182,2024-04-16,13892,son how,1,889.57
91580,Mrs. Karen Frost,"077 Jones Views Suite 667, Stevenstown, MP 40756",19182,2024-04-16,13892,son how,4,889.57
91580,Mrs. Karen Frost,"077 Jones Views Suite 667, Stevenstown, MP 40756",53406,2024-02-09,31238,church interest,4,54.88
91580,Mrs. Karen Frost,"077 Jones Views Suite 667, Stevenstown, MP 40756",11001,2024-04-21,14861,social ahead,3,118.94
77063,Katrina Molina,"1903 Long Summit, Lake James, PA 05246",83659,2024-04-11,7458,could tell,1,311.26
77063,Katrina Molina,"1903 Long Summit, Lake James, PA 05246",83659,2024-04-11,29397,level visit,1,346.42
77063,Katrina Molina,"1903 Long Summit, Lake James, PA 05246",6346,2024-08-16,4459,admit measure,1,737.28
77063,Katrina Molina,"1903 Long Summit, Lake James, PA 05246",6346,2024-08-16,3436,he pattern,5,504.18
77063,Katrina Molina,"1903 Long Summit, Lake James, PA 05246",6346,2024-08-16,31238,church interest,3,54.88
77063,Katrina Molina,"1903 Long Summit, Lake James, PA 05246",59956,2024-05-20,49358,west build,3,812.37
77063,Katrina Molina,"1903 Long Summit, Lake James, PA 05246",59956,2024-05-20,87329,worker organization,1,990.26
77063,Katrina Molina,"1903 Long Summit, Lake James, PA 05246",11391,2024-01-22,2649,themselves person,2,382.08
77063,Katrina Molina,"1903 Long Summit, Lake James, PA 05246",11391,2024-01-22,46813,avoid loss,3,58.75
77063,Katrina Molina,"1903 Long Summit, Lake James, PA 05246",71076,2024-07-30,7458,could tell,1,311.26
77063,Katrina Molina,"1903 Long Summit, Lake James, PA 05246",71076,2024-07-30,31238,church interest,1,54.88
77063,Katrina Molina,"1903 Long Summit, Lake James, PA 05246",71076,2024-07-30,68778,rule deal,3,111.08
83954,Sandra Jefferson,"676 Smith Street Apt. 716, Robertsburgh, MA 65662",48022,2023-12-25,77235,low nor,2,31.54
83954,Sandra Jefferson,"676 Smith Street Apt. 716, Robertsburgh, MA 65662",48022,2023-12-25,30480,area world,3,919.25
64893,Brandon Gallegos,"9210 Bowen Shore, South Paula, MP 58240",92411,2024-03-10,31238,church interest,2,54.88
64893,Brandon Gallegos,"9210 Bowen Shore, South Paula, MP 58240",92411,2024-03-10,13892,son how,4,889.57
24053,Danielle Peterson,"135 Elliott Ranch Apt. 012, Rosariomouth, ND 97826",73890,2024-07-07,5537,why day,3,432.56
24053,Danielle Peterson,"135 Elliott Ranch Apt. 012, Rosariomouth, ND 97826",73890,2024-07-07,31737,pull idea,1,700.12
24053,Danielle Peterson,"135 Elliott Ranch Apt. 012, Rosariomouth, ND 97826",31235,2024-10-17,53539,radio develop,3,458.26
24053,Danielle Peterson,"135 Elliott Ranch Apt. 012, Rosariomouth, ND 97826",31235,2024-10-17,77235,low nor,4,31.54
24053,Danielle Peterson,"135 Elliott Ranch Apt. 012, Rosariomouth, ND 97826",31235,2024-10-17,285,provide friend,4,162.6
24053,Danielle Peterson,"135 Elliott Ranch Apt. 012, Rosariomouth, ND 97826",70623,2024-08-29,84927,team allow,1,332.14
24053,Danielle Peterson,"135 Elliott Ranch Apt. 012, Rosariomouth, ND 97826",70623,2024-08-29,97994,remain discussion,1,534.48
24053,Danielle Peterson,"135 Elliott Ranch Apt. 012, Rosariomouth, ND 97826",70623,2024-08-29,3588,collection child,5,52.62
48463,Brandon Mcfarland,"PSC 7735, Box 7256, APO AA 90101",57116,2024-07-07,25217,case full,2,221.27
19393,John Russell,"00872 Tammy Overpass, Lukeborough, DE 57165",50181,2024-03-09,31737,pull idea,5,700.12
19393,John Russell,"00872 Tammy Overpass, Lukeborough, DE 57165",24801,2024-05-13,46813,avoid loss,2,58.75
19393,John Russell,"00872 Tammy Overpass, Lukeborough, DE 57165",24801,2024-05-13,31737,pull idea,3,700.12
8520,Alexander Phillips,"574 Elizabeth Ville, Lake Pattyton, VT 12258",20407,2024-03-30,2235,senior work,2,871.17
8520,Alexander Phillips,"574 Elizabeth Ville, Lake Pattyton, VT 12258",20407,2024-03-30,98054,if top,2,973.01
8520,Alexander Phillips,"574 Elizabeth Ville, Lake Pattyton, VT 12258",20407,2024-03-30,75590,fill condition,4,803.04
8520,Alexander Phillips,"574 Elizabeth Ville, Lake Pattyton, VT 12258",57578,2024-03-24,70552,blood sister,5,901.46
8520,Alexander Phillips,"574 Elizabeth Ville, Lake Pattyton, VT 12258",75542,2024-09-22,31737,pull idea,5,700.12
8520,Alexander Phillips,"574 Elizabeth Ville, Lake Pattyton, VT 12258",75542,2024-09-22,7458,could tell,5,311.26
75987,Rebecca West,"4451 Peterson Haven, Bakerport, CA 62318",93661,2024-02-03,44214,himself world,4,597.5
75987,Rebecca West,"4451 Peterson Haven, Bakerport, CA 62318",93661,2024-02-03,95733,south interview,4,259.25
75987,Rebecca West,"4451 Peterson Haven, Bakerport, CA 62318",98256,2024-06-13,60947,front letter,4,793.46
75987,Rebecca West,"4451 Peterson Haven, Bakerport, CA 62318",98256,2024-06-13,65859,however group,1,565.77
75987,Rebecca West,"4451 Peterson Haven, Bakerport, CA 62318",43382,2024-02-08,13433,positive after,1,154.64
75987,Rebecca West,"4451 Peterson Haven, Bakerport, CA 62318",43382,2024-02-08,23504,may somebody,4,223.91
75987,Rebecca West,"4451 Peterson Haven, Bakerport, CA 62318",43382,2024-02-08,39707,record give,5,271.2
75987,Rebecca West,"4451 Peterson Haven, Bakerport, CA 62318",56807,2024-06-05,35618,now suddenly,2,725.87
63236,Peter Young,"010 Payne Hollow Apt. 373, Corteztown, FM 64667",83119,2024-06-10,23419,represent which,2,615.92
63236,Peter Young,"010 Payne Hollow Apt. 373, Corteztown, FM 64667",83119,2024-06-10,3588,collection child,2,52.62
63236,Peter Young,"010 Payne Hollow Apt. 373, Corteztown, FM 64667",83119,2024-06-10,39680,wait phone,2,390.08
63236,Peter Young,"010 Payne Hollow Apt. 373, Corteztown, FM 64667",78617,2024-02-13,3436,he pattern,2,504.18
63236,Peter Young,"010 Payne Hollow Apt. 373, Corteztown, FM 64667",78617,2024-02-13,92810,citizen dream,2,876.79
63236,Peter Young,"010 Payne Hollow Apt. 373, Corteztown, FM 64667",25485,2023-11-09,83028,impact reach,2,880.32
63236,Peter Young,"010 Payne Hollow Apt. 373, Corteztown, FM 64667",25485,2023-11-09,37001,draw beyond,3,478.75
63236,Peter Young,"010 Payne Hollow Apt. 373, Corteztown, FM 64667",18655,2024-03-11,23504,may somebody,2,223.91
63236,Peter Young,"010 Payne Hollow Apt. 373, Corteztown, FM 64667",18655,2024-03-11,5537,why day,1,432.56
63236,Peter Young,"010 Payne Hollow Apt. 373, Corteztown, FM 64667",18655,2024-03-11,39680,wait phone,5,390.08
86973,Cody Mullen,"252 Lowe Fords, Francisstad, OK 92158",30484,2024-08-12,37534,dark few,2,290.77
86973,Cody Mullen,"252 Lowe Fords, Francisstad, OK 92158",30484,2024-08-12,52265,international watch,1,110.68
66276,John Freeman,"3777 Clark Station, Morganhaven, PR 72330",74298,2024-09-29,7628,call thought,4,671.06
66276,John Freeman,"3777 Clark Station, Morganhaven, PR 72330",74298,2024-09-29,2649,themselves person,3,382.08
66276,John Freeman,"3777 Clark Station, Morganhaven, PR 72330",92188,2024-06-11,97994,remain discussion,4,534.48
66276,John Freeman,"3777 Clark Station, Morganhaven, PR 72330",50147,2024-09-13,7628,call thought,2,671.06
66276,John Freeman,"3777 Clark Station, Morganhaven, PR 72330",50147,2024-09-13,12041,most easy,2,550.4
60856,Justin Boyer,"Unit 2094 Box 2477, DPO AA 99858",41219,2024-07-18,66829,indicate glass,5,655.22
60856,Justin Boyer,"Unit 2094 Box 2477, DPO AA 99858",41219,2024-07-18,52265,international watch,5,110.68
60856,Justin Boyer,"Unit 2094 Box 2477, DPO AA 99858",30359,2023-12-08,74698,activity both,4,912.19
60856,Justin Boyer,"Unit 2094 Box 2477, DPO AA 99858",30359,2023-12-08,5537,why day,2,432.56
60856,Justin Boyer,"Unit 2094 Box 2477, DPO AA 99858",30359,2023-12-08,2235,senior work,2,871.17
60856,Justin Boyer,"Unit 2094 Box 2477, DPO AA 99858",56468,2024-10-01,68778,rule deal,4,111.08
3412,Rebecca Ortega,"8292 Carter Pike, Port Anthony, MP 62376",98730,2024-09-08,35618,now suddenly,4,725.87
3412,Rebecca Ortega,"8292 Carter Pike, Port Anthony, MP 62376",98730,2024-09-08,99677,game test,3,780.7
3412,Rebecca Ortega,"8292 Carter Pike, Port Anthony, MP 62376",98730,2024-09-08,99467,entire clear,4,168.62
3412,Rebecca Ortega,"8292 Carter Pike, Port Anthony, MP 62376",88910,2024-06-23,9868,reduce first,5,882.4
3412,Rebecca Ortega,"8292 Carter Pike, Port Anthony, MP 62376",88910,2024-06-23,62170,choice compare,4,506.51
3412,Rebecca Ortega,"8292 Carter Pike, Port Anthony, MP 62376",88910,2024-06-23,20230,maintain finish,5,37.39
3412,Rebecca Ortega,"8292 Carter Pike, Port Anthony, MP 62376",86579,2024-03-04,39680,wait phone,4,390.08
3412,Rebecca Ortega,"8292 Carter Pike, Port Anthony, MP 62376",79101,2024-08-01,4080,reach physical,4,879.22
3412,Rebecca Ortega,"8292 Carter Pike, Port Anthony, MP 62376",79101,2024-08-01,85138,same impact,5,638.88
59079,Tommy Ryan,"461 Wright Point Suite 236, North Amanda, ND 67051",87387,2024-04-01,66984,car data,5,115.17
59079,Tommy Ryan,"461 Wright Point Suite 236, North Amanda, ND 67051",29183,2024-09-26,2235,senior work,5,871.17
59079,Tommy Ryan,"461 Wright Point Suite 236, North Amanda, ND 67051",29183,2024-09-26,58821,yard identify,5,399.75
59079,Tommy Ryan,"461 Wright Point Suite 236, North Amanda, ND 67051",29183,2024-09-26,3436,he pattern,2,504.18
59079,Tommy Ryan,"461 Wright Point Suite 236, North Amanda, ND 67051",33750,2024-01-18,83028,impact reach,1,880.32
59079,Tommy Ryan,"461 Wright Point Suite 236, North Amanda, ND 67051",33750,2024-01-18,20230,maintain finish,1,37.39
59079,Tommy Ryan,"461 Wright Point Suite 236, North Amanda, ND 67051",51718,2024-05-12,99677,game test,3,780.7
59079,Tommy Ryan,"461 Wright Point Suite 236, North Amanda, ND 67051",51718,2024-05-12,93476,subject court,3,378.85
59079,Tommy Ryan,"461 Wright Point Suite 236, North Amanda, ND 67051",51718,2024-05-12,285,provide friend,3,162.6
8434,Mary Sullivan,"06804 Yates Knoll Suite 931, Ericaton, GA 88089",64999,2024-07-08,4080,reach physical,1,879.22
8434,Mary Sullivan,"06804 Yates Knoll Suite 931, Ericaton, GA 88089",64999,2024-07-08,10729,hotel degree,5,800.46
8434,Mary Sullivan,"06804 Yates Knoll Suite 931, Ericaton, GA 88089",64999,2024-07-08,62335,man series,4,619.45
8434,Mary Sullivan,"06804 Yates Knoll Suite 931, Ericaton, GA 88089",57391,2024-07-25,24491,friend senior,3,785.53
8434,Mary Sullivan,"06804 Yates Knoll Suite 931, Ericaton, GA 88089",57391,2024-07-25,13073,table after,4,92.97
8434,Mary Sullivan,"06804 Yates Knoll Suite 931, Ericaton, GA 88089",57391,2024-07-25,44214,himself world,5,597.5
8434,Mary Sullivan,"06804 Yates Knoll Suite 931, Ericaton, GA 88089",64073,2024-01-24,22733,seat your,5,790.71
8434,Mary Sullivan,"06804 Yates Knoll Suite 931, Ericaton, GA 88089",71524,2024-01-08,285,provide friend,3,162.6
8434,Mary Sullivan,"06804 Yates Knoll Suite 931, Ericaton, GA 88089",71524,2024-01-08,4361,follow it,3,328.54
8434,Mary Sullivan,"06804 Yates Knoll Suite 931, Ericaton, GA 88089",95439,2024-06-30,68778,rule deal,3,111.08
8434,Mary Sullivan,"06804 Yates Knoll Suite 931, Ericaton, GA 88089",95439,2024-06-30,57048,central finish,4,349.0
8434,Mary Sullivan,"06804 Yates Knoll Suite 931, Ericaton, GA 88089",95439,2024-06-30,30630,share particularly,1,646.96
11675,Kelly Miller,"Unit 9619 Box 3322, DPO AE 88998",84294,2024-04-13,29397,level visit,5,346.42
11675,Kelly Miller,"Unit 9619 Box 3322, DPO AE 88998",57455,2024-08-23,48648,some onto,1,35.31
11675,Kelly Miller,"Unit 9619 Box 3322, DPO AE 88998",20598,2024-03-16,13073,table after,4,92.97
11675,Kelly Miller,"Unit 9619 Box 3322, DPO AE 88998",20598,2024-03-16,79139,administration success,3,378.98
81196,Angela Green,"PSC 2108, Box 8763, APO AE 86523",42780,2024-10-18,9991,each edge,1,185.47
81196,Angela Green,"PSC 2108, Box 8763, APO AE 86523",42780,2024-10-18,9868,reduce first,1,882.4
81196,Angela Green,"PSC 2108, Box 8763, APO AE 86523",44448,2024-06-06,285,provide friend,2,162.6
81196,Angela Green,"PSC 2108, Box 8763, APO AE 86523",44448,2024-06-06,58821,yard identify,5,399.75
90191,Patricia Montgomery,"3010 Ann Shores Apt. 344, Lake Jeffreychester, OK 01043",16933,2024-02-09,30630,share particularly,3,646.96
90191,Patricia Montgomery,"3010 Ann Shores Apt. 344, Lake Jeffreychester, OK 01043",68608,2024-07-03,27041,popular figure,4,483.9
90191,Patricia Montgomery,"3010 Ann Shores Apt. 344, Lake Jeffreychester, OK 01043",68608,2024-07-03,35577,tough no,3,41.98
90191,Patricia Montgomery,"3010 Ann Shores Apt. 344, Lake Jeffreychester, OK 01043",68608,2024-07-03,64717,together system,4,136.24
90191,Patricia Montgomery,"3010 Ann Shores Apt. 344, Lake Jeffreychester, OK 01043",32457,2024-05-21,91472,different state,5,513.47
90191,Patricia Montgomery,"3010 Ann Shores Apt. 344, Lake Jeffreychester, OK 01043",32457,2024-05-21,62070,firm it,2,709.83
90191,Patricia Montgomery,"3010 Ann Shores Apt. 344, Lake Jeffreychester, OK 01043",32457,2024-05-21,91241,Republican police,1,442.29
90191,Patricia Montgomery,"3010 Ann Shores Apt. 344, Lake Jeffreychester, OK 01043",24794,2024-03-16,74698,activity both,5,912.19
90191,Patricia Montgomery,"3010 Ann Shores Apt. 344, Lake Jeffreychester, OK 01043",24794,2024-03-16,4459,admit measure,1,737.28
90191,Patricia Montgomery,"3010 Ann Shores Apt. 344, Lake Jeffreychester, OK 01043",24794,2024-03-16,89010,state since,1,773.88
59786,Brooke Miller,"49668 Vega Locks, Laurafurt, FL 88709",97299,2024-06-26,25025,mouth key,2,575.89
59786,Brooke Miller,"49668 Vega Locks, Laurafurt, FL 88709",97299,2024-06-26,25025,mouth key,1,575.89
59786,Brooke Miller,"49668 Vega Locks, Laurafurt, FL 88709",97299,2024-06-26,38257,few trade,3,712.15
59786,Brooke Miller,"49668 Vega Locks, Laurafurt, FL 88709",747,2024-07-18,60947,front letter,1,793.46
59786,Brooke Miller,"49668 Vega Locks, Laurafurt, FL 88709",747,2024-07-18,62762,amount seat,2,379.34
59786,Brooke Miller,"49668 Vega Locks, Laurafurt, FL 88709",18697,2024-09-03,2649,themselves person,1,382.08
59786,Brooke Miller,"49668 Vega Locks, Laurafurt, FL 88709",18697,2024-09-03,95733,south interview,2,259.25
59786,Brooke Miller,"49668 Vega Locks, Laurafurt, FL 88709",38055,2024-08-30,31238,church interest,2,54.88
59786,Brooke Miller,"49668 Vega Locks, Laurafurt, FL 88709",38055,2024-08-30,62070,firm it,4,709.83
59786,Brooke Miller,"49668 Vega Locks, Laurafurt, FL 88709",38055,2024-08-30,66829,indicate glass,5,655.22
99751,Carol Edwards,"USS Montgomery, FPO AP 44325",51665,2024-07-25,93476,subject court,2,378.85
99751,Carol Edwards,"USS Montgomery, FPO AP 44325",75850,2024-07-29,73670,government leg,5,838.01
99751,Carol Edwards,"USS Montgomery, FPO AP 44325",92239,2024-05-24,59794,economic power,2,146.78
99751,Carol Edwards,"USS Montgomery, FPO AP 44325",92239,2024-05-24,285,provide friend,5,162.6
47557,Elizabeth Dean,"433 Watkins Circles Suite 515, West Joshuaburgh, OR 90607",91084,2024-04-28,24491,friend senior,5,785.53
47557,Elizabeth Dean,"433 Watkins Circles Suite 515, West Joshuaburgh, OR 90607",39594,2024-01-22,31737,pull idea,1,700.12
47557,Elizabeth Dean,"433 Watkins Circles Suite 515, West Joshuaburgh, OR 90607",91119,2024-01-19,2649,themselves person,2,382.08
47557,Elizabeth Dean,"433 Watkins Circles Suite 515, West Joshuaburgh, OR 90607",91119,2024-01-19,83028,impact reach,5,880.32
47557,Elizabeth Dean,"433 Watkins Circles Suite 515, West Joshuaburgh, OR 90607",61889,2024-06-25,70552,blood sister,1,901.46
47557,Elizabeth Dean,"433 Watkins Circles Suite 515, West Joshuaburgh, OR 90607",61889,2024-06-25,74698,activity both,4,912.19
47557,Elizabeth Dean,"433 Watkins Circles Suite 515, West Joshuaburgh, OR 90607",61889,2024-06-25,46813,avoid loss,2,58.75
61947,Steven Bruce,"96420 Madison Rapid Apt. 640, Fernandofurt, NY 65294",10020,2023-12-09,31238,church interest,2,54.88
61947,Steven Bruce,"96420 Madison Rapid Apt. 640, Fernandofurt, NY 65294",10020,2023-12-09,7628,call thought,3,671.06
12991,Jennifer Kelly,"USNV Walters, FPO AE 67839",98241,2023-11-03,48648,some onto,2,35.31
12991,Jennifer Kelly,"USNV Walters, FPO AE 67839",98241,2023-11-03,83028,impact reach,3,880.32
12991,Jennifer Kelly,"USNV Walters, FPO AE 67839",98094,2024-08-03,44518,build society,2,303.04
12991,Jennifer Kelly,"USNV Walters, FPO AE 67839",98094,2024-08-03,83277,west western,5,882.67
12991,Jennifer Kelly,"USNV Walters, FPO AE 67839",98094,2024-08-03,31238,church interest,1,54.88
12991,Jennifer Kelly,"USNV Walters, FPO AE 67839",53204,2024-05-16,66829,indicate glass,5,655.22
12991,Jennifer Kelly,"USNV Walters, FPO AE 67839",53204,2024-05-16,62170,choice compare,3,506.51
30529,Mary Bradley,"USNS Arias, FPO AP 96657",89648,2024-05-27,87329,worker organization,3,990.26
30529,Mary Bradley,"USNS Arias, FPO AP 96657",89648,2024-05-27,73670,government leg,3,838.01
30529,Mary Bradley,"USNS Arias, FPO AP 96657",98007,2024-05-22,49358,west build,2,812.37
30529,Mary Bradley,"USNS Arias, FPO AP 96657",7513,2024-03-08,2235,senior work,1,871.17
30529,Mary Bradley,"USNS Arias, FPO AP 96657",56171,2024-05-18,66984,car data,3,115.17
30529,Mary Bradley,"USNS Arias, FPO AP 96657",56171,2024-05-18,24491,friend senior,5,785.53
30529,Mary Bradley,"USNS Arias, FPO AP 96657",17240,2024-10-05,37001,draw beyond,2,478.75
30529,Mary Bradley,"USNS Arias, FPO AP 96657",17240,2024-10-05,57048,central finish,1,349.0
69265,Christina Simmons,"819 Amy Alley, New Rhonda, NV 49801",77492,2024-02-21,91362,training force,1,640.29
69265,Christina Simmons,"819 Amy Alley, New Rhonda, NV 49801",77492,2024-02-21,30480,area world,4,919.25
75214,Ryan Duran,"9637 Thornton Well, Kaylamouth, NH 39648",68043,2024-06-19,13073,table after,3,92.97
75214,Ryan Duran,"9637 Thornton Well, Kaylamouth, NH 39648",68043,2024-06-19,78574,pretty little,1,275.46
75214,Ryan Duran,"9637 Thornton Well, Kaylamouth, NH 39648",92610,2024-09-03,49358,west build,4,812.37
75214,Ryan Duran,"9637 Thornton Well, Kaylamouth, NH 39648",7716,2024-02-09,89010,state since,5,773.88
75214,Ryan Duran,"9637 Thornton Well, Kaylamouth, NH 39648",71895,2024-04-29,75590,fill condition,1,803.04
75214,Ryan Duran,"9637 Thornton Well, Kaylamouth, NH 39648",72596,2024-05-05,31238,church interest,4,54.88
75214,Ryan Duran,"9637 Thornton Well, Kaylamouth, NH 39648",72596,2024-05-05,85138,same impact,1,638.88
75214,Ryan Duran,"9637 Thornton Well, Kaylamouth, NH 39648",72596,2024-05-05,65859,however group,1,565.77
93115,Emily Todd,"1849 Anderson Streets Suite 379, Jessicaport, AS 98855",57036,2024-07-02,75590,fill condition,4,803.04
93115,Emily Todd,"1849 Anderson Streets Suite 379, Jessicaport, AS 98855",57036,2024-07-02,23504,may somebody,2,223.91
93115,Emily Todd,"1849 Anderson Streets Suite 379, Jessicaport, AS 98855",57036,2024-07-02,46813,avoid loss,5,58.75
93115,Emily Todd,"1849 Anderson Streets Suite 379, Jessicaport, AS 98855",71575,2023-12-16,25025,mouth key,3,575.89
93115,Emily Todd,"1849 Anderson Streets Suite 379, Jessicaport, AS 98855",71575,2023-12-16,24491,friend senior,3,785.53
93115,Emily Todd,"1849 Anderson Streets Suite 379, Jessicaport, AS 98855",71575,2023-12-16,41230,church always,4,428.98
93115,Emily Todd,"1849 Anderson Streets Suite 379, Jessicaport, AS 98855",52666,2024-05-14,89010,state since,1,773.88
93115,Emily Todd,"1849 Anderson Streets Suite 379, Jessicaport, AS 98855",52666,2024-05-14,89010,state since,2,773.88
93115,Emily Todd,"1849 Anderson Streets Suite 379, Jessicaport, AS 98855",52666,2024-05-14,84927,team allow,4,332.14
97803,Catherine Davenport,"PSC 5280, Box 4164, APO AE 40357",10607,2023-11-16,3436,he pattern,5,504.18
97803,Catherine Davenport,"PSC 5280, Box 4164, APO AE 40357",10607,2023-11-16,9868,reduce first,1,882.4
49452,Leah Hansen,"731 Bell Glen Suite 285, East Omarburgh, ME 01179",69254,2024-06-19,39680,wait phone,5,390.08
49452,Leah Hansen,"731 Bell Glen Suite 285, East Omarburgh, ME 01179",69254,2024-06-19,62762,amount seat,5,379.34
49452,Leah Hansen,"731 Bell Glen Suite 285, East Omarburgh, ME 01179",40332,2024-03-13,2235,senior work,4,871.17
49452,Leah Hansen,"731 Bell Glen Suite 285, East Omarburgh, ME 01179",40332,2024-03-13,39680,wait phone,2,390.08
49452,Leah Hansen,"731 Bell Glen Suite 285, East Omarburgh, ME 01179",40332,2024-03-13,7458,could tell,2,311.26
50618,Michael Davis,"181 Vincent Passage Suite 107, South Jenniferland, LA 61767",98577,2024-06-19,38257,few trade,3,712.15
7738,Joseph Williams,"USS Bartlett, FPO AE 77990",2587,2024-04-21,3588,collection child,4,52.62
7738,Joseph Williams,"USS Bartlett, FPO AE 77990",98211,2024-03-30,68778,rule deal,3,111.08
7738,Joseph Williams,"USS Bartlett, FPO AE 77990",98211,2024-03-30,67406,threat mission,1,181.57
7738,Joseph Williams,"USS Bartlett, FPO AE 77990",98211,2024-03-30,4459,admit measure,3,737.28
20998,Sean Pennington,"93662 Tamara Shoals Apt. 236, East Jeffery, ME 81871",47372,2024-08-02,91472,different state,4,513.47
20998,Sean Pennington,"93662 Tamara Shoals Apt. 236, East Jeffery, ME 81871",46655,2024-07-11,73670,government leg,4,838.01
20998,Sean Pennington,"93662 Tamara Shoals Apt. 236, East Jeffery, ME 81871",46655,2024-07-11,62170,choice compare,1,506.51
20998,Sean Pennington,"93662 Tamara Shoals Apt. 236, East Jeffery, ME 81871",2673,2024-03-28,87329,worker organization,4,990.26
20998,Sean Pennington,"93662 Tamara Shoals Apt. 236, East Jeffery, ME 81871",12226,2024-05-31,74698,activity both,3,912.19
20998,Sean Pennington,"93662 Tamara Shoals Apt. 236, East Jeffery, ME 81871",12226,2024-05-31,57048,central finish,3,349.0
20998,Sean Pennington,"93662 Tamara Shoals Apt. 236, East Jeffery, ME 81871",12226,2024-05-31,62762,amount seat,3,379.34
20998,Sean Pennington,"93662 Tamara Shoals Apt. 236, East Jeffery, ME 81871",29280,2024-02-17,285,provide friend,3,162.6
71997,Meredith Steele,"2456 Lisa Shores Suite 090, Nathanhaven, MS 56467",26848,2024-06-15,13892,son how,3,889.57
14915,Emily Anderson,"04586 Merritt Harbor, Kellerton, NV 96956",67707,2024-03-16,73670,government leg,3,838.01
14915,Emily Anderson,"04586 Merritt Harbor, Kellerton, NV 96956",67707,2024-03-16,91472,different state,1,513.47
14915,Emily Anderson,"04586 Merritt Harbor, Kellerton, NV 96956",12680,2024-01-11,46813,avoid loss,1,58.75
14915,Emily Anderson,"04586 Merritt Harbor, Kellerton, NV 96956",12680,2024-01-11,60205,probably character,2,828.78
14915,Emily Anderson,"04586 Merritt Harbor, Kellerton, NV 96956",56955,2023-12-11,3588,collection child,1,52.62
14915,Emily Anderson,"04586 Merritt Harbor, Kellerton, NV 96956",56955,2023-12-11,59794,economic power,5,146.78
14915,Emily Anderson,"04586 Merritt Harbor, Kellerton, NV 96956",56955,2023-12-11,74698,activity both,4,912.19
14915,Emily Anderson,"04586 Merritt Harbor, Kellerton, NV 96956",37560,2024-08-20,78574,pretty little,3,275.46
14915,Emily Anderson,"04586 Merritt Harbor, Kellerton, NV 96956",58606,2024-06-14,7628,call thought,5,671.06
10168,Michelle Stout,"PSC 7921, Box 2422, APO AE 89327",61817,2024-04-25,4080,reach physical,1,879.22
10168,Michelle Stout,"PSC 7921, Box 2422, APO AE 89327",95714,2023-12-13,37001,draw beyond,5,478.75
10168,Michelle Stout,"PSC 7921, Box 2422, APO AE 89327",95714,2023-12-13,59794,economic power,1,146.78
10168,Michelle Stout,"PSC 7921, Box 2422, APO AE 89327",75236,2024-10-10,66829,indicate glass,4,655.22
10168,Michelle Stout,"PSC 7921, Box 2422, APO AE 89327",75236,2024-10-10,52265,international watch,1,110.68
10168,Michelle Stout,"PSC 7921, Box 2422, APO AE 89327",429,2024-07-23,41078,break of,2,395.12
10168,Michelle Stout,"PSC 7921, Box 2422, APO AE 89327",429,2024-07-23,99677,game test,2,780.7
10168,Michelle Stout,"PSC 7921, Box 2422, APO AE 89327",71772,2024-03-02,13433,positive after,2,154.64
10168,Michelle Stout,"PSC 7921, Box 2422, APO AE 89327",71772,2024-03-02,285,provide friend,2,162.6
10168,Michelle Stout,"PSC 7921, Box 2422, APO AE 89327",71772,2024-03-02,285,provide friend,2,162.6
43398,Rita Rivera,"50340 Cheryl Dale, Kelseybury, NH 39648",98862,2023-11-11,95733,south interview,5,259.25
43398,Rita Rivera,"50340 Cheryl Dale, Kelseybury, NH 39648",98862,2023-11-11,38980,light together,2,757.42
43398,Rita Rivera,"50340 Cheryl Dale, Kelseybury, NH 39648",98862,2023-11-11,78574,pretty little,2,275.46
43398,Rita Rivera,"50340 Cheryl Dale, Kelseybury, NH 39648",30448,2024-08-04,30480,area world,2,919.25
43398,Rita Rivera,"50340 Cheryl Dale, Kelseybury, NH 39648",30448,2024-08-04,67406,threat mission,4,181.57
43398,Rita Rivera,"50340 Cheryl Dale, Kelseybury, NH 39648",30448,2024-08-04,1025,against return,5,307.44
43398,Rita Rivera,"50340 Cheryl Dale, Kelseybury, NH 39648",84110,2024-09-28,78574,pretty little,1,275.46
43398,Rita Rivera,"50340 Cheryl Dale, Kelseybury, NH 39648",96084,2024-04-19,84927,team allow,4,332.14
43398,Rita Rivera,"50340 Cheryl Dale, Kelseybury, NH 39648",96084,2024-04-19,66986,stay away,1,171.66
54174,Jennifer Davis,"PSC 6492, Box 9022, APO AE 54156",92229,2024-01-26,79139,administration success,3,378.98
54174,Jennifer Davis,"PSC 6492, Box 9022, APO AE 54156",92229,2024-01-26,7458,could tell,1,311.26
54174,Jennifer Davis,"PSC 6492, Box 9022, APO AE 54156",27340,2024-09-05,44214,himself world,3,597.5
54174,Jennifer Davis,"PSC 6492, Box 9022, APO AE 54156",27340,2024-09-05,4459,admit measure,4,737.28
54174,Jennifer Davis,"PSC 6492, Box 9022, APO AE 54156",27340,2024-09-05,95733,south interview,4,259.25
54174,Jennifer Davis,"PSC 6492, Box 9022, APO AE 54156",54204,2024-10-08,70918,team clear,2,59.7
54174,Jennifer Davis,"PSC 6492, Box 9022, APO AE 54156",81373,2023-11-30,39680,wait phone,2,390.08
54174,Jennifer Davis,"PSC 6492, Box 9022, APO AE 54156",81786,2023-11-11,75590,fill condition,1,803.04
54174,Jennifer Davis,"PSC 6492, Box 9022, APO AE 54156",81786,2023-11-11,85138,same impact,2,638.88
52789,Thomas Ochoa,"0314 Bauer Flats, Martinezbury, HI 30933",97951,2024-09-29,79139,administration success,1,378.98
52789,Thomas Ochoa,"0314 Bauer Flats, Martinezbury, HI 30933",97951,2024-09-29,29940,cause here,2,967.4
52789,Thomas Ochoa,"0314 Bauer Flats, Martinezbury, HI 30933",97951,2024-09-29,29940,cause here,4,967.4
52789,Thomas Ochoa,"0314 Bauer Flats, Martinezbury, HI 30933",996,2023-11-27,7458,could tell,1,311.26
52789,Thomas Ochoa,"0314 Bauer Flats, Martinezbury, HI 30933",56273,2023-12-15,25025,mouth key,5,575.89
52789,Thomas Ochoa,"0314 Bauer Flats, Martinezbury, HI 30933",56273,2023-12-15,92810,citizen dream,1,876.79
52789,Thomas Ochoa,"0314 Bauer Flats, Martinezbury, HI 30933",70727,2024-08-27,62335,man series,4,619.45
52789,Thomas Ochoa,"0314 Bauer Flats, Martinezbury, HI 30933",70727,2024-08-27,35618,now suddenly,4,725.87
52789,Thomas Ochoa,"0314 Bauer Flats, Martinezbury, HI 30933",70727,2024-08-27,68778,rule deal,1,111.08
50151,Adrian Phelps,"40677 Billy Knoll Apt. 707, Thompsonview, CT 99642",18753,2024-03-30,58821,yard identify,2,399.75
50151,Adrian Phelps,"40677 Billy Knoll Apt. 707, Thompsonview, CT 99642",18753,2024-03-30,85138,same impact,3,638.88
50151,Adrian Phelps,"40677 Billy Knoll Apt. 707, Thompsonview, CT 99642",18753,2024-03-30,77235,low nor,1,31.54
50151,Adrian Phelps,"40677 Billy Knoll Apt. 707, Thompsonview, CT 99642",82515,2024-07-01,29397,level visit,4,346.42
50151,Adrian Phelps,"40677 Billy Knoll Apt. 707, Thompsonview, CT 99642",82515,2024-07-01,13073,table after,1,92.97
40575,Ashley Hill,"5856 Sierra Underpass, Port Natasha, PA 19759",13330,2024-05-26,67406,threat mission,3,181.57
40575,Ashley Hill,"5856 Sierra Underpass, Port Natasha, PA 19759",13330,2024-05-26,91472,different state,2,513.47
40575,Ashley Hill,"5856 Sierra Underpass, Port Natasha, PA 19759",13330,2024-05-26,77235,low nor,2,31.54
40575,Ashley Hill,"5856 Sierra Underpass, Port Natasha, PA 19759",84882,2024-01-17,46813,avoid loss,1,58.75
40575,Ashley Hill,"5856 Sierra Underpass, Port Natasha, PA 19759",33248,2023-10-27,91241,Republican police,1,442.29
40575,Ashley Hill,"5856 Sierra Underpass, Port Natasha, PA 19759",33248,2023-10-27,29397,level visit,5,346.42
40575,Ashley Hill,"5856 Sierra Underpass, Port Natasha, PA 19759",33248,2023-10-27,14861,social ahead,3,118.94
40575,Ashley Hill,"5856 Sierra Underpass, Port Natasha, PA 19759",84483,2024-09-23,25025,mouth key,1,575.89
32247,Ricardo Valencia,"090 Smith Port, Allisonborough, NV 10536",12418,2023-11-16,57048,central finish,5,349.0
32247,Ricardo Valencia,"090 Smith Port, Allisonborough, NV 10536",12418,2023-11-16,35740,fly catch,1,408.16
32247,Ricardo Valencia,"090 Smith Port, Allisonborough, NV 10536",12418,2023-11-16,88584,law within,2,851.28
32247,Ricardo Valencia,"090 Smith Port, Allisonborough, NV 10536",95837,2024-05-09,62070,firm it,2,709.83
32247,Ricardo Valencia,"090 Smith Port, Allisonborough, NV 10536",95837,2024-05-09,83277,west western,3,882.67
32247,Ricardo Valencia,"090 Smith Port, Allisonborough, NV 10536",95837,2024-05-09,79139,administration success,5,378.98
32247,Ricardo Valencia,"090 Smith Port, Allisonborough, NV 10536",50528,2024-06-18,27041,popular figure,1,483.9
32247,Ricardo Valencia,"090 Smith Port, Allisonborough, NV 10536",50528,2024-06-18,85138,same impact,5,638.88
32247,Ricardo Valencia,"090 Smith Port, Allisonborough, NV 10536",17843,2024-07-02,91241,Republican police,3,442.29
93280,Mrs. Kimberly Scott,"81263 Isaac Extension, Birdport, MA 90823",21364,2024-07-09,97994,remain discussion,4,534.48
93280,Mrs. Kimberly Scott,"81263 Isaac Extension, Birdport, MA 90823",21364,2024-07-09,48648,some onto,3,35.31
93280,Mrs. Kimberly Scott,"81263 Isaac Extension, Birdport, MA 90823",21364,2024-07-09,98176,single similar,4,698.81
93280,Mrs. Kimberly Scott,"81263 Isaac Extension, Birdport, MA 90823",74157,2024-09-02,62070,firm it,5,709.83
93280,Mrs. Kimberly Scott,"81263 Isaac Extension, Birdport, MA 90823",74157,2024-09-02,73670,government leg,4,838.01
93280,Mrs. Kimberly Scott,"81263 Isaac Extension, Birdport, MA 90823",261,2024-08-31,59794,economic power,4,146.78
93280,Mrs. Kimberly Scott,"81263 Isaac Extension, Birdport, MA 90823",261,2024-08-31,5537,why day,3,432.56
93280,Mrs. Kimberly Scott,"81263 Isaac Extension, Birdport, MA 90823",261,2024-08-31,27041,popular figure,4,483.9
4742,Anna Lang,"1365 Alvarado Stravenue, Chapmanhaven, FM 50678",10707,2024-02-03,285,provide friend,2,162.6
4742,Anna Lang,"1365 Alvarado Stravenue, Chapmanhaven, FM 50678",10707,2024-02-03,39680,wait phone,2,390.08
4742,Anna Lang,"1365 Alvarado Stravenue, Chapmanhaven, FM 50678",55879,2024-02-10,2235,senior work,4,871.17
67562,Matthew Lopez,"8092 Jodi Ferry, Port Scott, MT 31968",55376,2024-03-30,38980,light together,2,757.42
67562,Matthew Lopez,"8092 Jodi Ferry, Port Scott, MT 31968",77151,2024-06-23,14861,social ahead,4,118.94
67562,Matthew Lopez,"8092 Jodi Ferry, Port Scott, MT 31968",77151,2024-06-23,35618,now suddenly,2,725.87
67562,Matthew Lopez,"8092 Jodi Ferry, Port Scott, MT 31968",96163,2024-02-25,65859,however group,1,565.77
67562,Matthew Lopez,"8092 Jodi Ferry, Port Scott, MT 31968",96163,2024-02-25,60205,probably character,1,828.78
46010,Kathleen Farrell,"809 Jennifer Turnpike Apt. 123, North Jackville, WV 49218",36173,2024-04-04,65859,however group,5,565.77
46010,Kathleen Farrell,"809 Jennifer Turnpike Apt. 123, North Jackville, WV 49218",34139,2024-01-14,66829,indicate glass,4,655.22
46010,Kathleen Farrell,"809 Jennifer Turnpike Apt. 123, North Jackville, WV 49218",6848,2024-10-15,23419,represent which,3,615.92
46010,Kathleen Farrell,"809 Jennifer Turnpike Apt. 123, North Jackville, WV 49218",6848,2024-10-15,83028,impact reach,2,880.32
46010,Kathleen Farrell,"809 Jennifer Turnpike Apt. 123, North Jackville, WV 49218",90748,2024-08-19,35577,tough no,5,41.98
46010,Kathleen Farrell,"809 Jennifer Turnpike Apt. 123, North Jackville, WV 49218",90748,2024-08-19,95733,south interview,1,259.25
46010,Kathleen Farrell,"809 Jennifer Turnpike Apt. 123, North Jackville, WV 49218",90748,2024-08-19,3436,he pattern,1,504.18
46010,Kathleen Farrell,"809 Jennifer Turnpike Apt. 123, North Jackville, WV 49218",7232,2023-11-28,41230,church always,1,428.98
46010,Kathleen Farrell,"809 Jennifer Turnpike Apt. 123, North Jackville, WV 49218",7232,2023-11-28,68778,rule deal,3,111.08
43266,Tracy Watkins,"362 Mary Stravenue, Markberg, PR 15291",2010,2024-10-19,57048,central finish,3,349.0
43266,Tracy Watkins,"362 Mary Stravenue, Markberg, PR 15291",2010,2024-10-19,38980,light together,5,757.42
79384,Lisa Parks,"Unit 6419 Box 2815, DPO AP 43655",2036,2024-05-03,60205,probably character,4,828.78
79384,Lisa Parks,"Unit 6419 Box 2815, DPO AP 43655",46995,2024-03-22,75590,fill condition,4,803.04
79384,Lisa Parks,"Unit 6419 Box 2815, DPO AP 43655",46995,2024-03-22,84855,fund account,1,216.8
79384,Lisa Parks,"Unit 6419 Box 2815, DPO AP 43655",46995,2024-03-22,37534,dark few,1,290.77
79384,Lisa Parks,"Unit 6419 Box 2815, DPO AP 43655",63703,2024-04-28,35618,now suddenly,5,725.87
79384,Lisa Parks,"Unit 6419 Box 2815, DPO AP 43655",84169,2024-09-28,62070,firm it,1,709.83
79384,Lisa Parks,"Unit 6419 Box 2815, DPO AP 43655",84169,2024-09-28,35740,fly catch,5,408.16
79384,Lisa Parks,"Unit 6419 Box 2815, DPO AP 43655",84169,2024-09-28,44518,build society,3,303.04
79384,Lisa Parks,"Unit 6419 Box 2815, DPO AP 43655",62906,2023-12-20,49358,west build,4,812.37
79384,Lisa Parks,"Unit 6419 Box 2815, DPO AP 43655",62906,2023-12-20,4080,reach physical,3,879.22
27544,Nicole Trujillo,"28940 Carlos View, South Nicoleview, KS 01957",60342,2023-11-22,95733,south interview,3,259.25
27544,Nicole Trujillo,"28940 Carlos View, South Nicoleview, KS 01957",60342,2023-11-22,5537,why day,3,432.56
27544,Nicole Trujillo,"28940 Carlos View, South Nicoleview, KS 01957",60342,2023-11-22,25025,mouth key,4,575.89
27544,Nicole Trujillo,"28940 Carlos View, South Nicoleview, KS 01957",47256,2024-05-19,34209,new family,3,339.87
27544,Nicole Trujillo,"28940 Carlos View, South Nicoleview, KS 01957",47256,2024-05-19,65859,however group,1,565.77
27544,Nicole Trujillo,"28940 Carlos View, South Nicoleview, KS 01957",5864,2024-04-10,73670,government leg,4,838.01
27544,Nicole Trujillo,"28940 Carlos View, South Nicoleview, KS 01957",30363,2024-04-14,68778,rule deal,3,111.08
27544,Nicole Trujillo,"28940 Carlos View, South Nicoleview, KS 01957",30363,2024-04-14,73670,government leg,5,838.01
27544,Nicole Trujillo,"28940 Carlos View, South Nicoleview, KS 01957",25645,2023-12-19,52265,international watch,3,110.68
93235,Sara Wood,"82047 Ball Parks, West Marcusview, CO 37286",41538,2024-02-14,53539,radio develop,4,458.26
93235,Sara Wood,"82047 Ball Parks, West Marcusview, CO 37286",41538,2024-02-14,9868,reduce first,3,882.4
93235,Sara Wood,"82047 Ball Parks, West Marcusview, CO 37286",36236,2024-08-06,74698,activity both,1,912.19
93235,Sara Wood,"82047 Ball Parks, West Marcusview, CO 37286",36236,2024-08-06,62070,firm it,2,709.83
93235,Sara Wood,"82047 Ball Parks, West Marcusview, CO 37286",3547,2024-10-16,62762,amount seat,5,379.34
93235,Sara Wood,"82047 Ball Parks, West Marcusview, CO 37286",3547,2024-10-16,58821,yard identify,2,399.75
93235,Sara Wood,"82047 Ball Parks, West Marcusview, CO 37286",78282,2023-11-16,12041,most easy,5,550.4
93235,Sara Wood,"82047 Ball Parks, West Marcusview, CO 37286",78282,2023-11-16,13073,table after,3,92.97
93235,Sara Wood,"82047 Ball Parks, West Marcusview, CO 37286",8744,2024-09-28,99467,entire clear,1,168.62
15562,Deanna Greene,"10002 Taylor Ford Apt. 516, Kristinshire, OK 88479",85382,2023-12-02,66986,stay away,5,171.66
15562,Deanna Greene,"10002 Taylor Ford Apt. 516, Kristinshire, OK 88479",85382,2023-12-02,83028,impact reach,3,880.32
15562,Deanna Greene,"10002 Taylor Ford Apt. 516, Kristinshire, OK 88479",7674,2024-06-01,29397,level visit,3,346.42
15562,Deanna Greene,"10002 Taylor Ford Apt. 516, Kristinshire, OK 88479",7674,2024-06-01,66986,stay away,2,171.66
15562,Deanna Greene,"10002 Taylor Ford Apt. 516, Kristinshire, OK 88479",88264,2024-08-06,84855,fund account,4,216.8
15562,Deanna Greene,"10002 Taylor Ford Apt. 516, Kristinshire, OK 88479",88264,2024-08-06,41230,church always,2,428.98
15562,Deanna Greene,"10002 Taylor Ford Apt. 516, Kristinshire, OK 88479",66672,2024-06-16,285,provide friend,1,162.6
35124,Renee Oneill,"659 Nelson Loop, Anthonyshire, CA 54126",37592,2024-03-17,91362,training force,3,640.29
35124,Renee Oneill,"659 Nelson Loop, Anthonyshire, CA 54126",98368,2024-08-03,14861,social ahead,2,118.94
35124,Renee Oneill,"659 Nelson Loop, Anthonyshire, CA 54126",37264,2023-12-06,74698,activity both,3,912.19
35124,Renee Oneill,"659 Nelson Loop, Anthonyshire, CA 54126",37264,2023-12-06,59794,economic power,1,146.78
35124,Renee Oneill,"659 Nelson Loop, Anthonyshire, CA 54126",37264,2023-12-06,93476,subject court,3,378.85
35124,Renee Oneill,"659 Nelson Loop, Anthonyshire, CA 54126",40133,2024-02-16,49358,west build,5,812.37
35124,Renee Oneill,"659 Nelson Loop, Anthonyshire, CA 54126",40133,2024-02-16,29397,level visit,5,346.42
35124,Renee Oneill,"659 Nelson Loop, Anthonyshire, CA 54126",14141,2024-05-09,65859,however group,3,565.77
35124,Renee Oneill,"659 Nelson Loop, Anthonyshire, CA 54126",14141,2024-05-09,27041,popular figure,3,483.9
35124,Renee Oneill,"659 Nelson Loop, Anthonyshire, CA 54126",14141,2024-05-09,12041,most easy,3,550.4
6684,Ronald Edwards,"4112 David Glen Suite 111, Garyside, IL 89456",73650,2024-05-04,83277,west western,3,882.67
6684,Ronald Edwards,"4112 David Glen Suite 111, Garyside, IL 89456",73650,2024-05-04,29397,level visit,3,346.42
6684,Ronald Edwards,"4112 David Glen Suite 111, Garyside, IL 89456",66690,2024-02-20,85138,same impact,1,638.88
6684,Ronald Edwards,"4112 David Glen Suite 111, Garyside, IL 89456",66690,2024-02-20,12041,most easy,4,550.4
6684,Ronald Edwards,"4112 David Glen Suite 111, Garyside, IL 89456",66690,2024-02-20,27975,make site,5,254.19
6684,Ronald Edwards,"4112 David Glen Suite 111, Garyside, IL 89456",76163,2024-09-06,13433,positive after,2,154.64
6684,Ronald Edwards,"4112 David Glen Suite 111, Garyside, IL 89456",76163,2024-09-06,37534,dark few,5,290.77
6684,Ronald Edwards,"4112 David Glen Suite 111, Garyside, IL 89456",76163,2024-09-06,91241,Republican police,2,442.29
18102,Mary Mcknight,"3027 Garcia Road, Amberstad, AR 87921",39165,2023-11-29,66984,car data,3,115.17
18102,Mary Mcknight,"3027 Garcia Road, Amberstad, AR 87921",39165,2023-11-29,74698,activity both,3,912.19
18102,Mary Mcknight,"3027 Garcia Road, Amberstad, AR 87921",88454,2023-11-04,70166,let candidate,5,337.72
18102,Mary Mcknight,"3027 Garcia Road, Amberstad, AR 87921",22486,2024-04-12,70552,blood sister,1,901.46
18102,Mary Mcknight,"3027 Garcia Road, Amberstad, AR 87921",22486,2024-04-12,44214,himself world,5,597.5
18102,Mary Mcknight,"3027 Garcia Road, Amberstad, AR 87921",22486,2024-04-12,62170,choice compare,1,506.51
45416,Deanna Johnson,"49611 Taylor Plains, Lake William, ND 21720",8083,2024-09-25,13073,table after,5,92.97
45416,Deanna Johnson,"49611 Taylor Plains, Lake William, ND 21720",39173,2024-04-26,5537,why day,3,432.56
45416,Deanna Johnson,"49611 Taylor Plains, Lake William, ND 21720",39173,2024-04-26,37534,dark few,5,290.77
45416,Deanna Johnson,"49611 Taylor Plains, Lake William, ND 21720",39173,2024-04-26,37001,draw beyond,4,478.75
45416,Deanna Johnson,"49611 Taylor Plains, Lake William, ND 21720",30765,2023-10-28,34209,new family,1,339.87
45416,Deanna Johnson,"49611 Taylor Plains, Lake William, ND 21720",30765,2023-10-28,52265,international watch,3,110.68
45416,Deanna Johnson,"49611 Taylor Plains, Lake William, ND 21720",27977,2024-07-11,88584,law within,2,851.28
45416,Deanna Johnson,"49611 Taylor Plains, Lake William, ND 21720",27977,2024-07-11,89010,state since,4,773.88
45416,Deanna Johnson,"49611 Taylor Plains, Lake William, ND 21720",88728,2023-12-06,1025,against return,4,307.44
45416,Deanna Johnson,"49611 Taylor Plains, Lake William, ND 21720",88728,2023-12-06,78574,pretty little,3,275.46
12017,Laura Ortiz,"04572 Garcia Estate, Diamondberg, OH 21780",93923,2024-03-05,3588,collection child,1,52.62
12017,Laura Ortiz,"04572 Garcia Estate, Diamondberg, OH 21780",93923,2024-03-05,64717,together system,3,136.24
12017,Laura Ortiz,"04572 Garcia Estate, Diamondberg, OH 21780",98091,2024-04-30,95733,south interview,3,259.25
12017,Laura Ortiz,"04572 Garcia Estate, Diamondberg, OH 21780",59988,2023-12-10,91472,different state,3,513.47
12017,Laura Ortiz,"04572 Garcia Estate, Diamondberg, OH 21780",59988,2023-12-10,4361,follow it,1,328.54
12017,Laura Ortiz,"04572 Garcia Estate, Diamondberg, OH 21780",59988,2023-12-10,91362,training force,2,640.29
12017,Laura Ortiz,"04572 Garcia Estate, Diamondberg, OH 21780",89172,2024-06-08,4080,reach physical,3,879.22
12017,Laura Ortiz,"04572 Garcia Estate, Diamondberg, OH 21780",89172,2024-06-08,98176,single similar,4,698.81
12017,Laura Ortiz,"04572 Garcia Estate, Diamondberg, OH 21780",89172,2024-06-08,67406,threat mission,4,181.57
2342,Mrs. Leslie Melendez PhD,"674 Lauren Centers Apt. 733, Port Bridget, FL 14169",41376,2024-04-18,57048,central finish,4,349.0
2342,Mrs. Leslie Melendez PhD,"674 Lauren Centers Apt. 733, Port Bridget, FL 14169",41376,2024-04-18,62070,firm it,4,709.83
2342,Mrs. Leslie Melendez PhD,"674 Lauren Centers Apt. 733, Port Bridget, FL 14169",38526,2024-02-17,5537,why day,5,432.56
2342,Mrs. Leslie Melendez PhD,"674 Lauren Centers Apt. 733, Port Bridget, FL 14169",45011,2024-09-29,49358,west build,2,812.37
2342,Mrs. Leslie Melendez PhD,"674 Lauren Centers Apt. 733, Port Bridget, FL 14169",45011,2024-09-29,52265,international watch,2,110.68
2342,Mrs. Leslie Melendez PhD,"674 Lauren Centers Apt. 733, Port Bridget, FL 14169",45011,2024-09-29,41230,church always,3,428.98
26122,David Gross,"4937 Cruz Unions Suite 547, Roberttown, MT 87981",38218,2024-06-28,70166,let candidate,1,337.72
26122,David Gross,"4937 Cruz Unions Suite 547, Roberttown, MT 87981",38218,2024-06-28,84927,team allow,4,332.14
26122,David Gross,"4937 Cruz Unions Suite 547, Roberttown, MT 87981",71012,2024-09-20,78574,pretty little,1,275.46
26122,David Gross,"4937 Cruz Unions Suite 547, Roberttown, MT 87981",71012,2024-09-20,41230,church always,3,428.98
26122,David Gross,"4937 Cruz Unions Suite 547, Roberttown, MT 87981",71012,2024-09-20,68778,rule deal,1,111.08
26122,David Gross,"4937 Cruz Unions Suite 547, Roberttown, MT 87981",92497,2023-12-31,78574,pretty little,3,275.46
26122,David Gross,"4937 Cruz Unions Suite 547, Roberttown, MT 87981",92497,2023-12-31,2235,senior work,1,871.17
26122,David Gross,"4937 Cruz Unions Suite 547, Roberttown, MT 87981",43205,2023-12-03,60205,probably character,2,828.78
26122,David Gross,"4937 Cruz Unions Suite 547, Roberttown, MT 87981",43205,2023-12-03,60947,front letter,5,793.46
26122,David Gross,"4937 Cruz Unions Suite 547, Roberttown, MT 87981",43205,2023-12-03,66984,car data,5,115.17
54967,Scott Newman,"198 Bauer Plains, Matthewston, MN 64495",71303,2023-12-31,12041,most easy,3,550.4
54967,Scott Newman,"198 Bauer Plains, Matthewston, MN 64495",71303,2023-12-31,9991,each edge,2,185.47
54967,Scott Newman,"198 Bauer Plains, Matthewston, MN 64495",71303,2023-12-31,46813,avoid loss,4,58.75
54967,Scott Newman,"198 Bauer Plains, Matthewston, MN 64495",89416,2023-10-28,88584,law within,2,851.28
54967,Scott Newman,"198 Bauer Plains, Matthewston, MN 64495",89416,2023-10-28,20230,maintain finish,1,37.39
54967,Scott Newman,"198 Bauer Plains, Matthewston, MN 64495",89416,2023-10-28,99677,game test,5,780.7
54967,Scott Newman,"198 Bauer Plains, Matthewston, MN 64495",93965,2024-05-15,65859,however group,5,565.77
54967,Scott Newman,"198 Bauer Plains, Matthewston, MN 64495",93965,2024-05-15,14861,social ahead,3,118.94
54967,Scott Newman,"198 Bauer Plains, Matthewston, MN 64495",73534,2023-12-22,35740,fly catch,3,408.16
54967,Scott Newman,"198 Bauer Plains, Matthewston, MN 64495",65826,2024-08-18,22733,seat your,5,790.71
34013,Donald Bauer,"USS Malone, FPO AP 33850",95431,2024-07-27,38257,few trade,5,712.15
34013,Donald Bauer,"USS Malone, FPO AP 33850",95431,2024-07-27,87329,worker organization,2,990.26
34013,Donald Bauer,"USS Malone, FPO AP 33850",95431,2024-07-27,98054,if top,4,973.01
34013,Donald Bauer,"USS Malone, FPO AP 33850",13082,2023-12-24,97994,remain discussion,1,534.48
34013,Donald Bauer,"USS Malone, FPO AP 33850",15959,2024-02-18,88584,law within,1,851.28
34013,Donald Bauer,"USS Malone, FPO AP 33850",15959,2024-02-18,27041,popular figure,4,483.9
34013,Donald Bauer,"USS Malone, FPO AP 33850",15959,2024-02-18,67406,threat mission,4,181.57
34013,Donald Bauer,"USS Malone, FPO AP 33850",2990,2024-10-20,3436,he pattern,3,504.18
34013,Donald Bauer,"USS Malone, FPO AP 33850",2990,2024-10-20,14861,social ahead,1,118.94
34013,Donald Bauer,"USS Malone, FPO AP 33850",2990,2024-10-20,87329,worker organization,3,990.26
60869,Deborah Paul,"731 Haley Valleys Apt. 209, East Jack, WI 79633",84175,2024-01-07,5537,why day,5,432.56
60869,Deborah Paul,"731 Haley Valleys Apt. 209, East Jack, WI 79633",84175,2024-01-07,30630,share particularly,2,646.96
60869,Deborah Paul,"731 Haley Valleys Apt. 209, East Jack, WI 79633",84175,2024-01-07,12041,most easy,4,550.4
60869,Deborah Paul,"731 Haley Valleys Apt. 209, East Jack, WI 79633",11375,2024-04-15,98176,single similar,4,698.81
93720,Angela Weaver,"330 Lisa Squares Apt. 568, North Jenniferborough, WI 93237",6479,2024-10-14,4459,admit measure,3,737.28
93720,Angela Weaver,"330 Lisa Squares Apt. 568, North Jenniferborough, WI 93237",6479,2024-10-14,66986,stay away,1,171.66
93720,Angela Weaver,"330 Lisa Squares Apt. 568, North Jenniferborough, WI 93237",6479,2024-10-14,59794,economic power,4,146.78
93720,Angela Weaver,"330 Lisa Squares Apt. 568, North Jenniferborough, WI 93237",25073,2024-03-27,95733,south interview,2,259.25
93720,Angela Weaver,"330 Lisa Squares Apt. 568, North Jenniferborough, WI 93237",25073,2024-03-27,91472,different state,3,513.47
65256,Emma Cooley,"1495 Maria Fort Suite 942, Port Arthurfurt, MD 08686",57692,2024-09-13,78574,pretty little,5,275.46
65256,Emma Cooley,"1495 Maria Fort Suite 942, Port Arthurfurt, MD 08686",57692,2024-09-13,85138,same impact,5,638.88
7236,Tina Lewis,"260 Ramirez Mission, Port Wendy, PA 72262",74779,2024-08-13,39680,wait phone,2,390.08
7236,Tina Lewis,"260 Ramirez Mission, Port Wendy, PA 72262",96064,2024-10-11,93476,subject court,5,378.85
7236,Tina Lewis,"260 Ramirez Mission, Port Wendy, PA 72262",96064,2024-10-11,74698,activity both,2,912.19
7236,Tina Lewis,"260 Ramirez Mission, Port Wendy, PA 72262",96064,2024-10-11,39707,record give,5,271.2
7236,Tina Lewis,"260 Ramirez Mission, Port Wendy, PA 72262",28161,2023-12-14,77235,low nor,5,31.54
7236,Tina Lewis,"260 Ramirez Mission, Port Wendy, PA 72262",28161,2023-12-14,83277,west western,1,882.67
7236,Tina Lewis,"260 Ramirez Mission, Port Wendy, PA 72262",28161,2023-12-14,60205,probably character,5,828.78
40074,Eric Hines,"3118 Michelle Dale Apt. 957, New Tammyhaven, TX 50031",14794,2024-03-12,30480,area world,3,919.25
40074,Eric Hines,"3118 Michelle Dale Apt. 957, New Tammyhaven, TX 50031",14794,2024-03-12,4361,follow it,1,328.54
40074,Eric Hines,"3118 Michelle Dale Apt. 957, New Tammyhaven, TX 50031",14794,2024-03-12,58821,yard identify,1,399.75
40074,Eric Hines,"3118 Michelle Dale Apt. 957, New Tammyhaven, TX 50031",17251,2024-05-26,44518,build society,3,303.04
40074,Eric Hines,"3118 Michelle Dale Apt. 957, New Tammyhaven, TX 50031",17251,2024-05-26,12041,most easy,5,550.4
40074,Eric Hines,"3118 Michelle Dale Apt. 957, New Tammyhaven, TX 50031",17251,2024-05-26,58821,yard identify,2,399.75
40074,Eric Hines,"3118 Michelle Dale Apt. 957, New Tammyhaven, TX 50031",79386,2024-07-30,13433,positive after,2,154.64
40074,Eric Hines,"3118 Michelle Dale Apt. 957, New Tammyhaven, TX 50031",79386,2024-07-30,29397,level visit,4,346.42
11240,Jose Bowen,"73436 Patel Walk, Mcneilbury, GU 33019",81216,2024-10-17,31238,church interest,3,54.88
11240,Jose Bowen,"73436 Patel Walk, Mcneilbury, GU 33019",96539,2024-06-08,27041,popular figure,2,483.9
31446,Jacqueline Gomez,"8621 Keller Islands Suite 632, Pricefurt, OH 02979",65468,2024-03-28,35577,tough no,2,41.98
31446,Jacqueline Gomez,"8621 Keller Islands Suite 632, Pricefurt, OH 02979",65468,2024-03-28,48648,some onto,3,35.31
64912,William Ward,"09623 Kenneth Road, East Michaelbury, DE 49740",98323,2024-09-25,73670,government leg,3,838.01
64912,William Ward,"09623 Kenneth Road, East Michaelbury, DE 49740",98323,2024-09-25,91472,different state,2,513.47
64912,William Ward,"09623 Kenneth Road, East Michaelbury, DE 49740",98323,2024-09-25,79139,administration success,4,378.98
64912,William Ward,"09623 Kenneth Road, East Michaelbury, DE 49740",93920,2024-08-26,77235,low nor,4,31.54
39185,John Wright,"785 Sierra Road, Danielfort, IN 18607",87124,2024-08-17,31737,pull idea,4,700.12
39185,John Wright,"785 Sierra Road, Danielfort, IN 18607",87124,2024-08-17,84855,fund account,3,216.8
39185,John Wright,"785 Sierra Road, Danielfort, IN 18607",5166,2023-10-25,46813,avoid loss,5,58.75
39185,John Wright,"785 Sierra Road, Danielfort, IN 18607",22438,2024-02-29,57048,central finish,2,349.0
39185,John Wright,"785 Sierra Road, Danielfort, IN 18607",22438,2024-02-29,13892,son how,2,889.57
39185,John Wright,"785 Sierra Road, Danielfort, IN 18607",22438,2024-02-29,22733,seat your,1,790.71
39185,John Wright,"785 Sierra Road, Danielfort, IN 18607",4557,2024-09-08,62070,firm it,3,709.83
39185,John Wright,"785 Sierra Road, Danielfort, IN 18607",4557,2024-09-08,88584,law within,3,851.28
39185,John Wright,"785 Sierra Road, Danielfort, IN 18607",62698,2024-03-14,62762,amount seat,2,379.34
77068,Kylie Sutton,"9184 Ruth Gateway, Port Kennethview, MS 28005",21638,2024-09-19,5537,why day,3,432.56
77068,Kylie Sutton,"9184 Ruth Gateway, Port Kennethview, MS 28005",21638,2024-09-19,73670,government leg,5,838.01
77068,Kylie Sutton,"9184 Ruth Gateway, Port Kennethview, MS 28005",21638,2024-09-19,64717,together system,4,136.24
77068,Kylie Sutton,"9184 Ruth Gateway, Port Kennethview, MS 28005",80552,2024-04-15,41078,break of,3,395.12
77068,Kylie Sutton,"9184 Ruth Gateway, Port Kennethview, MS 28005",80552,2024-04-15,37001,draw beyond,1,478.75
77068,Kylie Sutton,"9184 Ruth Gateway, Port Kennethview, MS 28005",80552,2024-04-15,53539,radio develop,4,458.26
77068,Kylie Sutton,"9184 Ruth Gateway, Port Kennethview, MS 28005",96586,2024-10-08,25025,mouth key,5,575.89
77068,Kylie Sutton,"9184 Ruth Gateway, Port Kennethview, MS 28005",79484,2024-06-10,39707,record give,5,271.2
77068,Kylie Sutton,"9184 Ruth Gateway, Port Kennethview, MS 28005",79484,2024-06-10,31238,church interest,2,54.88
77068,Kylie Sutton,"9184 Ruth Gateway, Port Kennethview, MS 28005",82065,2024-09-15,85138,same impact,1,638.88
13889,Tony Cook,"13288 Carrie Plains, Stevensonchester, MP 91709",54965,2024-01-29,91362,training force,2,640.29
13889,Tony Cook,"13288 Carrie Plains, Stevensonchester, MP 91709",54965,2024-01-29,57048,central finish,4,349.0
13889,Tony Cook,"13288 Carrie Plains, Stevensonchester, MP 91709",55497,2024-01-21,9868,reduce first,1,882.4
13889,Tony Cook,"13288 Carrie Plains, Stevensonchester, MP 91709",55497,2024-01-21,87329,worker organization,2,990.26
13889,Tony Cook,"13288 Carrie Plains, Stevensonchester, MP 91709",55497,2024-01-21,99467,entire clear,4,168.62
13889,Tony Cook,"13288 Carrie Plains, Stevensonchester, MP 91709",19858,2023-12-14,83277,west western,5,882.67
13889,Tony Cook,"13288 Carrie Plains, Stevensonchester, MP 91709",19858,2023-12-14,83028,impact reach,4,880.32
13889,Tony Cook,"13288 Carrie Plains, Stevensonchester, MP 91709",43308,2024-09-03,60205,probably character,4,828.78
13889,Tony Cook,"13288 Carrie Plains, Stevensonchester, MP 91709",43308,2024-09-03,14861,social ahead,4,118.94
13889,Tony Cook,"13288 Carrie Plains, Stevensonchester, MP 91709",43308,2024-09-03,2235,senior work,5,871.17
13889,Tony Cook,"13288 Carrie Plains, Stevensonchester, MP 91709",31213,2024-08-09,25217,case full,3,221.27
13889,Tony Cook,"13288 Carrie Plains, Stevensonchester, MP 91709",31213,2024-08-09,62070,firm it,5,709.83
13889,Tony Cook,"13288 Carrie Plains, Stevensonchester, MP 91709",31213,2024-08-09,9991,each edge,5,185.47
76082,Mariah Smith,"08970 Thomas Pike, Johnsonbury, AS 84143",1647,2023-12-27,10729,hotel degree,5,800.46
77051,Anthony Reese,"9347 Nicholas Mews Suite 427, North Ronaldborough, FL 31064",34594,2023-11-01,35577,tough no,4,41.98
77051,Anthony Reese,"9347 Nicholas Mews Suite 427, North Ronaldborough, FL 31064",34594,2023-11-01,2235,senior work,4,871.17
77051,Anthony Reese,"9347 Nicholas Mews Suite 427, North Ronaldborough, FL 31064",34594,2023-11-01,77235,low nor,4,31.54
77051,Anthony Reese,"9347 Nicholas Mews Suite 427, North Ronaldborough, FL 31064",37327,2024-01-13,29940,cause here,3,967.4
77051,Anthony Reese,"9347 Nicholas Mews Suite 427, North Ronaldborough, FL 31064",37327,2024-01-13,66986,stay away,2,171.66
77051,Anthony Reese,"9347 Nicholas Mews Suite 427, North Ronaldborough, FL 31064",15678,2024-03-09,98054,if top,4,973.01
77051,Anthony Reese,"9347 Nicholas Mews Suite 427, North Ronaldborough, FL 31064",15678,2024-03-09,52265,international watch,3,110.68
78775,Dr. Danielle Howell,"0751 Melissa Courts, East Jenniferside, MD 84276",72980,2024-09-28,9868,reduce first,4,882.4
78775,Dr. Danielle Howell,"0751 Melissa Courts, East Jenniferside, MD 84276",72980,2024-09-28,35618,now suddenly,5,725.87
78775,Dr. Danielle Howell,"0751 Melissa Courts, East Jenniferside, MD 84276",80135,2023-12-01,41230,church always,5,428.98
78775,Dr. Danielle Howell,"0751 Melissa Courts, East Jenniferside, MD 84276",80135,2023-12-01,37001,draw beyond,5,478.75
6699,Sean Carter,"94400 Jeffrey Junction Suite 978, Port Austin, DE 45233",44149,2024-01-18,57048,central finish,4,349.0
6699,Sean Carter,"94400 Jeffrey Junction Suite 978, Port Austin, DE 45233",44149,2024-01-18,79139,administration success,1,378.98
6699,Sean Carter,"94400 Jeffrey Junction Suite 978, Port Austin, DE 45233",40351,2024-02-11,30480,area world,1,919.25
6699,Sean Carter,"94400 Jeffrey Junction Suite 978, Port Austin, DE 45233",40351,2024-02-11,7628,call thought,2,671.06
6699,Sean Carter,"94400 Jeffrey Junction Suite 978, Port Austin, DE 45233",12157,2024-02-27,73670,government leg,3,838.01
6699,Sean Carter,"94400 Jeffrey Junction Suite 978, Port Austin, DE 45233",12157,2024-02-27,31737,pull idea,4,700.12
6699,Sean Carter,"94400 Jeffrey Junction Suite 978, Port Austin, DE 45233",48730,2024-08-07,285,provide friend,1,162.6
6699,Sean Carter,"94400 Jeffrey Junction Suite 978, Port Austin, DE 45233",48730,2024-08-07,37534,dark few,1,290.77
6699,Sean Carter,"94400 Jeffrey Junction Suite 978, Port Austin, DE 45233",48730,2024-08-07,3436,he pattern,3,504.18
6699,Sean Carter,"94400 Jeffrey Junction Suite 978, Port Austin, DE 45233",19582,2024-06-12,59794,economic power,3,146.78
6699,Sean Carter,"94400 Jeffrey Junction Suite 978, Port Austin, DE 45233",19582,2024-06-12,39707,record give,2,271.2
6699,Sean Carter,"94400 Jeffrey Junction Suite 978, Port Austin, DE 45233",19582,2024-06-12,89010,state since,1,773.88
79933,James Miranda,"4520 Wise Points, Brettshire, MO 51214",61758,2024-04-04,30630,share particularly,3,646.96
79933,James Miranda,"4520 Wise Points, Brettshire, MO 51214",61758,2024-04-04,27041,popular figure,5,483.9
79933,James Miranda,"4520 Wise Points, Brettshire, MO 51214",70496,2024-06-22,88584,law within,2,851.28
79933,James Miranda,"4520 Wise Points, Brettshire, MO 51214",20066,2024-10-06,64717,together system,4,136.24
79933,James Miranda,"4520 Wise Points, Brettshire, MO 51214",19285,2024-03-14,52265,international watch,1,110.68
76224,Jacob Roberts,"190 Laura Meadow Suite 101, South Jeromeburgh, NE 37208",1808,2023-10-23,13892,son how,5,889.57
76224,Jacob Roberts,"190 Laura Meadow Suite 101, South Jeromeburgh, NE 37208",1808,2023-10-23,92810,citizen dream,4,876.79
76224,Jacob Roberts,"190 Laura Meadow Suite 101, South Jeromeburgh, NE 37208",29416,2024-04-29,95733,south interview,3,259.25
76224,Jacob Roberts,"190 Laura Meadow Suite 101, South Jeromeburgh, NE 37208",29416,2024-04-29,10729,hotel degree,5,800.46
8747,Jorge Johnson,"925 Shannon Mill, Javierland, LA 81730",62656,2023-12-01,48648,some onto,4,35.31
8747,Jorge Johnson,"925 Shannon Mill, Javierland, LA 81730",62656,2023-12-01,39707,record give,1,271.2
8747,Jorge Johnson,"925 Shannon Mill, Javierland, LA 81730",62656,2023-12-01,4459,admit measure,5,737.28
8747,Jorge Johnson,"925 Shannon Mill, Javierland, LA 81730",30787,2024-01-06,35740,fly catch,1,408.16
8747,Jorge Johnson,"925 Shannon Mill, Javierland, LA 81730",30787,2024-01-06,9868,reduce first,4,882.4
8747,Jorge Johnson,"925 Shannon Mill, Javierland, LA 81730",30787,2024-01-06,70918,team clear,5,59.7
8747,Jorge Johnson,"925 Shannon Mill, Javierland, LA 81730",94178,2024-06-08,66223,specific serious,3,763.48
8747,Jorge Johnson,"925 Shannon Mill, Javierland, LA 81730",94178,2024-06-08,79139,administration success,5,378.98
